country,code,region,year,life_expectancy,gdp_per_capita,population
Afghanistan,AFG,Asia,2000,55.0,1618.0,20130334
Afghanistan,AFG,Asia,2001,55.51,1454.0,20284303
Afghanistan,AFG,Asia,2002,56.23,1774.0,21378123
Afghanistan,AFG,Asia,2003,57.17,1816.0,22733053
Afghanistan,AFG,Asia,2004,57.81,1777.0,23560656
Afghanistan,AFG,Asia,2005,58.25,1908.0,24404575
Afghanistan,AFG,Asia,2006,58.55,1930.0,25424100
Afghanistan,AFG,Asia,2007,58.96,2155.0,25909852
Afghanistan,AFG,Asia,2008,59.71,2192.0,26482631
Afghanistan,AFG,Asia,2009,60.25,2565.0,27466102
Afghanistan,AFG,Asia,2010,60.7,2849.0,28284088
Afghanistan,AFG,Asia,2011,61.25,2757.0,29347708
Afghanistan,AFG,Asia,2012,61.73,2985.0,30560036
Afghanistan,AFG,Asia,2013,62.19,3047.0,31622709
Afghanistan,AFG,Asia,2014,62.26,3018.0,32792528
Afghanistan,AFG,Asia,2015,62.27,2968.0,33831767
Afghanistan,AFG,Asia,2016,62.65,2959.0,34700613
Afghanistan,AFG,Asia,2017,62.41,2953.0,35688941
Afghanistan,AFG,Asia,2018,62.44,2902.0,36743040
Afghanistan,AFG,Asia,2019,62.94,2927.0,37856125
Afghanistan,AFG,Asia,2020,61.45,2770.0,39068977
Afghanistan,AFG,Asia,2021,60.42,2144.0,40000410
Afghanistan,AFG,Asia,2022,65.62,1982.0,40578847
Albania,ALB,Europe,2000,74.83,6582.0,3166147
Albania,ALB,Europe,2001,75.08,7233.0,3147943
Albania,ALB,Europe,2002,75.3,7590.0,3134095
Albania,ALB,Europe,2003,75.56,8025.0,3118093
Albania,ALB,Europe,2004,75.95,8483.0,3098662
Albania,ALB,Europe,2005,76.43,8964.0,3076156
Albania,ALB,Europe,2006,76.99,9564.0,3050805
Albania,ALB,Europe,2007,77.69,10263.0,3022887
Albania,ALB,Europe,2008,78.25,11056.0,2992933
Albania,ALB,Europe,2009,78.51,11431.0,2961487
Albania,ALB,Europe,2010,78.41,11829.0,2928731
Albania,ALB,Europe,2011,78.3,12153.0,2911499
Albania,ALB,Europe,2012,78.08,12464.0,2910003
Albania,ALB,Europe,2013,78.0,12873.0,2907571
Albania,ALB,Europe,2014,78.03,13367.0,2903748
Albania,ALB,Europe,2015,78.36,13877.0,2898634
Albania,ALB,Europe,2016,78.64,14643.0,2897868
Albania,ALB,Europe,2017,78.9,15359.0,2898245
Albania,ALB,Europe,2018,79.24,16171.0,2894229
Albania,ALB,Europe,2019,79.47,16761.0,2885011
Albania,ALB,Europe,2020,77.82,16458.0,2871950
Albania,ALB,Europe,2021,76.84,18213.0,2849641
Albania,ALB,Europe,2022,78.77,19389.0,2827614
Algeria,DZA,Africa,2000,70.58,11558.0,30903894
Algeria,DZA,Africa,2001,71.02,11743.0,31331226
Algeria,DZA,Africa,2002,71.64,12213.0,31750832
Algeria,DZA,Africa,2003,71.91,12835.0,32175813
Algeria,DZA,Africa,2004,72.54,13227.0,32628286
Algeria,DZA,Africa,2005,72.84,13738.0,33109258
Algeria,DZA,Africa,2006,73.12,13921.0,33623505
Algeria,DZA,Africa,2007,73.35,14115.0,34189420
Algeria,DZA,Africa,2008,73.62,14207.0,34816963
Algeria,DZA,Africa,2009,73.87,14104.0,35490442
Algeria,DZA,Africa,2010,74.14,14496.0,36188237
Algeria,DZA,Africa,2011,74.38,14642.0,36903374
Algeria,DZA,Africa,2012,74.61,14698.0,37646165
Algeria,DZA,Africa,2013,74.81,14778.0,38414176
Algeria,DZA,Africa,2014,74.99,15074.0,39205035
Algeria,DZA,Africa,2015,75.16,15240.0,40019528
Algeria,DZA,Africa,2016,75.31,15512.0,40850719
Algeria,DZA,Africa,2017,75.43,15428.0,41689302
Algeria,DZA,Africa,2018,75.56,15343.0,42505033
Algeria,DZA,Africa,2019,75.68,15199.0,43294551
Algeria,DZA,Africa,2020,73.26,14194.0,44042094
Algeria,DZA,Africa,2021,75.21,14497.0,44761099
Algeria,DZA,Africa,2022,76.13,14782.0,45477391
American Samoa,ASM,Oceania,2000,71.44,,56877
American Samoa,ASM,Oceania,2001,71.57,,57072
American Samoa,ASM,Oceania,2002,71.75,,57081
American Samoa,ASM,Oceania,2003,71.7,,56988
American Samoa,ASM,Oceania,2004,72.28,,56841
American Samoa,ASM,Oceania,2005,72.38,,56638
American Samoa,ASM,Oceania,2006,72.4,,56391
American Samoa,ASM,Oceania,2007,72.36,,56134
American Samoa,ASM,Oceania,2008,72.43,,55848
American Samoa,ASM,Oceania,2009,70.84,,55542
American Samoa,ASM,Oceania,2010,72.59,,55246
American Samoa,ASM,Oceania,2011,72.66,,54917
American Samoa,ASM,Oceania,2012,72.71,,54506
American Samoa,ASM,Oceania,2013,72.77,,54026
American Samoa,ASM,Oceania,2014,72.69,,53489
American Samoa,ASM,Oceania,2015,72.65,,52896
American Samoa,ASM,Oceania,2016,72.64,,52260
American Samoa,ASM,Oceania,2017,72.8,,51605
American Samoa,ASM,Oceania,2018,72.79,,50927
American Samoa,ASM,Oceania,2019,72.75,,50230
American Samoa,ASM,Oceania,2020,72.67,,49779
American Samoa,ASM,Oceania,2021,72.71,,49249
American Samoa,ASM,Oceania,2022,72.75,,48365
Andorra,AND,Europe,2000,81.86,54809.0,65703
Andorra,AND,Europe,2001,82.16,59109.0,65874
Andorra,AND,Europe,2002,82.45,61189.0,66528
Andorra,AND,Europe,2003,82.72,63656.0,69507
Andorra,AND,Europe,2004,82.82,64353.0,74342
Andorra,AND,Europe,2005,83.09,65115.0,77436
Andorra,AND,Europe,2006,83.37,66390.0,79609
Andorra,AND,Europe,2007,83.63,65534.0,81901
Andorra,AND,Europe,2008,83.85,60692.0,83513
Andorra,AND,Europe,2009,84.1,57204.0,83907
Andorra,AND,Europe,2010,84.2,58285.0,80727
Andorra,AND,Europe,2011,84.3,60470.0,77801
Andorra,AND,Europe,2012,84.33,58172.0,76858
Andorra,AND,Europe,2013,84.41,57332.0,75220
Andorra,AND,Europe,2014,84.49,59929.0,73755
Andorra,AND,Europe,2015,84.53,62105.0,72195
Andorra,AND,Europe,2016,84.49,64403.0,72197
Andorra,AND,Europe,2017,84.36,63240.0,73780
Andorra,AND,Europe,2018,84.24,63049.0,75181
Andorra,AND,Europe,2019,84.1,63216.0,76492
Andorra,AND,Europe,2020,79.42,55488.0,77397
Andorra,AND,Europe,2021,82.33,59332.0,78379
Andorra,AND,Europe,2022,84.02,63913.0,79722
Angola,AGO,Africa,2000,46.5,6795.0,16194873
Angola,AGO,Africa,2001,47.03,6847.0,16747204
Angola,AGO,Africa,2002,47.87,7522.0,17327701
Angola,AGO,Africa,2003,50.22,7517.0,17943718
Angola,AGO,Africa,2004,51.12,8080.0,18600426
Angola,AGO,Africa,2005,52.13,8893.0,19291160
Angola,AGO,Africa,2006,52.96,9586.0,20015281
Angola,AGO,Africa,2007,54.2,10435.0,20778570
Angola,AGO,Africa,2008,55.28,11132.0,21578656
Angola,AGO,Africa,2009,56.23,10930.0,22414775
Angola,AGO,Africa,2010,57.24,11074.0,23294822
Angola,AGO,Africa,2011,58.09,11035.0,24218358
Angola,AGO,Africa,2012,58.92,11517.0,25177398
Angola,AGO,Africa,2013,59.7,11623.0,26165616
Angola,AGO,Africa,2014,60.4,11718.0,27160767
Angola,AGO,Africa,2015,61.04,11390.0,28157802
Angola,AGO,Africa,2016,61.62,10964.0,29183072
Angola,AGO,Africa,2017,62.12,10565.0,30234836
Angola,AGO,Africa,2018,62.62,10155.0,31297160
Angola,AGO,Africa,2019,63.05,9713.0,32375633
Angola,AGO,Africa,2020,63.12,8905.0,33451139
Angola,AGO,Africa,2021,62.96,8720.0,34532427
Angola,AGO,Africa,2022,64.25,8751.0,35635028
Anguilla,AIA,North America,2000,75.15,,11196
Anguilla,AIA,North America,2001,75.4,,11497
Anguilla,AIA,North America,2002,75.66,,11714
Anguilla,AIA,North America,2003,75.89,,11903
Anguilla,AIA,North America,2004,76.14,,12092
Anguilla,AIA,North America,2005,76.34,,12290
Anguilla,AIA,North America,2006,76.57,,12493
Anguilla,AIA,North America,2007,76.75,,12697
Anguilla,AIA,North America,2008,76.9,,12911
Anguilla,AIA,North America,2009,77.04,,13138
Anguilla,AIA,North America,2010,77.21,,13372
Anguilla,AIA,North America,2011,77.3,,13593
Anguilla,AIA,North America,2012,77.41,,13401
Anguilla,AIA,North America,2013,77.62,,13272
Anguilla,AIA,North America,2014,77.7,,13748
Anguilla,AIA,North America,2015,77.74,,14235
Anguilla,AIA,North America,2016,77.88,,14344
Anguilla,AIA,North America,2017,77.17,,14450
Anguilla,AIA,North America,2018,78.24,,14747
Anguilla,AIA,North America,2019,78.43,,14845
Anguilla,AIA,North America,2020,78.66,,14864
Anguilla,AIA,North America,2021,78.41,,14503
Anguilla,AIA,North America,2022,79.12,,14202
Antigua and Barbuda,ATG,North America,2000,74.82,25548.0,74929
Antigua and Barbuda,ATG,North America,2001,75.11,24015.0,76082
Antigua and Barbuda,ATG,North America,2002,75.24,23958.0,77049
Antigua and Barbuda,ATG,North America,2003,75.31,25136.0,77896
Antigua and Barbuda,ATG,North America,2004,75.33,26304.0,78734
Antigua and Barbuda,ATG,North America,2005,75.36,27693.0,79628
Antigua and Barbuda,ATG,North America,2006,75.51,30827.0,80619
Antigua and Barbuda,ATG,North America,2007,75.72,33245.0,81716
Antigua and Barbuda,ATG,North America,2008,76.08,32756.0,82926
Antigua and Barbuda,ATG,North America,2009,76.39,28406.0,84193
Antigua and Barbuda,ATG,North America,2010,76.7,25827.0,85337
Antigua and Barbuda,ATG,North America,2011,77.02,25024.0,86350
Antigua and Barbuda,ATG,North America,2012,77.1,25593.0,87275
Antigua and Barbuda,ATG,North America,2013,77.05,25207.0,88074
Antigua and Barbuda,ATG,North America,2014,76.91,25558.0,88784
Antigua and Barbuda,ATG,North America,2015,76.89,25734.0,89421
Antigua and Barbuda,ATG,North America,2016,76.97,26628.0,89980
Antigua and Barbuda,ATG,North America,2017,77.03,27199.0,90483
Antigua and Barbuda,ATG,North America,2018,77.13,28879.0,90942
Antigua and Barbuda,ATG,North America,2019,77.17,29652.0,91377
Antigua and Barbuda,ATG,North America,2020,77.16,23931.0,91864
Antigua and Barbuda,ATG,North America,2021,77.2,25745.0,92358
Antigua and Barbuda,ATG,North America,2022,77.48,27786.0,92850
Argentina,ARG,South America,2000,73.91,22281.0,37213986
Argentina,ARG,South America,2001,74.15,21066.0,37624817
Argentina,ARG,South America,2002,74.31,18572.0,38029345
Argentina,ARG,South America,2003,74.31,20005.0,38424283
Argentina,ARG,South America,2004,74.87,21591.0,38815915
Argentina,ARG,South America,2005,75.23,23262.0,39216786
Argentina,ARG,South America,2006,75.28,24877.0,39622113
Argentina,ARG,South America,2007,74.78,26851.0,40016767
Argentina,ARG,South America,2008,75.43,27658.0,40424151
Argentina,ARG,South America,2009,75.58,25747.0,40854832
Argentina,ARG,South America,2010,75.68,28056.0,41288694
Argentina,ARG,South America,2011,76.1,29426.0,41730655
Argentina,ARG,South America,2012,75.8,28826.0,42161718
Argentina,ARG,South America,2013,75.83,29228.0,42582453
Argentina,ARG,South America,2014,76.27,28201.0,43024071
Argentina,ARG,South America,2015,76.6,28669.0,43477011
Argentina,ARG,South America,2016,76.1,27802.0,43900312
Argentina,ARG,South America,2017,76.54,28335.0,44288898
Argentina,ARG,South America,2018,76.77,27367.0,44654876
Argentina,ARG,South America,2019,76.85,26630.0,44973469
Argentina,ARG,South America,2020,75.88,23877.0,45191960
Argentina,ARG,South America,2021,73.95,26300.0,45312282
Argentina,ARG,South America,2022,75.81,27825.0,45407904
Armenia,ARM,Asia,2000,70.81,4589.0,3125630
Armenia,ARM,Asia,2001,71.17,5044.0,3084350
Armenia,ARM,Asia,2002,71.49,5731.0,3055636
Armenia,ARM,Asia,2003,71.73,6569.0,3038976
Armenia,ARM,Asia,2004,71.93,7299.0,3022544
Armenia,ARM,Asia,2005,72.08,8363.0,3006360
Armenia,ARM,Asia,2006,72.22,9525.0,2990371
Armenia,ARM,Asia,2007,72.36,10899.0,2974825
Armenia,ARM,Asia,2008,72.52,11727.0,2959996
Armenia,ARM,Asia,2009,72.71,10143.0,2945518
Armenia,ARM,Asia,2010,72.94,10439.0,2931083
Armenia,ARM,Asia,2011,73.19,10990.0,2923269
Armenia,ARM,Asia,2012,73.44,11796.0,2922529
Armenia,ARM,Asia,2013,73.71,12194.0,2922526
Armenia,ARM,Asia,2014,73.98,12667.0,2922433
Armenia,ARM,Asia,2015,74.23,13113.0,2921179
Armenia,ARM,Asia,2016,74.49,13193.0,2918796
Armenia,ARM,Asia,2017,74.74,14244.0,2914966
Armenia,ARM,Asia,2018,74.98,15037.0,2909971
Armenia,ARM,Asia,2019,75.19,16215.0,2903975
Armenia,ARM,Asia,2020,68.89,15053.0,2890893
Armenia,ARM,Asia,2021,72.55,15922.0,2870339
Armenia,ARM,Asia,2022,74.63,17886.0,2880880
Aruba,ABW,North America,2000,72.94,37619.0,88772
Aruba,ABW,North America,2001,73.04,38827.0,90320
Aruba,ABW,North America,2002,73.14,38195.0,91393
Aruba,ABW,North America,2003,73.24,38182.0,92324
Aruba,ABW,North America,2004,73.22,40102.0,93223
Aruba,ABW,North America,2005,73.42,38926.0,94239
Aruba,ABW,North America,2006,73.5,38664.0,95403
Aruba,ABW,North America,2007,73.64,39562.0,96604
Aruba,ABW,North America,2008,73.78,39983.0,97815
Aruba,ABW,North America,2009,73.97,35075.0,99040
Aruba,ABW,North America,2010,74.3,34038.0,100127
Aruba,ABW,North America,2011,74.58,34926.0,100995
Aruba,ABW,North America,2012,74.84,34058.0,101774
Aruba,ABW,North America,2013,75.07,35712.0,102570
Aruba,ABW,North America,2014,75.26,35837.0,103381
Aruba,ABW,North America,2015,75.41,36753.0,104200
Aruba,ABW,North America,2016,75.54,36926.0,104989
Aruba,ABW,North America,2017,75.62,38213.0,105737
Aruba,ABW,North America,2018,75.88,39378.0,106447
Aruba,ABW,North America,2019,76.02,39755.0,107089
Aruba,ABW,North America,2020,75.41,30409.0,107411
Aruba,ABW,North America,2021,73.66,35207.0,107565
Aruba,ABW,North America,2022,76.23,39083.0,107792
Australia,AUS,Oceania,2000,79.62,45099.0,19132472
Australia,AUS,Oceania,2001,80.01,45428.0,19365438
Australia,AUS,Oceania,2002,80.05,46688.0,19595356
Australia,AUS,Oceania,2003,80.44,47581.0,19819449
Australia,AUS,Oceania,2004,80.73,49061.0,20046679
Australia,AUS,Oceania,2005,81.09,49997.0,20294490
Australia,AUS,Oceania,2006,81.26,50694.0,20590566
Australia,AUS,Oceania,2007,81.23,51663.0,20954545
Australia,AUS,Oceania,2008,81.43,52473.0,21370595
Australia,AUS,Oceania,2009,81.73,52408.0,21783014
Australia,AUS,Oceania,2010,82.01,52739.0,22141583
Australia,AUS,Oceania,2011,82.09,53257.0,22479779
Australia,AUS,Oceania,2012,82.3,54404.0,22852648
Australia,AUS,Oceania,2013,82.55,54895.0,23236271
Australia,AUS,Oceania,2014,82.52,55489.0,23595599
Australia,AUS,Oceania,2015,82.6,55880.0,23947997
Australia,AUS,Oceania,2016,82.8,56530.0,24329963
Australia,AUS,Oceania,2017,82.72,56882.0,24731044
Australia,AUS,Oceania,2018,83.26,57648.0,25119700
Australia,AUS,Oceania,2019,83.24,58049.0,25482714
Australia,AUS,Oceania,2020,83.66,57260.0,25743787
Australia,AUS,Oceania,2021,83.56,58327.0,25956417
Australia,AUS,Oceania,2022,82.77,60029.0,26200987
Austria,AUT,Europe,2000,78.24,53534.0,8012929
Austria,AUT,Europe,2001,78.72,54032.0,8042233
Austria,AUT,Europe,2002,78.85,54565.0,8081640
Austria,AUT,Europe,2003,78.85,54920.0,8122604
Austria,AUT,Europe,2004,79.36,55980.0,8173496
Austria,AUT,Europe,2005,79.52,56890.0,8229204
Austria,AUT,Europe,2006,79.96,58460.0,8269901
Austria,AUT,Europe,2007,80.17,60471.0,8296948
Austria,AUT,Europe,2008,80.36,61158.0,8323250
Austria,AUT,Europe,2009,80.21,58810.0,8345073
Austria,AUT,Europe,2010,80.46,59730.0,8365087
Austria,AUT,Europe,2011,80.83,61272.0,8393272
Austria,AUT,Europe,2012,80.84,61377.0,8431599
Austria,AUT,Europe,2013,81.08,60863.0,8481411
Austria,AUT,Europe,2014,81.39,60846.0,8547812
Austria,AUT,Europe,2015,81.16,60952.0,8644037
Austria,AUT,Europe,2016,81.59,61573.0,8737920
Austria,AUT,Europe,2017,81.64,62536.0,8798779
Austria,AUT,Europe,2018,81.69,63778.0,8841653
Austria,AUT,Europe,2019,81.91,64609.0,8880876
Austria,AUT,Europe,2020,81.8,60276.0,8921402
Austria,AUT,Europe,2021,81.82,62969.0,8967053
Austria,AUT,Europe,2022,81.3,65694.0,9064678
Azerbaijan,AZE,Asia,2000,65.38,5657.0,8174784
Azerbaijan,AZE,Asia,2001,66.04,6169.0,8251776
Azerbaijan,AZE,Asia,2002,66.77,6701.0,8326141
Azerbaijan,AZE,Asia,2003,67.04,7329.0,8400528
Azerbaijan,AZE,Asia,2004,67.49,7938.0,8489874
Azerbaijan,AZE,Asia,2005,67.71,10054.0,8597248
Azerbaijan,AZE,Asia,2006,68.49,13372.0,8711380
Azerbaijan,AZE,Asia,2007,68.66,16587.0,8828313
Azerbaijan,AZE,Asia,2008,69.36,17963.0,8942637
Azerbaijan,AZE,Asia,2009,69.87,19242.0,9046336
Azerbaijan,AZE,Asia,2010,70.31,19925.0,9146852
Azerbaijan,AZE,Asia,2011,70.57,19358.0,9256156
Azerbaijan,AZE,Asia,2012,71.08,19523.0,9376179
Azerbaijan,AZE,Asia,2013,71.48,20399.0,9504417
Azerbaijan,AZE,Asia,2014,71.93,20709.0,9631136
Azerbaijan,AZE,Asia,2015,72.35,20679.0,9752859
Azerbaijan,AZE,Asia,2016,72.57,19822.0,9868434
Azerbaijan,AZE,Asia,2017,72.69,19659.0,9968510
Azerbaijan,AZE,Asia,2018,73.02,19782.0,10039782
Azerbaijan,AZE,Asia,2019,73.29,20101.0,10110483
Azerbaijan,AZE,Asia,2020,70.31,19126.0,10181736
Azerbaijan,AZE,Asia,2021,71.0,20111.0,10234372
Azerbaijan,AZE,Asia,2022,74.12,21051.0,10295307
Bahamas,BHS,North America,2000,72.48,34597.0,323846
Bahamas,BHS,North America,2001,72.77,35072.0,327847
Bahamas,BHS,North America,2002,73.02,35611.0,331625
Bahamas,BHS,North America,2003,73.21,34741.0,335625
Bahamas,BHS,North America,2004,73.24,34618.0,339794
Bahamas,BHS,North America,2005,73.41,35365.0,343905
Bahamas,BHS,North America,2006,73.46,35789.0,348386
Bahamas,BHS,North America,2007,73.46,35797.0,353343
Bahamas,BHS,North America,2008,73.45,34498.0,358133
Bahamas,BHS,North America,2009,73.46,32630.0,362806
Bahamas,BHS,North America,2010,73.45,32711.0,367482
Bahamas,BHS,North America,2011,73.57,32536.0,371738
Bahamas,BHS,North America,2012,73.71,33668.0,375474
Bahamas,BHS,North America,2013,73.93,32403.0,378957
Bahamas,BHS,North America,2014,74.03,32713.0,382312
Bahamas,BHS,North America,2015,73.8,32778.0,385355
Bahamas,BHS,North America,2016,74.04,32172.0,388060
Bahamas,BHS,North America,2017,74.03,33050.0,390496
Bahamas,BHS,North America,2018,74.06,33650.0,392718
Bahamas,BHS,North America,2019,71.41,33202.0,394684
Bahamas,BHS,North America,2020,72.99,26453.0,395874
Bahamas,BHS,North America,2021,70.75,31065.0,396381
Bahamas,BHS,North America,2022,74.49,34343.0,397542
Bahrain,BHR,Asia,2000,74.67,57969.0,669589
Bahrain,BHR,Asia,2001,74.94,57281.0,699964
Bahrain,BHR,Asia,2002,75.21,55097.0,752205
Bahrain,BHR,Asia,2003,75.49,54432.0,811276
Bahrain,BHR,Asia,2004,75.79,54045.0,871446
Bahrain,BHR,Asia,2005,76.12,53478.0,932618
Bahrain,BHR,Asia,2006,76.51,52692.0,994626
Bahrain,BHR,Asia,2007,76.95,52732.0,1057419
Bahrain,BHR,Asia,2008,77.46,52765.0,1120718
Bahrain,BHR,Asia,2009,78.02,50666.0,1183616
Bahrain,BHR,Asia,2010,78.59,50705.0,1213248
Bahrain,BHR,Asia,2011,79.14,53132.0,1206733
Bahrain,BHR,Asia,2012,79.62,54517.0,1216307
Bahrain,BHR,Asia,2013,80.0,55376.0,1257206
Bahrain,BHR,Asia,2014,80.21,55066.0,1312857
Bahrain,BHR,Asia,2015,80.34,54150.0,1369656
Bahrain,BHR,Asia,2016,80.41,54107.0,1429609
Bahrain,BHR,Asia,2017,80.41,53860.0,1482003
Bahrain,BHR,Asia,2018,80.41,54893.0,1497634
Bahrain,BHR,Asia,2019,80.47,56750.0,1485675
Bahrain,BHR,Asia,2020,78.68,53814.0,1483081
Bahrain,BHR,Asia,2021,78.08,54955.0,1501762
Bahrain,BHR,Asia,2022,80.99,57573.0,1533460
Bangladesh,BGD,Asia,2000,62.05,2713.0,134544303
Bangladesh,BGD,Asia,2001,62.84,2804.0,136805810
Bangladesh,BGD,Asia,2002,63.59,2866.0,138933659
Bangladesh,BGD,Asia,2003,64.29,2959.0,140970355
Bangladesh,BGD,Asia,2004,64.91,3072.0,142902857
Bangladesh,BGD,Asia,2005,65.51,3232.0,144715789
Bangladesh,BGD,Asia,2006,66.05,3407.0,146405983
Bangladesh,BGD,Asia,2007,66.46,3609.0,147989282
Bangladesh,BGD,Asia,2008,67.05,3788.0,149474264
Bangladesh,BGD,Asia,2009,67.53,3942.0,150873716
Bangladesh,BGD,Asia,2010,68.01,4125.0,152201978
Bangladesh,BGD,Asia,2011,68.5,4352.0,153591074
Bangladesh,BGD,Asia,2012,68.99,4592.0,155070110
Bangladesh,BGD,Asia,2013,69.49,4823.0,156532134
Bangladesh,BGD,Asia,2014,70.02,5069.0,157964931
Bangladesh,BGD,Asia,2015,70.54,5353.0,159383179
Bangladesh,BGD,Asia,2016,71.08,5683.0,160811934
Bangladesh,BGD,Asia,2017,71.61,6006.0,162186146
Bangladesh,BGD,Asia,2018,72.12,6393.0,163523109
Bangladesh,BGD,Asia,2019,72.63,6838.0,164913060
Bangladesh,BGD,Asia,2020,71.42,7015.0,166298024
Bangladesh,BGD,Asia,2021,71.1,7441.0,167658855
Bangladesh,BGD,Asia,2022,74.26,7888.0,169384891
Barbados,BRB,North America,2000,74.58,21316.0,262071
Barbados,BRB,North America,2001,74.71,20783.0,262429
Barbados,BRB,North America,2002,74.82,20810.0,264155
Barbados,BRB,North America,2003,74.87,21132.0,265789
Barbados,BRB,North America,2004,75.15,21309.0,267297
Barbados,BRB,North America,2005,74.96,22035.0,268717
Barbados,BRB,North America,2006,75.05,23261.0,270011
Barbados,BRB,North America,2007,75.26,23632.0,271298
Barbados,BRB,North America,2008,75.3,23657.0,272719
Barbados,BRB,North America,2009,75.46,22355.0,274137
Barbados,BRB,North America,2010,75.49,20465.0,275251
Barbados,BRB,North America,2011,75.6,20383.0,276150
Barbados,BRB,North America,2012,75.74,19744.0,276949
Barbados,BRB,North America,2013,75.82,19730.0,277669
Barbados,BRB,North America,2014,75.93,19841.0,278355
Barbados,BRB,North America,2015,76.05,19642.0,278999
Barbados,BRB,North America,2016,76.17,19877.0,279604
Barbados,BRB,North America,2017,76.24,19966.0,280177
Barbados,BRB,North America,2018,76.38,19878.0,280719
Barbados,BRB,North America,2019,76.5,19890.0,281216
Barbados,BRB,North America,2020,76.65,16400.0,281706
Barbados,BRB,North America,2021,76.58,17687.0,282157
Barbados,BRB,North America,2022,75.68,20495.0,282324
Belarus,BLR,Europe,2000,68.46,11182.0,9991310
Belarus,BLR,Europe,2001,68.44,11771.0,9938068
Belarus,BLR,Europe,2002,68.3,12444.0,9873451
Belarus,BLR,Europe,2003,68.43,13414.0,9803175
Belarus,BLR,Europe,2004,68.69,15052.0,9735089
Belarus,BLR,Europe,2005,68.98,16580.0,9667833
Belarus,BLR,Europe,2006,69.44,18350.0,9608041
Belarus,BLR,Europe,2007,69.99,20020.0,9563135
Belarus,BLR,Europe,2008,70.35,22138.0,9529357
Belarus,BLR,Europe,2009,70.41,22237.0,9507334
Belarus,BLR,Europe,2010,70.5,24013.0,9490752
Belarus,BLR,Europe,2011,71.07,25405.0,9472738
Belarus,BLR,Europe,2012,71.8,25879.0,9463075
Belarus,BLR,Europe,2013,72.68,26148.0,9464454
Belarus,BLR,Europe,2014,73.24,26564.0,9472704
Belarus,BLR,Europe,2015,73.76,25513.0,9487289
Belarus,BLR,Europe,2016,74.15,24847.0,9499066
Belarus,BLR,Europe,2017,74.36,25504.0,9495793
Belarus,BLR,Europe,2018,74.33,26363.0,9480031
Belarus,BLR,Europe,2019,74.26,26799.0,9435415
Belarus,BLR,Europe,2020,72.27,26731.0,9350943
Belarus,BLR,Europe,2021,72.22,27611.0,9251368
Belarus,BLR,Europe,2022,74.36,26538.0,9173240
Belgium,BEL,Europe,2000,77.77,50456.0,10251719
Belgium,BEL,Europe,2001,78.08,50835.0,10287005
Belgium,BEL,Europe,2002,78.17,51472.0,10332975
Belgium,BEL,Europe,2003,78.32,51789.0,10376262
Belgium,BEL,Europe,2004,78.96,53407.0,10421298
Belgium,BEL,Europe,2005,79.05,54347.0,10478883
Belgium,BEL,Europe,2006,79.39,55368.0,10548445
Belgium,BEL,Europe,2007,79.53,56983.0,10625488
Belgium,BEL,Europe,2008,79.58,56788.0,10709711
Belgium,BEL,Europe,2009,79.85,55259.0,10812936
Belgium,BEL,Europe,2010,80.04,56240.0,10936619
Belgium,BEL,Europe,2011,80.37,56585.0,11038624
Belgium,BEL,Europe,2012,80.26,56357.0,11107522
Belgium,BEL,Europe,2013,80.47,56263.0,11160277
Belgium,BEL,Europe,2014,81.08,57003.0,11210113
Belgium,BEL,Europe,2015,80.89,57509.0,11275332
Belgium,BEL,Europe,2016,81.26,57901.0,11332707
Belgium,BEL,Europe,2017,81.36,58529.0,11376583
Belgium,BEL,Europe,2018,81.48,59358.0,11428608
Belgium,BEL,Europe,2019,81.84,60480.0,11490623
Belgium,BEL,Europe,2020,80.8,57334.0,11540102
Belgium,BEL,Europe,2021,81.66,60669.0,11570843
Belgium,BEL,Europe,2022,81.16,62603.0,11641814
Belize,BLZ,North America,2000,68.91,11364.0,240809
Belize,BLZ,North America,2001,68.94,11567.0,248393
Belize,BLZ,North America,2002,69.53,11828.0,256019
Belize,BLZ,North America,2003,69.82,12589.0,263794
Belize,BLZ,North America,2004,70.15,12807.0,271695
Belize,BLZ,North America,2005,70.33,12715.0,279747
Belize,BLZ,North America,2006,70.54,12913.0,287889
Belize,BLZ,North America,2007,70.65,12973.0,296117
Belize,BLZ,North America,2008,70.67,12416.0,304373
Belize,BLZ,North America,2009,70.81,12034.0,312619
Belize,BLZ,North America,2010,70.88,11914.0,320256
Belize,BLZ,North America,2011,70.98,11642.0,327306
Belize,BLZ,North America,2012,71.13,11843.0,334421
Belize,BLZ,North America,2013,71.28,12065.0,341635
Belize,BLZ,North America,2014,71.44,12272.0,348934
Belize,BLZ,North America,2015,71.65,12349.0,356341
Belize,BLZ,North America,2016,71.84,12063.0,364717
Belize,BLZ,North America,2017,72.06,11572.0,373215
Belize,BLZ,North America,2018,72.32,11452.0,380232
Belize,BLZ,North America,2019,72.58,11766.0,385833
Belize,BLZ,North America,2020,71.58,10045.0,390819
Belize,BLZ,North America,2021,70.92,11716.0,395355
Belize,BLZ,North America,2022,72.19,12565.0,402741
Benin,BEN,Africa,2000,56.59,2536.0,7221618
Benin,BEN,Africa,2001,56.65,2591.0,7445599
Benin,BEN,Africa,2002,56.85,2630.0,7675430
Benin,BEN,Africa,2003,57.09,2639.0,7913074
Benin,BEN,Africa,2004,57.35,2673.0,8159098
Benin,BEN,Africa,2005,57.74,2632.0,8426145
Benin,BEN,Africa,2006,57.97,2652.0,8693243
Benin,BEN,Africa,2007,58.25,2729.0,8953973
Benin,BEN,Africa,2008,58.1,2778.0,9228468
Benin,BEN,Africa,2009,58.26,2758.0,9509431
Benin,BEN,Africa,2010,58.39,2734.0,9797488
Benin,BEN,Africa,2011,58.46,2732.0,10093626
Benin,BEN,Africa,2012,58.56,2780.0,10397659
Benin,BEN,Africa,2013,58.86,2893.0,10708831
Benin,BEN,Africa,2014,59.01,2987.0,11030008
Benin,BEN,Africa,2015,59.12,2952.0,11360681
Benin,BEN,Africa,2016,59.28,2963.0,11697845
Benin,BEN,Africa,2017,59.53,3042.0,12039777
Benin,BEN,Africa,2018,59.71,3155.0,12383349
Benin,BEN,Africa,2019,59.89,3281.0,12726760
Benin,BEN,Africa,2020,60.15,3318.0,13070169
Benin,BEN,Africa,2021,59.61,3464.0,13413423
Benin,BEN,Africa,2022,60.48,3588.0,13759507
Bermuda,BMU,North America,2000,78.25,98024.0,61569
Bermuda,BMU,North America,2001,78.64,104565.0,61887
Bermuda,BMU,North America,2002,78.84,102564.0,62163
Bermuda,BMU,North America,2003,78.71,105647.0,62405
Bermuda,BMU,North America,2004,78.9,107808.0,62576
Bermuda,BMU,North America,2005,78.87,109340.0,62730
Bermuda,BMU,North America,2006,78.87,115176.0,62855
Bermuda,BMU,North America,2007,79.01,118696.0,63030
Bermuda,BMU,North America,2008,79.1,115948.0,63319
Bermuda,BMU,North America,2009,79.23,108967.0,63587
Bermuda,BMU,North America,2010,79.41,105973.0,63748
Bermuda,BMU,North America,2011,79.65,101994.0,63753
Bermuda,BMU,North America,2012,79.85,96715.0,63665
Bermuda,BMU,North America,2013,80.02,96554.0,63593
Bermuda,BMU,North America,2014,80.2,93046.0,63551
Bermuda,BMU,North America,2015,80.34,93864.0,63482
Bermuda,BMU,North America,2016,80.48,93269.0,63466
Bermuda,BMU,North America,2017,80.69,96441.0,63603
Bermuda,BMU,North America,2018,80.99,95643.0,63852
Bermuda,BMU,North America,2019,81.25,95524.0,64130
Bermuda,BMU,North America,2020,81.46,88485.0,64404
Bermuda,BMU,North America,2021,81.75,92320.0,64672
Bermuda,BMU,North America,2022,82.06,97943.0,64772
Bhutan,BTN,Asia,2000,61.84,5288.0,596871
Bhutan,BTN,Asia,2001,63.32,5546.0,610801
Bhutan,BTN,Asia,2002,63.98,5991.0,624417
Bhutan,BTN,Asia,2003,64.66,6324.0,637667
Bhutan,BTN,Asia,2004,65.29,6518.0,650559
Bhutan,BTN,Asia,2005,65.87,6851.0,661875
Bhutan,BTN,Asia,2006,66.5,7141.0,670803
Bhutan,BTN,Asia,2007,67.15,8195.0,678643
Bhutan,BTN,Asia,2008,67.73,8470.0,686359
Bhutan,BTN,Asia,2009,68.16,9019.0,693994
Bhutan,BTN,Asia,2010,68.76,9985.0,701638
Bhutan,BTN,Asia,2011,69.28,10715.0,709387
Bhutan,BTN,Asia,2012,69.76,11144.0,717288
Bhutan,BTN,Asia,2013,70.16,11212.0,725282
Bhutan,BTN,Asia,2014,70.5,11745.0,733151
Bhutan,BTN,Asia,2015,70.8,12400.0,740623
Bhutan,BTN,Asia,2016,71.12,13321.0,747878
Bhutan,BTN,Asia,2017,71.41,13482.0,754343
Bhutan,BTN,Asia,2018,71.71,13855.0,759766
Bhutan,BTN,Asia,2019,72.0,14555.0,764830
Bhutan,BTN,Asia,2020,72.25,12980.0,770013
Bhutan,BTN,Asia,2021,72.45,13459.0,775450
Bhutan,BTN,Asia,2022,72.75,14061.0,780921
Bolivia,BOL,South America,2000,62.06,7492.0,8606330
Bolivia,BOL,South America,2001,62.54,7491.0,8752740
Bolivia,BOL,South America,2002,63.07,7550.0,8900358
Bolivia,BOL,South America,2003,63.46,7626.0,9050703
Bolivia,BOL,South America,2004,63.82,7812.0,9204297
Bolivia,BOL,South America,2005,64.18,8021.0,9360758
Bolivia,BOL,South America,2006,64.53,8263.0,9521685
Bolivia,BOL,South America,2007,64.94,8494.0,9685960
Bolivia,BOL,South America,2008,65.3,8865.0,9850859
Bolivia,BOL,South America,2009,65.66,9012.0,10016279
Bolivia,BOL,South America,2010,66.0,9230.0,10182345
Bolivia,BOL,South America,2011,66.28,9554.0,10348931
Bolivia,BOL,South America,2012,66.59,9884.0,10515814
Bolivia,BOL,South America,2013,66.78,10391.0,10682612
Bolivia,BOL,South America,2014,66.97,10791.0,10848889
Bolivia,BOL,South America,2015,67.21,11145.0,11014707
Bolivia,BOL,South America,2016,67.39,11448.0,11180020
Bolivia,BOL,South America,2017,67.54,11755.0,11344591
Bolivia,BOL,South America,2018,67.7,11920.0,11508370
Bolivia,BOL,South America,2019,67.82,11931.0,11671386
Bolivia,BOL,South America,2020,62.91,10286.0,11816301
Bolivia,BOL,South America,2021,61.43,11202.0,11937369
Bolivia,BOL,South America,2022,67.43,11488.0,12077156
Bonaire Sint Eustatius and Saba,BES,North America,2000,76.09,,14256
Bonaire Sint Eustatius and Saba,BES,North America,2001,75.52,,14526
Bonaire Sint Eustatius and Saba,BES,North America,2002,75.88,,15033
Bonaire Sint Eustatius and Saba,BES,North America,2003,75.71,,15666
Bonaire Sint Eustatius and Saba,BES,North America,2004,75.54,,16330
Bonaire Sint Eustatius and Saba,BES,North America,2005,75.87,,17002
Bonaire Sint Eustatius and Saba,BES,North America,2006,76.07,,17701
Bonaire Sint Eustatius and Saba,BES,North America,2007,76.11,,18408
Bonaire Sint Eustatius and Saba,BES,North America,2008,76.55,,19118
Bonaire Sint Eustatius and Saba,BES,North America,2009,76.54,,19847
Bonaire Sint Eustatius and Saba,BES,North America,2010,76.74,,20583
Bonaire Sint Eustatius and Saba,BES,North America,2011,76.37,,21650
Bonaire Sint Eustatius and Saba,BES,North America,2012,76.19,,22847
Bonaire Sint Eustatius and Saba,BES,North America,2013,76.19,,23835
Bonaire Sint Eustatius and Saba,BES,North America,2014,76.95,,24491
Bonaire Sint Eustatius and Saba,BES,North America,2015,77.75,,24638
Bonaire Sint Eustatius and Saba,BES,North America,2016,77.37,,24567
Bonaire Sint Eustatius and Saba,BES,North America,2017,77.6,,24821
Bonaire Sint Eustatius and Saba,BES,North America,2018,77.1,,25184
Bonaire Sint Eustatius and Saba,BES,North America,2019,77.24,,25652
Bonaire Sint Eustatius and Saba,BES,North America,2020,77.21,,26476
Bonaire Sint Eustatius and Saba,BES,North America,2021,77.88,,27347
Bonaire Sint Eustatius and Saba,BES,North America,2022,78.15,,28654
Bosnia and Herzegovina,BIH,Europe,2000,75.29,7831.0,4159785
Bosnia and Herzegovina,BIH,Europe,2001,75.57,7983.0,4179446
Bosnia and Herzegovina,BIH,Europe,2002,75.99,8367.0,4188006
Bosnia and Herzegovina,BIH,Europe,2003,76.45,8710.0,4178523
Bosnia and Herzegovina,BIH,Europe,2004,76.49,9345.0,4140990
Bosnia and Herzegovina,BIH,Europe,2005,76.42,9814.0,4096493
Bosnia and Herzegovina,BIH,Europe,2006,76.03,10430.0,4063269
Bosnia and Herzegovina,BIH,Europe,2007,76.16,11179.0,4013420
Bosnia and Herzegovina,BIH,Europe,2008,76.3,11984.0,3947545
Bosnia and Herzegovina,BIH,Europe,2009,76.7,11827.0,3879798
Bosnia and Herzegovina,BIH,Europe,2010,76.83,12143.0,3811480
Bosnia and Herzegovina,BIH,Europe,2011,76.96,12488.0,3741799
Bosnia and Herzegovina,BIH,Europe,2012,77.04,12627.0,3670109
Bosnia and Herzegovina,BIH,Europe,2013,77.13,13136.0,3610857
Bosnia and Herzegovina,BIH,Europe,2014,77.09,13459.0,3564831
Bosnia and Herzegovina,BIH,Europe,2015,77.07,14220.0,3518541
Bosnia and Herzegovina,BIH,Europe,2016,77.12,14874.0,3472997
Bosnia and Herzegovina,BIH,Europe,2017,77.39,15555.0,3428684
Bosnia and Herzegovina,BIH,Europe,2018,77.94,16349.0,3386999
Bosnia and Herzegovina,BIH,Europe,2019,77.39,17029.0,3345532
Bosnia and Herzegovina,BIH,Europe,2020,76.04,16747.0,3299352
Bosnia and Herzegovina,BIH,Europe,2021,74.57,18287.0,3244912
Bosnia and Herzegovina,BIH,Europe,2022,76.78,19298.0,3204802
Botswana,BWA,Africa,2000,52.26,13186.0,1677384
Botswana,BWA,Africa,2001,52.21,12950.0,1712264
Botswana,BWA,Africa,2002,52.37,13480.0,1744765
Botswana,BWA,Africa,2003,52.85,13857.0,1775744
Botswana,BWA,Africa,2004,53.57,13985.0,1807153
Botswana,BWA,Africa,2005,54.39,14362.0,1839881
Botswana,BWA,Africa,2006,55.11,15276.0,1874526
Botswana,BWA,Africa,2007,56.74,15850.0,1911200
Botswana,BWA,Africa,2008,57.66,16040.0,1949973
Botswana,BWA,Africa,2009,58.3,13490.0,1990671
Botswana,BWA,Africa,2010,59.14,14545.0,2033110
Botswana,BWA,Africa,2011,59.71,15237.0,2073538
Botswana,BWA,Africa,2012,60.38,14958.0,2108617
Botswana,BWA,Africa,2013,61.22,16369.0,2140687
Botswana,BWA,Africa,2014,62.17,17052.0,2172053
Botswana,BWA,Africa,2015,63.22,15995.0,2203276
Botswana,BWA,Africa,2016,64.32,16906.0,2234784
Botswana,BWA,Africa,2017,65.42,17353.0,2266749
Botswana,BWA,Africa,2018,66.37,17825.0,2299149
Botswana,BWA,Africa,2019,67.17,18106.0,2332082
Botswana,BWA,Africa,2020,67.64,16289.0,2365895
Botswana,BWA,Africa,2021,63.3,17961.0,2401448
Botswana,BWA,Africa,2022,68.75,18647.0,2439895
Brazil,BRA,South America,2000,69.58,14005.0,174018278
Brazil,BRA,South America,2001,69.98,14016.0,176301201
Brazil,BRA,South America,2002,70.4,14266.0,178503485
Brazil,BRA,South America,2003,70.88,14259.0,180622688
Brazil,BRA,South America,2004,71.36,14911.0,182675144
Brazil,BRA,South America,2005,71.83,15221.0,184688101
Brazil,BRA,South America,2006,72.3,15657.0,186653099
Brazil,BRA,South America,2007,72.73,16441.0,188552311
Brazil,BRA,South America,2008,73.11,17113.0,190367297
Brazil,BRA,South America,2009,73.46,16939.0,192079958
Brazil,BRA,South America,2010,73.78,18062.0,193701931
Brazil,BRA,South America,2011,74.05,18628.0,195284736
Brazil,BRA,South America,2012,74.33,18832.0,196876113
Brazil,BRA,South America,2013,74.61,19242.0,198478290
Brazil,BRA,South America,2014,74.82,19183.0,200085126
Brazil,BRA,South America,2015,75.11,18357.0,201675534
Brazil,BRA,South America,2016,75.08,17621.0,203218108
Brazil,BRA,South America,2017,75.38,17724.0,204703440
Brazil,BRA,South America,2018,75.63,17918.0,206107265
Brazil,BRA,South America,2019,75.81,18019.0,207455459
Brazil,BRA,South America,2020,74.51,17328.0,208660845
Brazil,BRA,South America,2021,73.04,18076.0,209550291
Brazil,BRA,South America,2022,74.87,18554.0,210306411
British Virgin Islands,VGB,North America,2000,74.75,,20266
British Virgin Islands,VGB,North America,2001,74.83,,20825
British Virgin Islands,VGB,North America,2002,74.97,,21454
British Virgin Islands,VGB,North America,2003,75.18,,22155
British Virgin Islands,VGB,North America,2004,75.4,,22905
British Virgin Islands,VGB,North America,2005,75.57,,23693
British Virgin Islands,VGB,North America,2006,75.75,,24519
British Virgin Islands,VGB,North America,2007,75.89,,25391
British Virgin Islands,VGB,North America,2008,76.07,,26308
British Virgin Islands,VGB,North America,2009,76.2,,27240
British Virgin Islands,VGB,North America,2010,76.29,,27698
British Virgin Islands,VGB,North America,2011,76.36,,28733
British Virgin Islands,VGB,North America,2012,76.43,,30369
British Virgin Islands,VGB,North America,2013,76.47,,31727
British Virgin Islands,VGB,North America,2014,76.53,,32988
British Virgin Islands,VGB,North America,2015,76.56,,34523
British Virgin Islands,VGB,North America,2016,76.62,,33904
British Virgin Islands,VGB,North America,2017,75.67,,32724
British Virgin Islands,VGB,North America,2018,76.73,,34682
British Virgin Islands,VGB,North America,2019,76.85,,36423
British Virgin Islands,VGB,North America,2020,76.89,,37161
British Virgin Islands,VGB,North America,2021,75.3,,37833
British Virgin Islands,VGB,North America,2022,77.18,,38346
Brunei,BRN,Asia,2000,74.02,100323.0,326429
Brunei,BRN,Asia,2001,74.21,99681.0,333353
Brunei,BRN,Asia,2002,74.37,101572.0,340108
Brunei,BRN,Asia,2003,74.51,103227.0,346650
Brunei,BRN,Asia,2004,74.6,101498.0,352921
Brunei,BRN,Asia,2005,74.68,99796.0,358930
Brunei,BRN,Asia,2006,74.75,102249.0,364670
Brunei,BRN,Asia,2007,74.79,96753.0,370883
Brunei,BRN,Asia,2008,74.81,91276.0,377800
Brunei,BRN,Asia,2009,74.81,87876.0,384965
Brunei,BRN,Asia,2010,74.82,88587.0,392340
Brunei,BRN,Asia,2011,74.84,90280.0,399395
Brunei,BRN,Asia,2012,74.84,89718.0,405564
Brunei,BRN,Asia,2013,74.85,86607.0,411205
Brunei,BRN,Asia,2014,74.86,83311.0,416757
Brunei,BRN,Asia,2015,74.88,81910.0,422223
Brunei,BRN,Asia,2016,74.91,78881.0,427571
Brunei,BRN,Asia,2017,74.94,78967.0,432787
Brunei,BRN,Asia,2018,74.99,78099.0,437811
Brunei,BRN,Asia,2019,75.05,80228.0,442690
Brunei,BRN,Asia,2020,75.11,80281.0,447411
Brunei,BRN,Asia,2021,74.87,78249.0,451722
Brunei,BRN,Asia,2022,72.92,76358.0,455374
Bulgaria,BGR,Europe,2000,71.57,12564.0,8000519
Bulgaria,BGR,Europe,2001,71.88,13307.0,7928455
Bulgaria,BGR,Europe,2002,72.13,14397.0,7861949
Bulgaria,BGR,Europe,2003,72.37,15271.0,7804405
Bulgaria,BGR,Europe,2004,72.58,16389.0,7749430
Bulgaria,BGR,Europe,2005,72.56,17678.0,7695047
Bulgaria,BGR,Europe,2006,72.69,19025.0,7640292
Bulgaria,BGR,Europe,2007,73.01,20440.0,7586896
Bulgaria,BGR,Europe,2008,73.34,21846.0,7535589
Bulgaria,BGR,Europe,2009,73.68,21251.0,7488016
Bulgaria,BGR,Europe,2010,73.81,21724.0,7437594
Bulgaria,BGR,Europe,2011,74.17,22321.0,7380023
Bulgaria,BGR,Europe,2012,74.34,22619.0,7317020
Bulgaria,BGR,Europe,2013,74.83,22954.0,7264605
Bulgaria,BGR,Europe,2014,74.47,23455.0,7223450
Bulgaria,BGR,Europe,2015,74.62,24563.0,7177515
Bulgaria,BGR,Europe,2016,74.83,25637.0,7127436
Bulgaria,BGR,Europe,2017,74.8,26692.0,7075642
Bulgaria,BGR,Europe,2018,74.93,27691.0,7024745
Bulgaria,BGR,Europe,2019,75.09,29150.0,6975466
Bulgaria,BGR,Europe,2020,73.6,28521.0,6933656
Bulgaria,BGR,Europe,2021,71.41,30959.0,6877222
Bulgaria,BGR,Europe,2022,74.03,32434.0,6825862
Burkina Faso,BFA,Africa,2000,50.81,1429.0,11925548
Burkina Faso,BFA,Africa,2001,51.19,1477.0,12294996
Burkina Faso,BFA,Africa,2002,51.45,1495.0,12680904
Burkina Faso,BFA,Africa,2003,51.96,1562.0,13082530
Burkina Faso,BFA,Africa,2004,52.6,1581.0,13500536
Burkina Faso,BFA,Africa,2005,53.27,1665.0,13932127
Burkina Faso,BFA,Africa,2006,53.78,1715.0,14373713
Burkina Faso,BFA,Africa,2007,54.38,1732.0,14816313
Burkina Faso,BFA,Africa,2008,55.2,1779.0,15258103
Burkina Faso,BFA,Africa,2009,55.79,1779.0,15710067
Burkina Faso,BFA,Africa,2010,56.34,1874.0,16176503
Burkina Faso,BFA,Africa,2011,57.0,1940.0,16661907
Burkina Faso,BFA,Africa,2012,57.46,2004.0,17172284
Burkina Faso,BFA,Africa,2013,57.9,2057.0,17695411
Burkina Faso,BFA,Africa,2014,58.33,2083.0,18229466
Burkina Faso,BFA,Africa,2015,58.78,2102.0,18777488
Burkina Faso,BFA,Africa,2016,59.17,2163.0,19334854
Burkina Faso,BFA,Africa,2017,59.58,2232.0,19894413
Burkina Faso,BFA,Africa,2018,59.97,2316.0,20438289
Burkina Faso,BFA,Africa,2019,60.18,2392.0,20961956
Burkina Faso,BFA,Africa,2020,60.45,2381.0,21478691
Burkina Faso,BFA,Africa,2021,60.05,2486.0,21995249
Burkina Faso,BFA,Africa,2022,60.7,2469.0,22509038
Burundi,BDI,Africa,2000,47.62,1030.0,6470196
Burundi,BDI,Africa,2001,48.51,1025.0,6634368
Burundi,BDI,Africa,2002,49.92,1041.0,6824139
Burundi,BDI,Africa,2003,51.0,997.0,7043158
Burundi,BDI,Africa,2004,52.22,1007.0,7310656
Burundi,BDI,Africa,2005,53.05,979.0,7587303
Burundi,BDI,Africa,2006,53.96,995.0,7865545
Burundi,BDI,Africa,2007,54.83,992.0,8161879
Burundi,BDI,Africa,2008,55.58,999.0,8505643
Burundi,BDI,Africa,2009,56.42,985.0,8947653
Burundi,BDI,Africa,2010,57.09,988.0,9376448
Burundi,BDI,Africa,2011,57.8,992.0,9717980
Burundi,BDI,Africa,2012,58.5,999.0,10071033
Burundi,BDI,Africa,2013,59.18,1011.0,10439346
Burundi,BDI,Africa,2014,59.76,1019.0,10799789
Burundi,BDI,Africa,2015,60.11,992.0,11047581
Burundi,BDI,Africa,2016,60.79,1007.0,11239459
Burundi,BDI,Africa,2017,61.35,1021.0,11506764
Burundi,BDI,Africa,2018,61.81,1043.0,11859444
Burundi,BDI,Africa,2019,62.18,1055.0,12255339
Burundi,BDI,Africa,2020,62.57,1028.0,12617041
Burundi,BDI,Africa,2021,62.1,1032.0,12965487
Burundi,BDI,Africa,2022,62.88,1028.0,13321102
Cambodia,KHM,Asia,2000,59.49,1922.0,12462343
Cambodia,KHM,Asia,2001,60.46,2032.0,12658486
Cambodia,KHM,Asia,2002,61.39,2126.0,12855249
Cambodia,KHM,Asia,2003,62.35,2310.0,13050977
Cambodia,KHM,Asia,2004,63.26,2491.0,13244737
Cambodia,KHM,Asia,2005,64.11,2782.0,13439203
Cambodia,KHM,Asia,2006,64.89,3041.0,13639032
Cambodia,KHM,Asia,2007,65.55,3308.0,13841773
Cambodia,KHM,Asia,2008,66.15,3502.0,14053479
Cambodia,KHM,Asia,2009,66.75,3588.0,14276819
Cambodia,KHM,Asia,2010,67.31,3712.0,14500730
Cambodia,KHM,Asia,2011,67.87,3922.0,14722587
Cambodia,KHM,Asia,2012,68.37,4159.0,14945090
Cambodia,KHM,Asia,2013,68.75,4419.0,15170210
Cambodia,KHM,Asia,2014,69.12,4703.0,15396771
Cambodia,KHM,Asia,2015,69.4,4969.0,15623253
Cambodia,KHM,Asia,2016,69.64,5284.0,15852802
Cambodia,KHM,Asia,2017,69.84,5632.0,16073374
Cambodia,KHM,Asia,2018,69.99,6051.0,16274522
Cambodia,KHM,Asia,2019,70.13,6449.0,16481305
Cambodia,KHM,Asia,2020,70.06,6129.0,16725484
Cambodia,KHM,Asia,2021,69.3,6226.0,16974309
Cambodia,KHM,Asia,2022,70.53,6458.0,17201721
Cameroon,CMR,Africa,2000,53.34,3823.0,14912632
Cameroon,CMR,Africa,2001,53.6,3885.0,15309489
Cameroon,CMR,Africa,2002,53.92,3951.0,15725534
Cameroon,CMR,Africa,2003,54.25,4055.0,16160340
Cameroon,CMR,Africa,2004,54.58,4223.0,16610485
Cameroon,CMR,Africa,2005,54.9,4200.0,17074599
Cameroon,CMR,Africa,2006,55.3,4242.0,17550403
Cameroon,CMR,Africa,2007,55.71,4303.0,18049897
Cameroon,CMR,Africa,2008,56.12,4300.0,18574052
Cameroon,CMR,Africa,2009,56.49,4287.0,19113978
Cameroon,CMR,Africa,2010,56.97,4287.0,19668063
Cameroon,CMR,Africa,2011,57.48,4308.0,20232312
Cameroon,CMR,Africa,2012,58.17,4382.0,20809530
Cameroon,CMR,Africa,2013,58.73,4474.0,21402379
Cameroon,CMR,Africa,2014,59.13,4588.0,22059894
Cameroon,CMR,Africa,2015,59.69,4699.0,22763418
Cameroon,CMR,Africa,2016,60.29,4767.0,23454165
Cameroon,CMR,Africa,2017,60.82,4798.0,24128609
Cameroon,CMR,Africa,2018,61.19,4851.0,24806377
Cameroon,CMR,Africa,2019,61.7,4882.0,25506095
Cameroon,CMR,Africa,2020,61.67,4763.0,26210566
Cameroon,CMR,Africa,2021,61.15,4794.0,26915765
Cameroon,CMR,Africa,2022,62.44,4844.0,27632770
Canada,CAN,North America,2000,79.23,48399.0,30891800
Canada,CAN,North America,2001,79.45,48774.0,31213578
Canada,CAN,North America,2002,79.57,49695.0,31535579
Canada,CAN,North America,2003,79.74,50140.0,31836483
Canada,CAN,North America,2004,80.03,51211.0,32132680
Canada,CAN,North America,2005,80.13,52357.0,32440172
Canada,CAN,North America,2006,80.54,53196.0,32759174
Canada,CAN,North America,2007,80.54,53762.0,33092171
Canada,CAN,North America,2008,80.73,53712.0,33449088
Canada,CAN,North America,2009,81.06,51552.0,33826370
Canada,CAN,North America,2010,81.34,52558.0,34196900
Canada,CAN,North America,2011,81.51,53681.0,34555449
Canada,CAN,North America,2012,81.7,54035.0,34922513
Canada,CAN,North America,2013,81.79,54712.0,35293421
Canada,CAN,North America,2014,81.84,55723.0,35634265
Canada,CAN,North America,2015,81.91,55661.0,35962236
Canada,CAN,North America,2016,82.03,55606.0,36353345
Canada,CAN,North America,2017,81.92,56612.0,36808498
Canada,CAN,North America,2018,81.92,57337.0,37294996
Canada,CAN,North America,2019,82.28,57584.0,37782934
Canada,CAN,North America,2020,81.65,54093.0,38171903
Canada,CAN,North America,2021,81.98,56995.0,38454058
Canada,CAN,North America,2022,81.25,58583.0,38821259
Cape Verde,CPV,Africa,2000,68.12,4510.0,453335
Cape Verde,CPV,Africa,2001,68.71,4541.0,460300
Cape Verde,CPV,Africa,2002,69.45,4710.0,467056
Cape Verde,CPV,Africa,2003,70.01,4841.0,473384
Cape Verde,CPV,Africa,2004,70.5,5268.0,479377
Cape Verde,CPV,Africa,2005,70.94,5566.0,485128
Cape Verde,CPV,Africa,2006,71.34,5941.0,490728
Cape Verde,CPV,Africa,2007,71.49,6767.0,496196
Cape Verde,CPV,Africa,2008,71.89,7169.0,501362
Cape Verde,CPV,Africa,2009,72.14,6995.0,506148
Cape Verde,CPV,Africa,2010,72.51,7072.0,509793
Cape Verde,CPV,Africa,2011,72.91,7326.0,511453
Cape Verde,CPV,Africa,2012,73.31,7398.0,511966
Cape Verde,CPV,Africa,2013,73.48,7441.0,512231
Cape Verde,CPV,Africa,2014,73.79,7491.0,512334
Cape Verde,CPV,Africa,2015,74.1,7560.0,512405
Cape Verde,CPV,Africa,2016,74.35,7881.0,512556
Cape Verde,CPV,Africa,2017,74.71,8235.0,512899
Cape Verde,CPV,Africa,2018,74.84,8531.0,513418
Cape Verde,CPV,Africa,2019,75.45,9112.0,514116
Cape Verde,CPV,Africa,2020,73.82,7208.0,514683
Cape Verde,CPV,Africa,2021,74.42,7685.0,516655
Cape Verde,CPV,Africa,2022,75.91,8850.0,519750
Cayman Islands,CYM,North America,2000,74.38,,39699
Cayman Islands,CYM,North America,2001,74.53,,41109
Cayman Islands,CYM,North America,2002,74.61,,42534
Cayman Islands,CYM,North America,2003,74.64,,43952
Cayman Islands,CYM,North America,2004,74.6,,45372
Cayman Islands,CYM,North America,2005,74.86,,46809
Cayman Islands,CYM,North America,2006,75.0,92213.0,48252
Cayman Islands,CYM,North America,2007,75.15,92344.0,49709
Cayman Islands,CYM,North America,2008,75.39,89380.0,51175
Cayman Islands,CYM,North America,2009,75.67,80632.0,52639
Cayman Islands,CYM,North America,2010,76.07,76295.0,54120
Cayman Islands,CYM,North America,2011,76.56,75095.0,55630
Cayman Islands,CYM,North America,2012,77.12,73983.0,57155
Cayman Islands,CYM,North America,2013,77.65,72989.0,58678
Cayman Islands,CYM,North America,2014,77.86,73052.0,60179
Cayman Islands,CYM,North America,2015,78.12,73315.0,61665
Cayman Islands,CYM,North America,2016,78.37,73942.0,63121
Cayman Islands,CYM,North America,2017,78.61,74600.0,64561
Cayman Islands,CYM,North America,2018,78.84,76125.0,65962
Cayman Islands,CYM,North America,2019,79.05,77477.0,67346
Cayman Islands,CYM,North America,2020,79.23,72183.0,68703
Cayman Islands,CYM,North America,2021,79.3,74160.0,70126
Cayman Islands,CYM,North America,2022,79.98,76735.0,71610
Central African Republic,CAF,Africa,2000,46.61,1246.0,3833421
Central African Republic,CAF,Africa,2001,46.73,1273.0,3919498
Central African Republic,CAF,Africa,2002,46.84,1290.0,4006079
Central African Republic,CAF,Africa,2003,47.31,1192.0,4103092
Central African Republic,CAF,Africa,2004,47.7,1236.0,4192828
Central African Republic,CAF,Africa,2005,48.21,1220.0,4288814
Central African Republic,CAF,Africa,2006,48.69,1252.0,4377582
Central African Republic,CAF,Africa,2007,49.33,1285.0,4462777
Central African Republic,CAF,Africa,2008,49.87,1283.0,4558989
Central African Republic,CAF,Africa,2009,14.67,1403.0,4529051
Central African Republic,CAF,Africa,2010,46.87,1479.0,4493003
Central African Republic,CAF,Africa,2011,50.11,1517.0,4565023
Central African Republic,CAF,Africa,2012,51.34,1578.0,4610848
Central African Republic,CAF,Africa,2013,49.49,997.0,4642423
Central African Republic,CAF,Africa,2014,40.27,1002.0,4623187
Central African Republic,CAF,Africa,2015,51.93,1044.0,4629322
Central African Republic,CAF,Africa,2016,51.0,1074.0,4713663
Central African Republic,CAF,Africa,2017,45.23,1104.0,4793512
Central African Republic,CAF,Africa,2018,52.3,1126.0,4878663
Central African Republic,CAF,Africa,2019,31.53,1145.0,4944708
Central African Republic,CAF,Africa,2020,50.6,1137.0,5026629
Central African Republic,CAF,Africa,2021,40.28,1129.0,5112103
Central African Republic,CAF,Africa,2022,18.82,1137.0,5098038
Chad,TCD,Africa,2000,47.94,1507.0,8512092
Chad,TCD,Africa,2001,48.31,1627.0,8804122
Chad,TCD,Africa,2002,48.36,1704.0,9116195
Chad,TCD,Africa,2003,48.61,1879.0,9487830
Chad,TCD,Africa,2004,48.69,2401.0,9920036
Chad,TCD,Africa,2005,48.86,2706.0,10328094
Chad,TCD,Africa,2006,48.75,2596.0,10706426
Chad,TCD,Africa,2007,49.21,2613.0,11081667
Chad,TCD,Africa,2008,49.5,2601.0,11476299
Chad,TCD,Africa,2009,49.83,2475.0,11893753
Chad,TCD,Africa,2010,50.11,2717.0,12312580
Chad,TCD,Africa,2011,50.43,2741.0,12755004
Chad,TCD,Africa,2012,50.77,2886.0,13211006
Chad,TCD,Africa,2013,51.05,2864.0,13691081
Chad,TCD,Africa,2014,51.14,2821.0,14188680
Chad,TCD,Africa,2015,51.32,2823.0,14647626
Chad,TCD,Africa,2016,51.6,2623.0,15114652
Chad,TCD,Africa,2017,51.87,2496.0,15622756
Chad,TCD,Africa,2018,52.45,2552.0,16156535
Chad,TCD,Africa,2019,52.99,2605.0,16685223
Chad,TCD,Africa,2020,53.08,2513.0,17224686
Chad,TCD,Africa,2021,53.14,2435.0,17828274
Chad,TCD,Africa,2022,54.53,2449.0,18455319
Chile,CHL,South America,2000,77.13,17529.0,15503638
Chile,CHL,South America,2001,77.58,17875.0,15683852
Chile,CHL,South America,2002,77.84,18245.0,15857926
Chile,CHL,South America,2003,77.88,18907.0,16024755
Chile,CHL,South America,2004,78.28,19967.0,16187324
Chile,CHL,South America,2005,78.46,20923.0,16348780
Chile,CHL,South America,2006,78.53,21974.0,16509195
Chile,CHL,South America,2007,78.65,22884.0,16671571
Chile,CHL,South America,2008,78.75,23515.0,16838987
Chile,CHL,South America,2009,78.89,23019.0,17009730
Chile,CHL,South America,2010,79.1,24122.0,17181463
Chile,CHL,South America,2011,79.24,25372.0,17351810
Chile,CHL,South America,2012,79.22,26677.0,17519116
Chile,CHL,South America,2013,79.55,27298.0,17687006
Chile,CHL,South America,2014,79.71,27512.0,17864192
Chile,CHL,South America,2015,80.01,27818.0,18047630
Chile,CHL,South America,2016,80.29,27965.0,18267225
Chile,CHL,South America,2017,80.61,27900.0,18558868
Chile,CHL,South America,2018,80.56,28499.0,18893185
Chile,CHL,South America,2019,80.32,28228.0,19197748
Chile,CHL,South America,2020,79.35,26258.0,19370621
Chile,CHL,South America,2021,78.88,29107.0,19456323
Chile,CHL,South America,2022,79.18,29560.0,19553033
China,CHN,Asia,2000,72.29,4066.0,1269581174
China,CHN,Asia,2001,72.68,4372.0,1278725061
China,CHN,Asia,2002,73.03,4744.0,1286866835
China,CHN,Asia,2003,73.39,5192.0,1294517323
China,CHN,Asia,2004,73.73,5684.0,1302100316
China,CHN,Asia,2005,74.08,6298.0,1310027135
China,CHN,Asia,2006,74.4,7057.0,1318054030
China,CHN,Asia,2007,74.79,8014.0,1325813576
China,CHN,Asia,2008,74.83,8744.0,1333821011
China,CHN,Asia,2009,75.32,9519.0,1342522717
China,CHN,Asia,2010,75.67,10476.0,1351561505
China,CHN,Asia,2011,75.89,11405.0,1360250658
China,CHN,Asia,2012,76.2,12218.0,1369520866
China,CHN,Asia,2013,76.45,13081.0,1379008040
China,CHN,Asia,2014,76.71,13969.0,1387951970
China,CHN,Asia,2015,76.98,14857.0,1396134171
China,CHN,Asia,2016,77.21,15773.0,1404052628
China,CHN,Asia,2017,77.24,16758.0,1412354730
China,CHN,Asia,2018,77.71,17807.0,1419008954
China,CHN,Asia,2019,77.94,18821.0,1423520357
China,CHN,Asia,2020,78.02,19215.0,1426106093
China,CHN,Asia,2021,78.12,20843.0,1426437269
China,CHN,Asia,2022,78.2,21499.0,1425179562
Colombia,COL,South America,2000,70.9,10813.0,39089939
Colombia,COL,South America,2001,71.19,10823.0,39709263
Colombia,COL,South America,2002,71.54,10925.0,40324684
Colombia,COL,South America,2003,72.31,11183.0,40937426
Colombia,COL,South America,2004,72.76,11608.0,41543177
Colombia,COL,South America,2005,73.16,11999.0,42128978
Colombia,COL,South America,2006,73.5,12637.0,42691081
Colombia,COL,South America,2007,73.75,13318.0,43235374
Colombia,COL,South America,2008,74.21,13591.0,43758805
Colombia,COL,South America,2009,74.53,13587.0,44271543
Colombia,COL,South America,2010,74.88,14037.0,44777325
Colombia,COL,South America,2011,75.18,14852.0,45259614
Colombia,COL,South America,2012,75.61,15279.0,45715807
Colombia,COL,South America,2013,75.83,15912.0,46151583
Colombia,COL,South America,2014,75.95,16480.0,46565426
Colombia,COL,South America,2015,76.07,16821.0,46969938
Colombia,COL,South America,2016,76.23,17003.0,47437513
Colombia,COL,South America,2017,76.42,16986.0,48131076
Colombia,COL,South America,2018,76.58,17104.0,49024463
Colombia,COL,South America,2019,76.79,17337.0,49907987
Colombia,COL,South America,2020,74.76,15862.0,50629997
Colombia,COL,South America,2021,72.7,17383.0,51188174
Colombia,COL,South America,2022,76.51,18459.0,51737944
Comoros,COM,Africa,2000,58.94,2918.0,536084
Comoros,COM,Africa,2001,59.59,3013.0,547221
Comoros,COM,Africa,2002,59.72,3086.0,558927
Comoros,COM,Africa,2003,60.24,3086.0,569808
Comoros,COM,Africa,2004,60.56,3122.0,580711
Comoros,COM,Africa,2005,60.88,3232.0,592679
Comoros,COM,Africa,2006,61.23,3112.0,604752
Comoros,COM,Africa,2007,61.48,3075.0,616935
Comoros,COM,Africa,2008,61.95,3134.0,629314
Comoros,COM,Africa,2009,62.3,3172.0,641949
Comoros,COM,Africa,2010,62.75,3227.0,654846
Comoros,COM,Africa,2011,63.1,3294.0,668064
Comoros,COM,Africa,2012,63.46,3331.0,681637
Comoros,COM,Africa,2013,63.84,3406.0,696203
Comoros,COM,Africa,2014,64.14,3403.0,711512
Comoros,COM,Africa,2015,64.47,3371.0,726685
Comoros,COM,Africa,2016,64.79,3412.0,741745
Comoros,COM,Africa,2017,65.13,3472.0,756672
Comoros,COM,Africa,2018,65.4,3529.0,771597
Comoros,COM,Africa,2019,65.66,3523.0,786582
Comoros,COM,Africa,2020,65.76,3447.0,802172
Comoros,COM,Africa,2021,65.2,3449.0,818178
Comoros,COM,Africa,2022,66.48,3466.0,834191
Congo,COG,Africa,2000,55.37,7571.0,3151349
Congo,COG,Africa,2001,55.88,7567.0,3272542
Congo,COG,Africa,2002,56.41,7729.0,3350770
Congo,COG,Africa,2003,57.13,7577.0,3445758
Congo,COG,Africa,2004,57.96,7577.0,3565565
Congo,COG,Africa,2005,58.73,7876.0,3696399
Congo,COG,Africa,2006,59.47,8193.0,3837411
Congo,COG,Africa,2007,60.05,7376.0,3980430
Congo,COG,Africa,2008,60.79,7587.0,4113514
Congo,COG,Africa,2009,61.21,8138.0,4281218
Congo,COG,Africa,2010,61.73,8584.0,4462304
Congo,COG,Africa,2011,62.29,8492.0,4609728
Congo,COG,Africa,2012,62.66,9080.0,4740457
Congo,COG,Africa,2013,62.97,8798.0,4857104
Congo,COG,Africa,2014,63.35,9159.0,4975887
Congo,COG,Africa,2015,63.66,8978.0,5097583
Congo,COG,Africa,2016,63.91,8002.0,5222545
Congo,COG,Africa,2017,64.2,7373.0,5351013
Congo,COG,Africa,2018,64.47,7029.0,5483128
Congo,COG,Africa,2019,63.15,6939.0,5616656
Congo,COG,Africa,2020,64.39,6351.0,5752792
Congo,COG,Africa,2021,64.19,6263.0,5892187
Congo,COG,Africa,2022,65.0,6205.0,6035104
Cook Islands,COK,Oceania,2000,69.85,,15876
Cook Islands,COK,Oceania,2001,70.09,,15259
Cook Islands,COK,Oceania,2002,70.34,,14994
Cook Islands,COK,Oceania,2003,70.58,,15049
Cook Islands,COK,Oceania,2004,70.87,,15103
Cook Islands,COK,Oceania,2005,71.17,,15153
Cook Islands,COK,Oceania,2006,71.45,,15233
Cook Islands,COK,Oceania,2007,71.78,,15519
Cook Islands,COK,Oceania,2008,72.12,,16003
Cook Islands,COK,Oceania,2009,72.44,,16497
Cook Islands,COK,Oceania,2010,72.75,,17000
Cook Islands,COK,Oceania,2011,73.05,,17480
Cook Islands,COK,Oceania,2012,73.32,,17690
Cook Islands,COK,Oceania,2013,73.61,,17629
Cook Islands,COK,Oceania,2014,73.83,,17556
Cook Islands,COK,Oceania,2015,74.02,,17471
Cook Islands,COK,Oceania,2016,74.16,,17360
Cook Islands,COK,Oceania,2017,74.32,,17066
Cook Islands,COK,Oceania,2018,74.44,,16623
Cook Islands,COK,Oceania,2019,74.56,,16151
Cook Islands,COK,Oceania,2020,74.51,,15664
Cook Islands,COK,Oceania,2021,74.58,,15205
Cook Islands,COK,Oceania,2022,75.08,,14747
Costa Rica,CRI,North America,2000,77.32,14026.0,3937737
Costa Rica,CRI,North America,2001,77.61,14258.0,4008951
Costa Rica,CRI,North America,2002,77.94,14503.0,4075710
Costa Rica,CRI,North America,2003,78.21,14899.0,4138791
Costa Rica,CRI,North America,2004,78.51,15331.0,4200079
Costa Rica,CRI,North America,2005,78.88,15712.0,4261240
Costa Rica,CRI,North America,2006,79.05,16628.0,4321337
Costa Rica,CRI,North America,2007,79.1,17752.0,4380250
Costa Rica,CRI,North America,2008,79.18,18343.0,4440058
Costa Rica,CRI,North America,2009,79.37,17942.0,4499788
Costa Rica,CRI,North America,2010,79.35,18670.0,4555965
Costa Rica,CRI,North America,2011,79.62,19264.0,4609834
Costa Rica,CRI,North America,2012,79.92,19971.0,4663930
Costa Rica,CRI,North America,2013,80.19,20242.0,4716153
Costa Rica,CRI,North America,2014,80.23,20735.0,4767126
Costa Rica,CRI,North America,2015,80.41,21265.0,4818045
Costa Rica,CRI,North America,2016,79.99,21936.0,4867003
Costa Rica,CRI,North America,2017,79.99,22634.0,4913177
Costa Rica,CRI,North America,2018,80.09,23070.0,4957813
Costa Rica,CRI,North America,2019,80.3,23497.0,4999549
Costa Rica,CRI,North America,2020,79.73,22368.0,5034323
Costa Rica,CRI,North America,2021,78.05,24084.0,5059991
Costa Rica,CRI,North America,2022,79.32,25290.0,5081764
Cote d'Ivoire,CIV,Africa,2000,51.39,4838.0,17699007
Cote d'Ivoire,CIV,Africa,2001,51.43,4609.0,18178920
Cote d'Ivoire,CIV,Africa,2002,51.54,4369.0,18654772
Cote d'Ivoire,CIV,Africa,2003,51.44,4060.0,19125546
Cote d'Ivoire,CIV,Africa,2004,51.94,4089.0,19594997
Cote d'Ivoire,CIV,Africa,2005,52.43,4032.0,20068468
Cote d'Ivoire,CIV,Africa,2006,52.89,4049.0,20546808
Cote d'Ivoire,CIV,Africa,2007,53.45,4000.0,21030558
Cote d'Ivoire,CIV,Africa,2008,54.18,4097.0,21514446
Cote d'Ivoire,CIV,Africa,2009,54.74,4151.0,21997936
Cote d'Ivoire,CIV,Africa,2010,55.28,4339.0,22488068
Cote d'Ivoire,CIV,Africa,2011,55.97,4017.0,22982003
Cote d'Ivoire,CIV,Africa,2012,56.57,4234.0,23467083
Cote d'Ivoire,CIV,Africa,2013,57.06,4597.0,23939775
Cote d'Ivoire,CIV,Africa,2014,57.77,4908.0,24527393
Cote d'Ivoire,CIV,Africa,2015,58.28,5111.0,25246347
Cote d'Ivoire,CIV,Africa,2016,58.81,5321.0,25989404
Cote d'Ivoire,CIV,Africa,2017,59.32,5556.0,26733376
Cote d'Ivoire,CIV,Africa,2018,59.79,5670.0,27464175
Cote d'Ivoire,CIV,Africa,2019,60.27,5895.0,28193014
Cote d'Ivoire,CIV,Africa,2020,60.14,5788.0,28915452
Cote d'Ivoire,CIV,Africa,2021,60.29,6045.0,29639737
Cote d'Ivoire,CIV,Africa,2022,61.56,6272.0,30395004
Croatia,HRV,Europe,2000,74.0,21302.0,4326105
Croatia,HRV,Europe,2001,74.35,22827.0,4301079
Croatia,HRV,Europe,2002,74.65,24137.0,4305783
Croatia,HRV,Europe,2003,74.71,25474.0,4306683
Croatia,HRV,Europe,2004,75.27,26529.0,4310050
Croatia,HRV,Europe,2005,75.57,27641.0,4313946
Croatia,HRV,Europe,2006,75.68,29036.0,4315802
Croatia,HRV,Europe,2007,75.89,30508.0,4315959
Croatia,HRV,Europe,2008,76.0,31114.0,4314635
Croatia,HRV,Europe,2009,76.31,29025.0,4310537
Croatia,HRV,Europe,2010,76.68,28702.0,4301150
Croatia,HRV,Europe,2011,76.99,28769.0,4280827
Croatia,HRV,Europe,2012,77.28,28259.0,4259233
Croatia,HRV,Europe,2013,77.51,28398.0,4242403
Croatia,HRV,Europe,2014,77.51,28456.0,4219485
Croatia,HRV,Europe,2015,77.63,29466.0,4183732
Croatia,HRV,Europe,2016,77.63,30821.0,4136438
Croatia,HRV,Europe,2017,77.73,32349.0,4079198
Croatia,HRV,Europe,2018,77.87,33730.0,4024868
Croatia,HRV,Europe,2019,78.2,35123.0,3986338
Croatia,HRV,Europe,2020,77.5,32493.0,3953956
Croatia,HRV,Europe,2021,77.14,36930.0,3924607
Croatia,HRV,Europe,2022,78.28,39864.0,3907031
Cuba,CUB,North America,2000,75.92,,11109112
Cuba,CUB,North America,2001,76.43,,11144134
Cuba,CUB,North America,2002,76.77,,11177422
Cuba,CUB,North America,2003,77.4,,11209379
Cuba,CUB,North America,2004,77.33,,11238756
Cuba,CUB,North America,2005,77.54,,11262553
Cuba,CUB,North America,2006,77.41,,11278550
Cuba,CUB,North America,2007,77.55,,11287274
Cuba,CUB,North America,2008,77.59,,11291764
Cuba,CUB,North America,2009,77.58,,11294719
Cuba,CUB,North America,2010,77.88,,11297414
Cuba,CUB,North America,2011,78.05,,11301578
Cuba,CUB,North America,2012,78.16,,11303172
Cuba,CUB,North America,2013,78.03,,11298163
Cuba,CUB,North America,2014,77.82,,11285780
Cuba,CUB,North America,2015,77.75,,11275069
Cuba,CUB,North America,2016,77.57,,11265615
Cuba,CUB,North America,2017,77.3,,11247824
Cuba,CUB,North America,2018,77.43,,11227116
Cuba,CUB,North America,2019,77.41,,11202847
Cuba,CUB,North America,2020,77.41,,11176349
Cuba,CUB,North America,2021,73.2,,11122169
Cuba,CUB,North America,2022,77.63,,11059822
Curacao,CUW,North America,2000,73.28,34307.0,145540
Curacao,CUW,North America,2001,73.36,35339.0,144758
Curacao,CUW,North America,2002,73.47,35436.0,145911
Curacao,CUW,North America,2003,73.6,34813.0,147923
Curacao,CUW,North America,2004,73.74,34289.0,149805
Curacao,CUW,North America,2005,73.87,33652.0,151324
Curacao,CUW,North America,2006,73.98,33335.0,152516
Curacao,CUW,North America,2007,74.14,33490.0,153672
Curacao,CUW,North America,2008,74.31,33795.0,154784
Curacao,CUW,North America,2009,74.49,33397.0,155832
Curacao,CUW,North America,2010,75.12,33005.0,156881
Curacao,CUW,North America,2011,75.58,32704.0,158572
Curacao,CUW,North America,2012,75.96,32321.0,160904
Curacao,CUW,North America,2013,76.24,31753.0,163122
Curacao,CUW,North America,2014,76.38,31129.0,165041
Curacao,CUW,North America,2015,76.48,30861.0,166621
Curacao,CUW,North America,2016,76.32,30210.0,167787
Curacao,CUW,North America,2017,76.42,29729.0,168525
Curacao,CUW,North America,2018,76.49,29257.0,181590
Curacao,CUW,North America,2019,76.49,28660.0,189555
Curacao,CUW,North America,2020,76.5,23670.0,185029
Curacao,CUW,North America,2021,75.69,24906.0,185324
Curacao,CUW,North America,2022,76.73,26735.0,185350
Cyprus,CYP,Europe,2000,77.9,36122.0,947667
Cyprus,CYP,Europe,2001,78.18,37147.0,964129
Cyprus,CYP,Europe,2002,78.76,38091.0,981443
Cyprus,CYP,Europe,2003,78.91,38618.0,999600
Cyprus,CYP,Europe,2004,79.01,40020.0,1017875
Cyprus,CYP,Europe,2005,79.2,41362.0,1036156
Cyprus,CYP,Europe,2006,79.46,42595.0,1054424
Cyprus,CYP,Europe,2007,79.8,43824.0,1072727
Cyprus,CYP,Europe,2008,79.91,44296.0,1091029
Cyprus,CYP,Europe,2009,80.37,42253.0,1109377
Cyprus,CYP,Europe,2010,80.63,42102.0,1127826
Cyprus,CYP,Europe,2011,80.85,41213.0,1146493
Cyprus,CYP,Europe,2012,81.13,39190.0,1165403
Cyprus,CYP,Europe,2013,81.32,36651.0,1183899
Cyprus,CYP,Europe,2014,81.34,36105.0,1201806
Cyprus,CYP,Europe,2015,81.46,37258.0,1219504
Cyprus,CYP,Europe,2016,81.53,39501.0,1237114
Cyprus,CYP,Europe,2017,81.54,41418.0,1254274
Cyprus,CYP,Europe,2018,81.56,43510.0,1270743
Cyprus,CYP,Europe,2019,81.45,45454.0,1286669
Cyprus,CYP,Europe,2020,81.23,43402.0,1302250
Cyprus,CYP,Europe,2021,80.57,47633.0,1317311
Cyprus,CYP,Europe,2022,80.43,50841.0,1331376
Czechia,CZE,Europe,2000,74.98,29427.0,10236809
Czechia,CZE,Europe,2001,75.31,30400.0,10231942
Czechia,CZE,Europe,2002,75.44,30920.0,10239474
Czechia,CZE,Europe,2003,75.4,31949.0,10248907
Czechia,CZE,Europe,2004,75.94,33452.0,10261453
Czechia,CZE,Europe,2005,76.16,35536.0,10280155
Czechia,CZE,Europe,2006,76.71,37787.0,10304592
Czechia,CZE,Europe,2007,76.92,39629.0,10337539
Czechia,CZE,Europe,2008,77.17,40328.0,10378298
Czechia,CZE,Europe,2009,77.26,38175.0,10420985
Czechia,CZE,Europe,2010,77.57,39097.0,10464035
Czechia,CZE,Europe,2011,77.81,39708.0,10495508
Czechia,CZE,Europe,2012,78.0,39347.0,10507339
Czechia,CZE,Europe,2013,78.17,39318.0,10511164
Czechia,CZE,Europe,2014,78.74,40158.0,10517223
Czechia,CZE,Europe,2015,78.56,42067.0,10524418
Czechia,CZE,Europe,2016,78.97,43069.0,10531946
Czechia,CZE,Europe,2017,78.93,45178.0,10541343
Czechia,CZE,Europe,2018,78.96,46301.0,10548934
Czechia,CZE,Europe,2019,79.19,47764.0,10554872
Czechia,CZE,Europe,2020,78.24,45120.0,10550129
Czechia,CZE,Europe,2021,77.23,47796.0,10530683
Czechia,CZE,Europe,2022,79.16,48391.0,10673216
Democratic Republic of Congo,COD,Africa,2000,51.89,981.0,50507445
Democratic Republic of Congo,COD,Africa,2001,52.21,931.0,52132646
Democratic Republic of Congo,COD,Africa,2002,52.37,929.0,53750529
Democratic Republic of Congo,COD,Africa,2003,52.95,953.0,55343873
Democratic Republic of Congo,COD,Africa,2004,53.53,988.0,56997740
Democratic Republic of Congo,COD,Africa,2005,54.0,1017.0,58775726
Democratic Republic of Congo,COD,Africa,2006,54.5,1036.0,60615909
Democratic Republic of Congo,COD,Africa,2007,54.95,1092.0,62477753
Democratic Republic of Congo,COD,Africa,2008,55.39,1138.0,64390658
Democratic Republic of Congo,COD,Africa,2009,55.8,1109.0,66412038
Democratic Republic of Congo,COD,Africa,2010,56.41,1167.0,68563038
Democratic Republic of Congo,COD,Africa,2011,56.91,1125.0,70849311
Democratic Republic of Congo,COD,Africa,2012,57.35,1182.0,73254623
Democratic Republic of Congo,COD,Africa,2013,57.8,1343.0,75789397
Democratic Republic of Congo,COD,Africa,2014,58.24,1393.0,78403248
Democratic Republic of Congo,COD,Africa,2015,58.66,1433.0,81035532
Democratic Republic of Congo,COD,Africa,2016,59.08,1389.0,83956416
Democratic Republic of Congo,COD,Africa,2017,59.5,1396.0,87083400
Democratic Republic of Congo,COD,Africa,2018,59.93,1432.0,90047647
Democratic Republic of Congo,COD,Africa,2019,60.24,1395.0,92947450
Democratic Republic of Congo,COD,Africa,2020,60.43,1361.0,95990000
Democratic Republic of Congo,COD,Africa,2021,60.04,1402.0,99148930
Democratic Republic of Congo,COD,Africa,2022,60.98,1484.0,102396974
Denmark,DNK,Europe,2000,76.82,57586.0,5339659
Denmark,DNK,Europe,2001,76.97,57925.0,5358825
Denmark,DNK,Europe,2002,77.1,58004.0,5375967
Denmark,DNK,Europe,2003,77.4,58101.0,5390621
Denmark,DNK,Europe,2004,77.79,59560.0,5404594
Denmark,DNK,Europe,2005,78.23,60798.0,5419550
Denmark,DNK,Europe,2006,78.22,62911.0,5437425
Denmark,DNK,Europe,2007,78.35,63251.0,5461604
Denmark,DNK,Europe,2008,78.71,62618.0,5493762
Denmark,DNK,Europe,2009,78.96,59186.0,5523169
Denmark,DNK,Europe,2010,79.25,59856.0,5547865
Denmark,DNK,Europe,2011,79.79,60392.0,5570848
Denmark,DNK,Europe,2012,80.08,60162.0,5591911
Denmark,DNK,Europe,2013,80.31,60746.0,5615333
Denmark,DNK,Europe,2014,80.63,61211.0,5643795
Denmark,DNK,Europe,2015,80.74,62059.0,5683698
Denmark,DNK,Europe,2016,80.88,63469.0,5728196
Denmark,DNK,Europe,2017,81.11,64989.0,5765164
Denmark,DNK,Europe,2018,80.99,65871.0,5793824
Denmark,DNK,Europe,2019,81.43,66759.0,5814618
Denmark,DNK,Europe,2020,81.55,65379.0,5831529
Denmark,DNK,Europe,2021,81.44,69328.0,5856774
Denmark,DNK,Europe,2022,81.29,69089.0,5902901
Djibouti,DJI,Africa,2000,56.73,,747326
Djibouti,DJI,Africa,2001,57.51,,771311
Djibouti,DJI,Africa,2002,57.82,,795576
Djibouti,DJI,Africa,2003,58.04,,813528
Djibouti,DJI,Africa,2004,58.1,,826133
Djibouti,DJI,Africa,2005,58.55,,839174
Djibouti,DJI,Africa,2006,58.96,,855767
Djibouti,DJI,Africa,2007,59.36,,874530
Djibouti,DJI,Africa,2008,59.82,,892739
Djibouti,DJI,Africa,2009,60.35,,911524
Djibouti,DJI,Africa,2010,60.74,,930252
Djibouti,DJI,Africa,2011,61.34,,948565
Djibouti,DJI,Africa,2012,61.72,,966754
Djibouti,DJI,Africa,2013,62.12,4469.0,984833
Djibouti,DJI,Africa,2014,62.43,4705.0,1002720
Djibouti,DJI,Africa,2015,62.83,4962.0,1020316
Djibouti,DJI,Africa,2016,63.34,5227.0,1037660
Djibouti,DJI,Africa,2017,63.71,5422.0,1054844
Djibouti,DJI,Africa,2018,64.11,5591.0,1071886
Djibouti,DJI,Africa,2019,64.38,5809.0,1088710
Djibouti,DJI,Africa,2020,64.2,5791.0,1105193
Djibouti,DJI,Africa,2021,63.83,5960.0,1121251
Djibouti,DJI,Africa,2022,65.54,6181.0,1137101
Dominica,DMA,North America,2000,71.72,14055.0,68527
Dominica,DMA,North America,2001,71.86,14092.0,68299
Dominica,DMA,North America,2002,71.93,13641.0,68385
Dominica,DMA,North America,2003,71.94,14398.0,68552
Dominica,DMA,North America,2004,71.99,14962.0,68664
Dominica,DMA,North America,2005,72.02,15081.0,68750
Dominica,DMA,North America,2006,72.01,15728.0,68823
Dominica,DMA,North America,2007,71.9,16561.0,68862
Dominica,DMA,North America,2008,71.94,17738.0,68866
Dominica,DMA,North America,2009,71.84,17534.0,68879
Dominica,DMA,North America,2010,71.68,17517.0,68872
Dominica,DMA,North America,2011,71.52,17475.0,69073
Dominica,DMA,North America,2012,71.39,17431.0,69138
Dominica,DMA,North America,2013,71.23,17283.0,69733
Dominica,DMA,North America,2014,71.19,17521.0,70387
Dominica,DMA,North America,2015,69.97,16921.0,70429
Dominica,DMA,North America,2016,71.19,17364.0,69627
Dominica,DMA,North America,2017,68.62,16314.0,68514
Dominica,DMA,North America,2018,71.38,16877.0,68195
Dominica,DMA,North America,2019,71.31,17619.0,67901
Dominica,DMA,North America,2020,71.27,14920.0,67588
Dominica,DMA,North America,2021,69.83,15809.0,67222
Dominica,DMA,North America,2022,71.08,17551.0,66847
Dominican Republic,DOM,North America,2000,70.36,10896.0,8584196
Dominican Republic,DOM,North America,2001,70.55,10991.0,8720287
Dominican Republic,DOM,North America,2002,70.72,11313.0,8852231
Dominican Republic,DOM,North America,2003,70.86,11001.0,8980626
Dominican Republic,DOM,North America,2004,70.73,11131.0,9104889
Dominican Republic,DOM,North America,2005,71.04,12023.0,9225035
Dominican Republic,DOM,North America,2006,71.05,12962.0,9341187
Dominican Republic,DOM,North America,2007,71.1,13755.0,9455663
Dominican Republic,DOM,North America,2008,71.33,14030.0,9573135
Dominican Republic,DOM,North America,2009,71.59,13992.0,9695270
Dominican Republic,DOM,North America,2010,72.04,14975.0,9820180
Dominican Republic,DOM,North America,2011,72.5,15258.0,9945623
Dominican Republic,DOM,North America,2012,72.82,15487.0,10070409
Dominican Republic,DOM,North America,2013,73.04,16055.0,10193838
Dominican Republic,DOM,North America,2014,73.14,16994.0,10315523
Dominican Republic,DOM,North America,2015,72.98,17973.0,10434826
Dominican Republic,DOM,North America,2016,72.89,18969.0,10551430
Dominican Republic,DOM,North America,2017,73.37,19502.0,10666846
Dominican Republic,DOM,North America,2018,73.56,20663.0,10782048
Dominican Republic,DOM,North America,2019,73.11,21451.0,10894043
Dominican Republic,DOM,North America,2020,72.64,19545.0,11008298
Dominican Republic,DOM,North America,2021,71.76,22053.0,11123480
Dominican Republic,DOM,North America,2022,74.21,22987.0,11230734
East Timor,TLS,Asia,2000,58.1,3784.0,745095
East Timor,TLS,Asia,2001,58.77,4038.0,812253
East Timor,TLS,Asia,2002,59.48,3481.0,879170
East Timor,TLS,Asia,2003,60.13,3265.0,916876
East Timor,TLS,Asia,2004,60.74,3235.0,929081
East Timor,TLS,Asia,2005,61.27,3264.0,948310
East Timor,TLS,Asia,2006,61.88,3039.0,976610
East Timor,TLS,Asia,2007,62.4,3257.0,1004898
East Timor,TLS,Asia,2008,62.86,3531.0,1032431
East Timor,TLS,Asia,2009,63.27,3792.0,1058783
East Timor,TLS,Asia,2010,63.66,4047.0,1084688
East Timor,TLS,Asia,2011,64.02,4190.0,1110212
East Timor,TLS,Asia,2012,64.38,4298.0,1134891
East Timor,TLS,Asia,2013,64.72,4340.0,1158697
East Timor,TLS,Asia,2014,65.03,4445.0,1181913
East Timor,TLS,Asia,2015,65.33,4468.0,1205133
East Timor,TLS,Asia,2016,65.61,4515.0,1228314
East Timor,TLS,Asia,2017,65.9,4290.0,1251711
East Timor,TLS,Asia,2018,66.2,4189.0,1275962
East Timor,TLS,Asia,2019,66.5,5103.0,1300946
East Timor,TLS,Asia,2020,66.92,6595.0,1326051
East Timor,TLS,Asia,2021,66.2,6825.0,1350142
East Timor,TLS,Asia,2022,67.37,5348.0,1369299
Ecuador,ECU,South America,2000,72.09,9183.0,12689215
Ecuador,ECU,South America,2001,72.57,9405.0,12910736
Ecuador,ECU,South America,2002,73.16,9698.0,13138473
Ecuador,ECU,South America,2003,73.63,9803.0,13372304
Ecuador,ECU,South America,2004,73.87,10291.0,13608700
Ecuador,ECU,South America,2005,73.91,10660.0,13846162
Ecuador,ECU,South America,2006,74.01,10933.0,14086138
Ecuador,ECU,South America,2007,74.23,10953.0,14328783
Ecuador,ECU,South America,2008,74.71,11475.0,14575201
Ecuador,ECU,South America,2009,74.9,11404.0,14825960
Ecuador,ECU,South America,2010,75.19,11666.0,15076697
Ecuador,ECU,South America,2011,75.18,12449.0,15326232
Ecuador,ECU,South America,2012,75.49,12961.0,15572195
Ecuador,ECU,South America,2013,75.83,13689.0,15807132
Ecuador,ECU,South America,2014,76.14,14065.0,16035127
Ecuador,ECU,South America,2015,76.22,13882.0,16266229
Ecuador,ECU,South America,2016,76.09,13587.0,16505142
Ecuador,ECU,South America,2017,76.22,14179.0,16759515
Ecuador,ECU,South America,2018,77.25,14084.0,17049542
Ecuador,ECU,South America,2019,77.29,13870.0,17340017
Ecuador,ECU,South America,2020,72.0,12440.0,17546058
Ecuador,ECU,South America,2021,72.75,13507.0,17682454
Ecuador,ECU,South America,2022,76.58,14187.0,17823900
Egypt,EGY,Africa,2000,67.33,9982.0,73083287
Egypt,EGY,Africa,2001,67.61,10117.0,74652035
Egypt,EGY,Africa,2002,67.85,10144.0,76239140
Egypt,EGY,Africa,2003,68.05,10250.0,77853548
Egypt,EGY,Africa,2004,68.21,10452.0,79477441
Egypt,EGY,Africa,2005,68.36,10701.0,81101012
Egypt,EGY,Africa,2006,68.49,11212.0,82700404
Egypt,EGY,Africa,2007,68.63,11782.0,84276224
Egypt,EGY,Africa,2008,68.76,12392.0,85864791
Egypt,EGY,Africa,2009,68.92,12728.0,87501635
Egypt,EGY,Africa,2010,69.08,13129.0,89196073
Egypt,EGY,Africa,2011,69.23,13082.0,91093066
Egypt,EGY,Africa,2012,69.46,13077.0,93161000
Egypt,EGY,Africa,2013,69.63,13058.0,95333551
Egypt,EGY,Africa,2014,69.91,13136.0,97528655
Egypt,EGY,Africa,2015,70.13,13426.0,99597334
Egypt,EGY,Africa,2016,70.44,13727.0,101644583
Egypt,EGY,Africa,2017,70.71,14018.0,103696055
Egypt,EGY,Africa,2018,70.97,14488.0,105682092
Egypt,EGY,Africa,2019,71.21,15027.0,107553159
Egypt,EGY,Africa,2020,69.79,15309.0,109315118
Egypt,EGY,Africa,2021,68.98,15579.0,110957005
Egypt,EGY,Africa,2022,71.01,16360.0,112618252
El Salvador,SLV,North America,2000,67.71,7545.0,5943363
El Salvador,SLV,North America,2001,67.96,7580.0,5968058
El Salvador,SLV,North America,2002,68.53,7676.0,5986629
El Salvador,SLV,North America,2003,68.79,7780.0,5998597
El Salvador,SLV,North America,2004,69.29,7842.0,6004673
El Salvador,SLV,North America,2005,69.34,8051.0,6005583
El Salvador,SLV,North America,2006,69.61,8404.0,6002321
El Salvador,SLV,North America,2007,69.82,8549.0,6009820
El Salvador,SLV,North America,2008,70.14,8705.0,6029302
El Salvador,SLV,North America,2009,70.36,8494.0,6048284
El Salvador,SLV,North America,2010,70.91,8649.0,6068253
El Salvador,SLV,North America,2011,71.19,8946.0,6090128
El Salvador,SLV,North America,2012,71.42,9163.0,6113977
El Salvador,SLV,North America,2013,71.23,9329.0,6138845
El Salvador,SLV,North America,2014,71.14,9452.0,6162952
El Salvador,SLV,North America,2015,70.95,9646.0,6183675
El Salvador,SLV,North America,2016,70.91,9864.0,6200808
El Salvador,SLV,North America,2017,71.01,10065.0,6213538
El Salvador,SLV,North America,2018,71.38,10297.0,6219803
El Salvador,SLV,North America,2019,71.73,10544.0,6222316
El Salvador,SLV,North America,2020,70.24,9692.0,6234679
El Salvador,SLV,North America,2021,69.94,10810.0,6255780
El Salvador,SLV,North America,2022,71.97,11086.0,6280316
Equatorial Guinea,GNQ,Africa,2000,53.4,11767.0,703287
Equatorial Guinea,GNQ,Africa,2001,53.83,18032.0,749836
Equatorial Guinea,GNQ,Africa,2002,54.32,20242.0,797968
Equatorial Guinea,GNQ,Africa,2003,54.79,21710.0,847867
Equatorial Guinea,GNQ,Africa,2004,55.31,28226.0,899924
Equatorial Guinea,GNQ,Africa,2005,55.77,31303.0,947370
Equatorial Guinea,GNQ,Africa,2006,56.35,32252.0,990349
Equatorial Guinea,GNQ,Africa,2007,56.86,35540.0,1036053
Equatorial Guinea,GNQ,Africa,2008,57.38,39995.0,1084538
Equatorial Guinea,GNQ,Africa,2009,57.88,38707.0,1135683
Equatorial Guinea,GNQ,Africa,2010,58.34,33669.0,1189097
Equatorial Guinea,GNQ,Africa,2011,58.83,34342.0,1241843
Equatorial Guinea,GNQ,Africa,2012,59.3,35711.0,1293485
Equatorial Guinea,GNQ,Africa,2013,59.78,32894.0,1346220
Equatorial Guinea,GNQ,Africa,2014,60.23,31766.0,1399829
Equatorial Guinea,GNQ,Africa,2015,60.63,27798.0,1453925
Equatorial Guinea,GNQ,Africa,2016,61.08,24435.0,1508192
Equatorial Guinea,GNQ,Africa,2017,61.48,22250.0,1562401
Equatorial Guinea,GNQ,Africa,2018,61.92,20165.0,1616425
Equatorial Guinea,GNQ,Africa,2019,62.3,18447.0,1670184
Equatorial Guinea,GNQ,Africa,2020,62.14,17089.0,1716479
Equatorial Guinea,GNQ,Africa,2021,62.45,16821.0,1758796
Equatorial Guinea,GNQ,Africa,2022,63.35,16933.0,1803549
Eritrea,ERI,Africa,2000,56.29,,2247036
Eritrea,ERI,Africa,2001,58.36,,2312083
Eritrea,ERI,Africa,2002,58.94,,2392981
Eritrea,ERI,Africa,2003,59.46,,2493906
Eritrea,ERI,Africa,2004,60.06,,2598288
Eritrea,ERI,Africa,2005,60.63,,2661215
Eritrea,ERI,Africa,2006,61.46,,2703501
Eritrea,ERI,Africa,2007,62.0,,2743226
Eritrea,ERI,Africa,2008,62.42,,2816331
Eritrea,ERI,Africa,2009,63.2,,2887887
Eritrea,ERI,Africa,2010,63.67,,2945184
Eritrea,ERI,Africa,2011,64.23,,2998493
Eritrea,ERI,Africa,2012,64.7,,3036998
Eritrea,ERI,Africa,2013,65.0,,3074367
Eritrea,ERI,Africa,2014,65.52,,3095168
Eritrea,ERI,Africa,2015,65.91,,3105554
Eritrea,ERI,Africa,2016,66.24,,3124700
Eritrea,ERI,Africa,2017,66.61,,3150350
Eritrea,ERI,Africa,2018,66.98,,3192763
Eritrea,ERI,Africa,2019,67.31,,3240194
Eritrea,ERI,Africa,2020,66.98,,3291277
Eritrea,ERI,Africa,2021,66.94,,3350185
Eritrea,ERI,Africa,2022,67.79,,3409450
Estonia,EST,Europe,2000,71.01,20527.0,1397001
Estonia,EST,Europe,2001,70.83,21873.0,1388174
Estonia,EST,Europe,2002,71.36,23538.0,1379438
Estonia,EST,Europe,2003,71.92,25485.0,1370849
Estonia,EST,Europe,2004,72.38,27382.0,1362682
Estonia,EST,Europe,2005,73.03,30161.0,1354847
Estonia,EST,Europe,2006,73.2,33301.0,1346885
Estonia,EST,Europe,2007,73.15,35987.0,1340709
Estonia,EST,Europe,2008,74.28,34234.0,1337078
Estonia,EST,Europe,2009,75.15,29282.0,1334528
Estonia,EST,Europe,2010,75.88,30068.0,1331450
Estonia,EST,Europe,2011,76.35,32453.0,1327366
Estonia,EST,Europe,2012,76.42,33765.0,1322615
Estonia,EST,Europe,2013,77.25,34481.0,1317920
Estonia,EST,Europe,2014,77.11,35720.0,1314457
Estonia,EST,Europe,2015,77.67,36353.0,1314580
Estonia,EST,Europe,2016,77.76,37467.0,1315850
Estonia,EST,Europe,2017,78.18,39530.0,1317430
Estonia,EST,Europe,2018,78.33,40850.0,1321972
Estonia,EST,Europe,2019,78.77,42215.0,1326822
Estonia,EST,Europe,2020,78.89,40917.0,1329675
Estonia,EST,Europe,2021,77.41,44247.0,1331750
Estonia,EST,Europe,2022,78.17,43125.0,1350093
Eswatini,SWZ,Africa,2000,47.63,6106.0,1041428
Eswatini,SWZ,Africa,2001,46.34,6135.0,1051066
Eswatini,SWZ,Africa,2002,45.38,6336.0,1059456
Eswatini,SWZ,Africa,2003,44.63,6578.0,1066706
Eswatini,SWZ,Africa,2004,43.91,6775.0,1073170
Eswatini,SWZ,Africa,2005,43.96,7142.0,1079022
Eswatini,SWZ,Africa,2006,44.56,7585.0,1084442
Eswatini,SWZ,Africa,2007,45.16,7867.0,1090713
Eswatini,SWZ,Africa,2008,45.85,7926.0,1098098
Eswatini,SWZ,Africa,2009,46.91,7989.0,1105158
Eswatini,SWZ,Africa,2010,48.33,8246.0,1111651
Eswatini,SWZ,Africa,2011,49.06,8351.0,1117845
Eswatini,SWZ,Africa,2012,50.71,8646.0,1123870
Eswatini,SWZ,Africa,2013,52.11,8951.0,1130000
Eswatini,SWZ,Africa,2014,53.49,9084.0,1136305
Eswatini,SWZ,Africa,2015,54.94,9187.0,1142822
Eswatini,SWZ,Africa,2016,56.23,9403.0,1149516
Eswatini,SWZ,Africa,2017,57.57,9661.0,1158198
Eswatini,SWZ,Africa,2018,58.71,9578.0,1168933
Eswatini,SWZ,Africa,2019,59.85,10100.0,1179885
Eswatini,SWZ,Africa,2020,59.86,9696.0,1192734
Eswatini,SWZ,Africa,2021,58.23,9990.0,1206598
Eswatini,SWZ,Africa,2022,63.03,9928.0,1218921
Ethiopia,ETH,Africa,2000,50.88,810.0,67411496
Ethiopia,ETH,Africa,2001,51.43,851.0,69487767
Ethiopia,ETH,Africa,2002,52.09,838.0,71635521
Ethiopia,ETH,Africa,2003,52.88,796.0,73832664
Ethiopia,ETH,Africa,2004,53.73,877.0,76077211
Ethiopia,ETH,Africa,2005,54.36,952.0,78367476
Ethiopia,ETH,Africa,2006,55.4,1025.0,80703495
Ethiopia,ETH,Africa,2007,56.57,1109.0,83103218
Ethiopia,ETH,Africa,2008,57.73,1194.0,85543670
Ethiopia,ETH,Africa,2009,58.72,1262.0,88007641
Ethiopia,ETH,Africa,2010,59.71,1381.0,90538518
Ethiopia,ETH,Africa,2011,60.59,1493.0,93149977
Ethiopia,ETH,Africa,2012,61.44,1577.0,95798771
Ethiopia,ETH,Africa,2013,62.16,1697.0,98438752
Ethiopia,ETH,Africa,2014,62.93,1821.0,101115615
Ethiopia,ETH,Africa,2015,63.59,1957.0,103867140
Ethiopia,ETH,Africa,2016,64.16,2085.0,106718163
Ethiopia,ETH,Africa,2017,64.77,2223.0,109666482
Ethiopia,ETH,Africa,2018,65.26,2311.0,112664157
Ethiopia,ETH,Africa,2019,65.74,2438.0,115737384
Ethiopia,ETH,Africa,2020,65.97,2517.0,118917670
Ethiopia,ETH,Africa,2021,65.33,2588.0,122138588
Ethiopia,ETH,Africa,2022,66.9,2656.0,125384285
Falkland Islands,FLK,South America,2000,71.13,,3119
Falkland Islands,FLK,South America,2001,72.27,,3167
Falkland Islands,FLK,South America,2002,73.24,,3193
Falkland Islands,FLK,South America,2003,74.03,,3212
Falkland Islands,FLK,South America,2004,74.7,,3230
Falkland Islands,FLK,South America,2005,75.34,,3242
Falkland Islands,FLK,South America,2006,75.94,,3254
Falkland Islands,FLK,South America,2007,76.49,,3249
Falkland Islands,FLK,South America,2008,76.95,,3244
Falkland Islands,FLK,South America,2009,77.39,,3233
Falkland Islands,FLK,South America,2010,77.73,,3218
Falkland Islands,FLK,South America,2011,77.98,,3205
Falkland Islands,FLK,South America,2012,78.19,,3223
Falkland Islands,FLK,South America,2013,78.3,,3291
Falkland Islands,FLK,South America,2014,78.36,,3362
Falkland Islands,FLK,South America,2015,78.43,,3432
Falkland Islands,FLK,South America,2016,78.48,,3499
Falkland Islands,FLK,South America,2017,78.51,,3541
Falkland Islands,FLK,South America,2018,78.56,,3549
Falkland Islands,FLK,South America,2019,78.61,,3541
Falkland Islands,FLK,South America,2020,78.78,,3537
Falkland Islands,FLK,South America,2021,78.99,,3524
Falkland Islands,FLK,South America,2022,79.04,,3515
Faroe Islands,FRO,Europe,2000,78.25,,45687
Faroe Islands,FRO,Europe,2001,78.33,,46262
Faroe Islands,FRO,Europe,2002,78.37,,46852
Faroe Islands,FRO,Europe,2003,78.39,,47448
Faroe Islands,FRO,Europe,2004,78.38,,48041
Faroe Islands,FRO,Europe,2005,78.36,,48386
Faroe Islands,FRO,Europe,2006,78.39,,48456
Faroe Islands,FRO,Europe,2007,78.44,,48498
Faroe Islands,FRO,Europe,2008,78.52,54263.0,48528
Faroe Islands,FRO,Europe,2009,78.62,51535.0,48512
Faroe Islands,FRO,Europe,2010,78.73,51480.0,48191
Faroe Islands,FRO,Europe,2011,78.89,53441.0,47957
Faroe Islands,FRO,Europe,2012,79.02,57525.0,48113
Faroe Islands,FRO,Europe,2013,79.15,60950.0,48297
Faroe Islands,FRO,Europe,2014,79.3,64019.0,48515
Faroe Islands,FRO,Europe,2015,79.43,64010.0,48916
Faroe Islands,FRO,Europe,2016,79.57,64156.0,49554
Faroe Islands,FRO,Europe,2017,79.69,65462.0,50268
Faroe Islands,FRO,Europe,2018,79.81,66192.0,51062
Faroe Islands,FRO,Europe,2019,79.91,68137.0,51868
Faroe Islands,FRO,Europe,2020,79.98,66038.0,52615
Faroe Islands,FRO,Europe,2021,79.79,68433.0,53324
Faroe Islands,FRO,Europe,2022,79.26,70268.0,54039
Fiji,FJI,Oceania,2000,66.19,9071.0,840913
Fiji,FJI,Oceania,2001,66.2,9158.0,849606
Fiji,FJI,Oceania,2002,65.49,9358.0,858057
Fiji,FJI,Oceania,2003,65.65,9361.0,866297
Fiji,FJI,Oceania,2004,65.84,9767.0,874369
Fiji,FJI,Oceania,2005,65.98,9746.0,882384
Fiji,FJI,Oceania,2006,66.13,9837.0,890370
Fiji,FJI,Oceania,2007,66.16,9672.0,897843
Fiji,FJI,Oceania,2008,66.32,9712.0,903403
Fiji,FJI,Oceania,2009,66.35,9537.0,907248
Fiji,FJI,Oceania,2010,66.78,9784.0,910427
Fiji,FJI,Oceania,2011,66.88,10021.0,912991
Fiji,FJI,Oceania,2012,65.81,10141.0,914920
Fiji,FJI,Oceania,2013,66.54,10604.0,916359
Fiji,FJI,Oceania,2014,66.58,11183.0,917589
Fiji,FJI,Oceania,2015,66.48,11674.0,918585
Fiji,FJI,Oceania,2016,66.66,11952.0,919167
Fiji,FJI,Oceania,2017,67.06,12597.0,918762
Fiji,FJI,Oceania,2018,66.96,13100.0,917185
Fiji,FJI,Oceania,2019,67.01,13056.0,914906
Fiji,FJI,Oceania,2020,66.92,10812.0,914971
Fiji,FJI,Oceania,2021,64.9,10322.0,916718
Fiji,FJI,Oceania,2022,67.15,12118.0,919428
Finland,FIN,Europe,2000,77.67,46969.0,5176197
Finland,FIN,Europe,2001,78.14,48099.0,5187970
Finland,FIN,Europe,2002,78.27,48792.0,5200548
Finland,FIN,Europe,2003,78.53,49656.0,5212958
Finland,FIN,Europe,2004,78.85,51495.0,5228147
Finland,FIN,Europe,2005,78.97,52744.0,5246078
Finland,FIN,Europe,2006,79.37,54654.0,5266248
Finland,FIN,Europe,2007,79.39,57313.0,5288715
Finland,FIN,Europe,2008,79.69,57495.0,5313379
Finland,FIN,Europe,2009,79.83,52599.0,5338854
Finland,FIN,Europe,2010,80.01,54018.0,5363347
Finland,FIN,Europe,2011,80.39,55053.0,5388236
Finland,FIN,Europe,2012,80.51,53958.0,5413978
Finland,FIN,Europe,2013,80.87,53183.0,5439057
Finland,FIN,Europe,2014,81.05,52711.0,5461686
Finland,FIN,Europe,2015,81.38,52782.0,5479719
Finland,FIN,Europe,2016,81.3,53985.0,5495468
Finland,FIN,Europe,2017,81.5,55637.0,5508398
Finland,FIN,Europe,2018,81.63,56226.0,5515730
Finland,FIN,Europe,2019,81.86,56922.0,5521754
Finland,FIN,Europe,2020,81.82,55425.0,5529616
Finland,FIN,Europe,2021,81.81,56790.0,5541069
Finland,FIN,Europe,2022,81.24,57068.0,5569300
France,FRA,Europe,2000,79.04,45922.0,59483716
France,FRA,Europe,2001,79.22,46455.0,59905131
France,FRA,Europe,2002,79.41,46611.0,60327247
France,FRA,Europe,2003,79.42,46731.0,60741119
France,FRA,Europe,2004,80.34,47720.0,61175244
France,FRA,Europe,2005,80.34,48257.0,61625031
France,FRA,Europe,2006,80.74,49223.0,62049831
France,FRA,Europe,2007,80.96,50158.0,62432438
France,FRA,Europe,2008,81.04,50068.0,62780187
France,FRA,Europe,2009,81.16,48405.0,63106460
France,FRA,Europe,2010,81.4,49130.0,63417366
France,FRA,Europe,2011,81.78,50086.0,63733776
France,FRA,Europe,2012,81.74,49936.0,64058465
France,FRA,Europe,2013,81.98,50067.0,64387736
France,FRA,Europe,2014,82.44,50327.0,64692495
France,FRA,Europe,2015,82.15,50683.0,64916337
France,FRA,Europe,2016,82.4,50984.0,65086853
France,FRA,Europe,2017,82.44,51896.0,65284775
France,FRA,Europe,2018,82.57,52561.0,65519537
France,FRA,Europe,2019,82.73,53449.0,65729460
France,FRA,Europe,2020,82.2,49311.0,65905273
France,FRA,Europe,2021,82.32,52517.0,66083547
France,FRA,Europe,2022,82.48,53674.0,66277412
French Guiana,GUF,South America,2000,72.97,,160633
French Guiana,GUF,South America,2001,73.32,,168544
French Guiana,GUF,South America,2002,73.49,,176719
French Guiana,GUF,South America,2003,73.58,,185101
French Guiana,GUF,South America,2004,73.8,,193656
French Guiana,GUF,South America,2005,74.13,,202452
French Guiana,GUF,South America,2006,74.57,,210976
French Guiana,GUF,South America,2007,74.95,,219123
French Guiana,GUF,South America,2008,75.37,,226106
French Guiana,GUF,South America,2009,75.64,,230715
French Guiana,GUF,South America,2010,75.85,,234578
French Guiana,GUF,South America,2011,76.02,,239525
French Guiana,GUF,South America,2012,76.22,,245784
French Guiana,GUF,South America,2013,76.46,,253250
French Guiana,GUF,South America,2014,76.68,,260564
French Guiana,GUF,South America,2015,76.63,,266377
French Guiana,GUF,South America,2016,76.65,,271278
French Guiana,GUF,South America,2017,76.8,,276158
French Guiana,GUF,South America,2018,77.24,,280972
French Guiana,GUF,South America,2019,76.57,,285574
French Guiana,GUF,South America,2020,77.51,,289063
French Guiana,GUF,South America,2021,74.2,,293023
French Guiana,GUF,South America,2022,76.79,,298319
French Polynesia,PYF,Oceania,2000,79.0,,240346
French Polynesia,PYF,Oceania,2001,79.32,,244107
French Polynesia,PYF,Oceania,2002,79.54,,247785
French Polynesia,PYF,Oceania,2003,79.71,,251650
French Polynesia,PYF,Oceania,2004,79.83,,255663
French Polynesia,PYF,Oceania,2005,79.95,,259517
French Polynesia,PYF,Oceania,2006,80.1,,263234
French Polynesia,PYF,Oceania,2007,80.33,,266448
French Polynesia,PYF,Oceania,2008,80.59,,268390
French Polynesia,PYF,Oceania,2009,80.87,,269494
French Polynesia,PYF,Oceania,2010,81.14,,270590
French Polynesia,PYF,Oceania,2011,81.43,,271734
French Polynesia,PYF,Oceania,2012,81.7,,273092
French Polynesia,PYF,Oceania,2013,81.94,,274736
French Polynesia,PYF,Oceania,2014,82.15,,276391
French Polynesia,PYF,Oceania,2015,82.34,,277877
French Polynesia,PYF,Oceania,2016,82.56,,279180
French Polynesia,PYF,Oceania,2017,82.77,,280096
French Polynesia,PYF,Oceania,2018,82.99,,279823
French Polynesia,PYF,Oceania,2019,83.2,,279040
French Polynesia,PYF,Oceania,2020,82.46,,279218
French Polynesia,PYF,Oceania,2021,79.57,,279808
French Polynesia,PYF,Oceania,2022,83.86,,280388
Gabon,GAB,Africa,2000,61.81,21717.0,1275578
Gabon,GAB,Africa,2001,61.98,21605.0,1309594
Gabon,GAB,Africa,2002,62.18,20981.0,1345142
Gabon,GAB,Africa,2003,62.46,20875.0,1382354
Gabon,GAB,Africa,2004,62.69,20439.0,1421620
Gabon,GAB,Africa,2005,62.98,20385.0,1463503
Gabon,GAB,Africa,2006,63.26,19224.0,1508338
Gabon,GAB,Africa,2007,63.62,19752.0,1556242
Gabon,GAB,Africa,2008,64.01,18493.0,1607182
Gabon,GAB,Africa,2009,64.36,17911.0,1661567
Gabon,GAB,Africa,2010,64.71,18531.0,1719883
Gabon,GAB,Africa,2011,65.1,19153.0,1781987
Gabon,GAB,Africa,2012,65.44,19450.0,1846893
Gabon,GAB,Africa,2013,65.75,19836.0,1913061
Gabon,GAB,Africa,2014,66.07,20009.0,1978400
Gabon,GAB,Africa,2015,66.34,20148.0,2040990
Gabon,GAB,Africa,2016,66.58,19988.0,2100310
Gabon,GAB,Africa,2017,66.82,19556.0,2156902
Gabon,GAB,Africa,2018,67.04,19226.0,2212320
Gabon,GAB,Africa,2019,67.34,19491.0,2267711
Gabon,GAB,Africa,2020,67.07,18681.0,2322538
Gabon,GAB,Africa,2021,67.07,18524.0,2376729
Gabon,GAB,Africa,2022,67.71,18662.0,2430750
Gambia,GMB,Africa,2000,56.9,2659.0,1455095
Gambia,GMB,Africa,2001,57.28,2738.0,1495023
Gambia,GMB,Africa,2002,57.74,2579.0,1535700
Gambia,GMB,Africa,2003,58.22,2682.0,1577619
Gambia,GMB,Africa,2004,58.75,2794.0,1621309
Gambia,GMB,Africa,2005,59.11,2654.0,1667035
Gambia,GMB,Africa,2006,59.67,2565.0,1715285
Gambia,GMB,Africa,2007,60.0,2567.0,1765778
Gambia,GMB,Africa,2008,60.47,2650.0,1817859
Gambia,GMB,Africa,2009,60.73,2745.0,1871428
Gambia,GMB,Africa,2010,61.17,2824.0,1926634
Gambia,GMB,Africa,2011,61.56,2520.0,1983785
Gambia,GMB,Africa,2012,61.9,2575.0,2043097
Gambia,GMB,Africa,2013,62.25,2572.0,2103825
Gambia,GMB,Africa,2014,62.58,2465.0,2164535
Gambia,GMB,Africa,2015,62.97,2496.0,2224530
Gambia,GMB,Africa,2016,63.39,2478.0,2283775
Gambia,GMB,Africa,2017,63.71,2533.0,2342191
Gambia,GMB,Africa,2018,64.03,2651.0,2399633
Gambia,GMB,Africa,2019,64.43,2751.0,2456847
Gambia,GMB,Africa,2020,64.42,2702.0,2515744
Gambia,GMB,Africa,2021,63.85,2778.0,2576015
Gambia,GMB,Africa,2022,64.86,2863.0,2636472
Georgia,GEO,Asia,2000,70.09,5706.0,4328361
Georgia,GEO,Asia,2001,70.37,6074.0,4209641
Georgia,GEO,Asia,2002,70.44,6464.0,4127854
Georgia,GEO,Asia,2003,71.38,7228.0,4085489
Georgia,GEO,Asia,2004,71.01,7694.0,4056076
Georgia,GEO,Asia,2005,70.69,8486.0,4026135
Georgia,GEO,Asia,2006,70.98,9338.0,3996584
Georgia,GEO,Asia,2007,70.99,10567.0,3967592
Georgia,GEO,Asia,2008,70.95,10856.0,3941192
Georgia,GEO,Asia,2009,71.06,10553.0,3918935
Georgia,GEO,Asia,2010,71.73,11294.0,3895932
Georgia,GEO,Asia,2011,72.48,12289.0,3868724
Georgia,GEO,Asia,2012,72.67,13194.0,3839208
Georgia,GEO,Asia,2013,73.02,13913.0,3809128
Georgia,GEO,Asia,2014,73.11,14475.0,3792921
Georgia,GEO,Asia,2015,73.24,14937.0,3791570
Georgia,GEO,Asia,2016,73.14,15443.0,3792061
Georgia,GEO,Asia,2017,73.43,16238.0,3792860
Georgia,GEO,Asia,2018,73.98,17229.0,3794881
Georgia,GEO,Asia,2019,74.16,18187.0,3796722
Georgia,GEO,Asia,2020,73.51,17031.0,3795680
Georgia,GEO,Asia,2021,71.64,18916.0,3788450
Georgia,GEO,Asia,2022,74.14,20967.0,3794782
Germany,DEU,Europe,2000,78.06,49956.0,81797255
Germany,DEU,Europe,2001,78.4,50688.0,81933882
Germany,DEU,Europe,2002,78.47,50487.0,82068328
Germany,DEU,Europe,2003,78.54,50192.0,82111619
Germany,DEU,Europe,2004,79.12,50786.0,82092706
Germany,DEU,Europe,2005,79.25,51265.0,82046733
Germany,DEU,Europe,2006,79.59,53307.0,81701971
Germany,DEU,Europe,2007,79.73,54921.0,81298546
Germany,DEU,Europe,2008,79.82,55514.0,81110780
Germany,DEU,Europe,2009,79.92,52569.0,80935276
Germany,DEU,Europe,2010,80.08,54826.0,80830916
Germany,DEU,Europe,2011,80.35,57951.0,80857877
Germany,DEU,Europe,2012,80.5,58110.0,80916391
Germany,DEU,Europe,2013,80.45,58182.0,81041581
Germany,DEU,Europe,2014,80.91,59203.0,81376078
Germany,DEU,Europe,2015,80.57,59669.0,82077546
Germany,DEU,Europe,2016,80.84,60505.0,82760102
Germany,DEU,Europe,2017,80.94,61965.0,83104010
Germany,DEU,Europe,2018,80.87,62481.0,83368507
Germany,DEU,Europe,2019,81.19,62950.0,83559184
Germany,DEU,Europe,2020,81.0,60300.0,83628711
Germany,DEU,Europe,2021,81.11,62631.0,83697080
Germany,DEU,Europe,2022,80.58,63778.0,84086227
Ghana,GHA,Africa,2000,58.14,3327.0,19637085
Ghana,GHA,Africa,2001,58.4,3370.0,20167073
Ghana,GHA,Africa,2002,58.71,3426.0,20729392
Ghana,GHA,Africa,2003,59.01,3508.0,21296710
Ghana,GHA,Africa,2004,59.32,3607.0,21868298
Ghana,GHA,Africa,2005,59.64,3721.0,22449446
Ghana,GHA,Africa,2006,59.98,3858.0,23040704
Ghana,GHA,Africa,2007,60.28,3923.0,23642284
Ghana,GHA,Africa,2008,60.58,4175.0,24249945
Ghana,GHA,Africa,2009,60.93,4269.0,24862667
Ghana,GHA,Africa,2010,61.3,4496.0,25475000
Ghana,GHA,Africa,2011,61.62,5005.0,26095091
Ghana,GHA,Africa,2012,62.0,5340.0,26734273
Ghana,GHA,Africa,2013,62.4,5594.0,27386193
Ghana,GHA,Africa,2014,62.83,5619.0,28041592
Ghana,GHA,Africa,2015,63.17,5607.0,28696071
Ghana,GHA,Africa,2016,63.52,5666.0,29356736
Ghana,GHA,Africa,2017,63.83,5994.0,30008364
Ghana,GHA,Africa,2018,64.14,6235.0,30637592
Ghana,GHA,Africa,2019,64.46,6508.0,31258943
Ghana,GHA,Africa,2020,64.31,6413.0,31887802
Ghana,GHA,Africa,2021,64.29,6608.0,32518662
Ghana,GHA,Africa,2022,65.25,6728.0,33149152
Gibraltar,GIB,Europe,2000,80.14,,27734
Gibraltar,GIB,Europe,2001,80.42,,27685
Gibraltar,GIB,Europe,2002,80.59,,27850
Gibraltar,GIB,Europe,2003,80.71,,28301
Gibraltar,GIB,Europe,2004,80.86,,28741
Gibraltar,GIB,Europe,2005,80.99,,29191
Gibraltar,GIB,Europe,2006,81.1,,29620
Gibraltar,GIB,Europe,2007,81.27,,30032
Gibraltar,GIB,Europe,2008,81.54,,30431
Gibraltar,GIB,Europe,2009,81.81,,30847
Gibraltar,GIB,Europe,2010,82.08,,31271
Gibraltar,GIB,Europe,2011,82.33,,31685
Gibraltar,GIB,Europe,2012,82.53,,32054
Gibraltar,GIB,Europe,2013,82.59,,32429
Gibraltar,GIB,Europe,2014,82.64,,32836
Gibraltar,GIB,Europe,2015,82.67,,33214
Gibraltar,GIB,Europe,2016,82.74,,33682
Gibraltar,GIB,Europe,2017,82.86,,34267
Gibraltar,GIB,Europe,2018,83.03,,34883
Gibraltar,GIB,Europe,2019,83.18,,35518
Gibraltar,GIB,Europe,2020,83.07,,36198
Gibraltar,GIB,Europe,2021,80.27,,36881
Gibraltar,GIB,Europe,2022,83.52,,37631
Greece,GRC,Europe,2000,78.44,31387.0,10782638
Greece,GRC,Europe,2001,78.91,32676.0,10843166
Greece,GRC,Europe,2002,79.03,34081.0,10890287
Greece,GRC,Europe,2003,79.08,35971.0,10918467
Greece,GRC,Europe,2004,79.35,37811.0,10947369
Greece,GRC,Europe,2005,79.65,38147.0,10981340
Greece,GRC,Europe,2006,79.76,40483.0,11016107
Greece,GRC,Europe,2007,79.66,41796.0,11045737
Greece,GRC,Europe,2008,80.1,41709.0,11076874
Greece,GRC,Europe,2009,80.37,39886.0,11108067
Greece,GRC,Europe,2010,80.57,37567.0,11124666
Greece,GRC,Europe,2011,80.62,33906.0,11108838
Greece,GRC,Europe,2012,80.42,31250.0,11048291
Greece,GRC,Europe,2013,81.07,30762.0,10967534
Greece,GRC,Europe,2014,81.12,31213.0,10893169
Greece,GRC,Europe,2015,80.79,31348.0,10820902
Greece,GRC,Europe,2016,81.27,31469.0,10775506
Greece,GRC,Europe,2017,80.96,31995.0,10753532
Greece,GRC,Europe,2018,81.5,32722.0,10730846
Greece,GRC,Europe,2019,81.35,33503.0,10718581
Greece,GRC,Europe,2020,81.54,30487.0,10699370
Greece,GRC,Europe,2021,80.53,33528.0,10579561
Greece,GRC,Europe,2022,79.94,35828.0,10412481
Greenland,GRL,North America,2000,65.63,44992.0,56228
Greenland,GRL,North America,2001,66.27,45406.0,56433
Greenland,GRL,North America,2002,67.01,44793.0,56617
Greenland,GRL,North America,2003,67.62,46649.0,56781
Greenland,GRL,North America,2004,67.55,49742.0,56926
Greenland,GRL,North America,2005,67.77,52189.0,56969
Greenland,GRL,North America,2006,68.14,55244.0,56901
Greenland,GRL,North America,2007,68.34,56763.0,56807
Greenland,GRL,North America,2008,68.4,60506.0,56683
Greenland,GRL,North America,2009,68.38,61036.0,56547
Greenland,GRL,North America,2010,68.45,61863.0,56634
Greenland,GRL,North America,2011,68.79,61171.0,56853
Greenland,GRL,North America,2012,69.35,62111.0,56797
Greenland,GRL,North America,2013,69.8,61660.0,56532
Greenland,GRL,North America,2014,70.09,64799.0,56195
Greenland,GRL,North America,2015,70.23,63364.0,56048
Greenland,GRL,North America,2016,70.39,66246.0,56082
Greenland,GRL,North America,2017,70.39,66297.0,56094
Greenland,GRL,North America,2018,70.35,66888.0,56100
Greenland,GRL,North America,2019,70.26,68535.0,56109
Greenland,GRL,North America,2020,70.16,68534.0,56105
Greenland,GRL,North America,2021,70.05,69302.0,56065
Greenland,GRL,North America,2022,70.05,70681.0,56014
Grenada,GRD,North America,2000,72.95,11625.0,107466
Grenada,GRD,North America,2001,73.03,11333.0,107998
Grenada,GRD,North America,2002,73.14,11678.0,108414
Grenada,GRD,North America,2003,73.29,12727.0,108895
Grenada,GRD,North America,2004,72.45,12593.0,109338
Grenada,GRD,North America,2005,73.7,14212.0,109744
Grenada,GRD,North America,2006,73.93,13594.0,110149
Grenada,GRD,North America,2007,74.16,14376.0,110532
Grenada,GRD,North America,2008,74.37,14464.0,110911
Grenada,GRD,North America,2009,74.57,13464.0,111266
Grenada,GRD,North America,2010,74.73,13355.0,111600
Grenada,GRD,North America,2011,74.86,13398.0,112093
Grenada,GRD,North America,2012,74.96,13161.0,112792
Grenada,GRD,North America,2013,75.02,13386.0,113499
Grenada,GRD,North America,2014,75.04,14288.0,114148
Grenada,GRD,North America,2015,75.04,15137.0,114691
Grenada,GRD,North America,2016,75.01,15641.0,115147
Grenada,GRD,North America,2017,74.98,16291.0,115448
Grenada,GRD,North America,2018,74.96,16965.0,115703
Grenada,GRD,North America,2019,74.97,17037.0,115995
Grenada,GRD,North America,2020,75.02,14648.0,116353
Grenada,GRD,North America,2021,74.52,15290.0,116696
Grenada,GRD,North America,2022,75.15,16376.0,116928
Guadeloupe,GLP,North America,2000,77.08,,419565
Guadeloupe,GLP,North America,2001,77.27,,417844
Guadeloupe,GLP,North America,2002,77.81,,415762
Guadeloupe,GLP,North America,2003,78.17,,413418
Guadeloupe,GLP,North America,2004,78.35,,410859
Guadeloupe,GLP,North America,2005,78.18,,408085
Guadeloupe,GLP,North America,2006,78.43,,407230
Guadeloupe,GLP,North America,2007,79.05,,408303
Guadeloupe,GLP,North America,2008,79.66,,408987
Guadeloupe,GLP,North America,2009,79.75,,408998
Guadeloupe,GLP,North America,2010,80.12,,408815
Guadeloupe,GLP,North America,2011,80.45,,409063
Guadeloupe,GLP,North America,2012,80.97,,409153
Guadeloupe,GLP,North America,2013,80.79,,408367
Guadeloupe,GLP,North America,2014,81.19,,406652
Guadeloupe,GLP,North America,2015,81.27,,403950
Guadeloupe,GLP,North America,2016,81.64,,404642
Guadeloupe,GLP,North America,2017,81.75,,412701
Guadeloupe,GLP,North America,2018,81.38,,415184
Guadeloupe,GLP,North America,2019,81.39,,410266
Guadeloupe,GLP,North America,2020,80.65,,407401
Guadeloupe,GLP,North America,2021,78.21,,399157
Guadeloupe,GLP,North America,2022,80.91,,384702
Guam,GUM,Oceania,2000,74.89,,160078
Guam,GUM,Oceania,2001,75.19,,161339
Guam,GUM,Oceania,2002,75.51,,162326
Guam,GUM,Oceania,2003,75.88,,163146
Guam,GUM,Oceania,2004,76.11,,163815
Guam,GUM,Oceania,2005,76.43,,164373
Guam,GUM,Oceania,2006,76.48,,164848
Guam,GUM,Oceania,2007,76.4,,165278
Guam,GUM,Oceania,2008,76.23,,165704
Guam,GUM,Oceania,2009,76.14,,166189
Guam,GUM,Oceania,2010,76.1,,166533
Guam,GUM,Oceania,2011,76.15,,166554
Guam,GUM,Oceania,2012,76.24,,166348
Guam,GUM,Oceania,2013,76.36,,165979
Guam,GUM,Oceania,2014,76.42,,165492
Guam,GUM,Oceania,2015,76.44,,164914
Guam,GUM,Oceania,2016,76.45,,164240
Guam,GUM,Oceania,2017,76.46,,163501
Guam,GUM,Oceania,2018,76.56,,162689
Guam,GUM,Oceania,2019,76.65,,161819
Guam,GUM,Oceania,2020,75.53,,162167
Guam,GUM,Oceania,2021,75.43,,163741
Guam,GUM,Oceania,2022,77.1,,165193
Guatemala,GTM,North America,2000,67.1,8770.0,11697592
Guatemala,GTM,North America,2001,67.44,8771.0,11969423
Guatemala,GTM,North America,2002,67.83,8902.0,12246923
Guatemala,GTM,North America,2003,68.2,8926.0,12525843
Guatemala,GTM,North America,2004,68.24,9004.0,12807409
Guatemala,GTM,North America,2005,68.17,9100.0,13087637
Guatemala,GTM,North America,2006,68.79,9386.0,13367455
Guatemala,GTM,North America,2007,69.3,9773.0,13652042
Guatemala,GTM,North America,2008,69.49,9890.0,13935172
Guatemala,GTM,North America,2009,69.68,9741.0,14215614
Guatemala,GTM,North America,2010,69.89,9825.0,14500118
Guatemala,GTM,North America,2011,70.32,10032.0,14792123
Guatemala,GTM,North America,2012,70.72,10127.0,15089639
Guatemala,GTM,North America,2013,70.88,10298.0,15387339
Guatemala,GTM,North America,2014,70.94,10554.0,15681725
Guatemala,GTM,North America,2015,70.91,10786.0,15971745
Guatemala,GTM,North America,2016,71.22,10873.0,16268761
Guatemala,GTM,North America,2017,71.58,11005.0,16567363
Guatemala,GTM,North America,2018,71.5,11192.0,16845688
Guatemala,GTM,North America,2019,71.64,11466.0,17103803
Guatemala,GTM,North America,2020,69.97,11097.0,17357331
Guatemala,GTM,North America,2021,67.86,11825.0,17598652
Guatemala,GTM,North America,2022,71.21,12144.0,17847877
Guernsey,GGY,Europe,2000,79.39,,60295
Guernsey,GGY,Europe,2001,79.49,,60484
Guernsey,GGY,Europe,2002,79.61,,60611
Guernsey,GGY,Europe,2003,79.68,,60704
Guernsey,GGY,Europe,2004,80.43,,60806
Guernsey,GGY,Europe,2005,80.73,,60897
Guernsey,GGY,Europe,2006,81.16,,61015
Guernsey,GGY,Europe,2007,81.31,,61126
Guernsey,GGY,Europe,2008,81.56,,61255
Guernsey,GGY,Europe,2009,81.9,,61390
Guernsey,GGY,Europe,2010,82.31,,61539
Guernsey,GGY,Europe,2011,82.64,,61699
Guernsey,GGY,Europe,2012,82.35,,61881
Guernsey,GGY,Europe,2013,82.84,,62045
Guernsey,GGY,Europe,2014,83.01,,62188
Guernsey,GGY,Europe,2015,82.75,,62259
Guernsey,GGY,Europe,2016,82.56,,62216
Guernsey,GGY,Europe,2017,82.32,,62214
Guernsey,GGY,Europe,2018,82.75,,62458
Guernsey,GGY,Europe,2019,83.28,,62808
Guernsey,GGY,Europe,2020,83.35,,63128
Guernsey,GGY,Europe,2021,81.97,,63436
Guernsey,GGY,Europe,2022,83.11,,63750
Guinea,GIN,Africa,2000,52.42,2358.0,8428837
Guinea,GIN,Africa,2001,52.67,2413.0,8539963
Guinea,GIN,Africa,2002,53.2,2498.0,8674072
Guinea,GIN,Africa,2003,53.59,2473.0,8870790
Guinea,GIN,Africa,2004,53.97,2478.0,9062724
Guinea,GIN,Africa,2005,54.42,2501.0,9245844
Guinea,GIN,Africa,2006,54.88,2479.0,9441174
Guinea,GIN,Africa,2007,55.23,2587.0,9662278
Guinea,GIN,Africa,2008,55.7,2630.0,9898870
Guinea,GIN,Africa,2009,56.05,2537.0,10143540
Guinea,GIN,Africa,2010,56.43,2595.0,10396090
Guinea,GIN,Africa,2011,56.78,2673.0,10656812
Guinea,GIN,Africa,2012,57.12,2763.0,10921580
Guinea,GIN,Africa,2013,57.46,2803.0,11191874
Guinea,GIN,Africa,2014,57.58,2835.0,11472921
Guinea,GIN,Africa,2015,57.9,2870.0,11767077
Guinea,GIN,Africa,2016,58.49,3100.0,12073031
Guinea,GIN,Africa,2017,58.72,3333.0,12385668
Guinea,GIN,Africa,2018,59.04,3456.0,12704776
Guinea,GIN,Africa,2019,59.38,3557.0,13034349
Guinea,GIN,Africa,2020,59.35,3631.0,13371185
Guinea,GIN,Africa,2021,59.37,3739.0,13710515
Guinea,GIN,Africa,2022,60.43,3792.0,14055136
Guinea-Bissau,GNB,Africa,2000,50.56,1975.0,1234747
Guinea-Bissau,GNB,Africa,2001,51.05,2026.0,1261281
Guinea-Bissau,GNB,Africa,2002,51.61,2054.0,1289317
Guinea-Bissau,GNB,Africa,2003,52.19,2002.0,1318809
Guinea-Bissau,GNB,Africa,2004,52.8,1980.0,1349569
Guinea-Bissau,GNB,Africa,2005,52.95,2061.0,1381590
Guinea-Bissau,GNB,Africa,2006,54.09,2065.0,1415315
Guinea-Bissau,GNB,Africa,2007,54.87,2066.0,1450989
Guinea-Bissau,GNB,Africa,2008,55.3,2106.0,1488059
Guinea-Bissau,GNB,Africa,2009,56.3,2103.0,1526384
Guinea-Bissau,GNB,Africa,2010,57.0,2164.0,1566352
Guinea-Bissau,GNB,Africa,2011,57.66,2279.0,1608084
Guinea-Bissau,GNB,Africa,2012,58.27,2181.0,1651425
Guinea-Bissau,GNB,Africa,2013,58.88,2193.0,1695980
Guinea-Bissau,GNB,Africa,2014,59.48,2156.0,1741126
Guinea-Bissau,GNB,Africa,2015,60.07,2231.0,1786461
Guinea-Bissau,GNB,Africa,2016,60.62,2293.0,1831898
Guinea-Bissau,GNB,Africa,2017,61.15,2343.0,1877074
Guinea-Bissau,GNB,Africa,2018,61.65,2374.0,1922167
Guinea-Bissau,GNB,Africa,2019,62.16,2442.0,1967704
Guinea-Bissau,GNB,Africa,2020,61.34,2456.0,2013259
Guinea-Bissau,GNB,Africa,2021,61.65,2522.0,2058841
Guinea-Bissau,GNB,Africa,2022,63.6,2601.0,2105535
Guyana,GUY,South America,2000,64.07,8025.0,764836
Guyana,GUY,South America,2001,64.38,8212.0,764484
Guyana,GUY,South America,2002,64.18,8314.0,763657
Guyana,GUY,South America,2003,64.12,8267.0,763107
Guyana,GUY,South America,2004,64.21,8404.0,762424
Guyana,GUY,South America,2005,64.39,8257.0,760922
Guyana,GUY,South America,2006,64.85,8702.0,758976
Guyana,GUY,South America,2007,65.46,9354.0,756874
Guyana,GUY,South America,2008,65.72,9547.0,754614
Guyana,GUY,South America,2009,66.03,9925.0,752097
Guyana,GUY,South America,2010,66.2,10374.0,749259
Guyana,GUY,South America,2011,66.47,10959.0,746161
Guyana,GUY,South America,2012,66.44,11535.0,746296
Guyana,GUY,South America,2013,66.71,11897.0,750020
Guyana,GUY,South America,2014,67.33,12030.0,754231
Guyana,GUY,South America,2015,67.72,12040.0,758783
Guyana,GUY,South America,2016,68.07,12420.0,763553
Guyana,GUY,South America,2017,68.54,12802.0,768483
Guyana,GUY,South America,2018,68.83,12980.0,791563
Guyana,GUY,South America,2019,69.07,13402.0,807668
Guyana,GUY,South America,2020,67.75,19234.0,807486
Guyana,GUY,South America,2021,64.32,22866.0,815484
Guyana,GUY,South America,2022,69.89,37068.0,821638
Haiti,HTI,North America,2000,58.17,3238.0,8303151
Haiti,HTI,North America,2001,58.59,3168.0,8455917
Haiti,HTI,North America,2002,59.04,3145.0,8607648
Haiti,HTI,North America,2003,59.44,3198.0,8759913
Haiti,HTI,North America,2004,58.52,3103.0,8910267
Haiti,HTI,North America,2005,60.32,3145.0,9061274
Haiti,HTI,North America,2006,60.74,3146.0,9216569
Haiti,HTI,North America,2007,61.09,3239.0,9373300
Haiti,HTI,North America,2008,61.28,3270.0,9530782
Haiti,HTI,North America,2009,61.69,3406.0,9689585
Haiti,HTI,North America,2010,45.58,3177.0,9803299
Haiti,HTI,North America,2011,61.58,3301.0,9914904
Haiti,HTI,North America,2012,62.27,3266.0,10069770
Haiti,HTI,North America,2013,62.62,3357.0,10222365
Haiti,HTI,North America,2014,62.97,3404.0,10373241
Haiti,HTI,North America,2015,63.22,3402.0,10523249
Haiti,HTI,North America,2016,63.32,3416.0,10671462
Haiti,HTI,North America,2017,63.83,3454.0,10817759
Haiti,HTI,North America,2018,64.08,3465.0,10962373
Haiti,HTI,North America,2019,64.33,3362.0,11105165
Haiti,HTI,North America,2020,63.77,3211.0,11243846
Haiti,HTI,North America,2021,62.61,3117.0,11374592
Haiti,HTI,North America,2022,63.95,3030.0,11503603
Honduras,HND,North America,2000,68.3,4580.0,6577781
Honduras,HND,North America,2001,68.49,4579.0,6757992
Honduras,HND,North America,2002,68.71,4627.0,6938866
Honduras,HND,North America,2003,68.87,4715.0,7119213
Honduras,HND,North America,2004,69.05,4885.0,7299003
Honduras,HND,North America,2005,69.2,5057.0,7478362
Honduras,HND,North America,2006,69.36,5263.0,7656832
Honduras,HND,North America,2007,69.54,5462.0,7834806
Honduras,HND,North America,2008,69.66,5567.0,8012590
Honduras,HND,North America,2009,69.82,5314.0,8189904
Honduras,HND,North America,2010,69.77,5396.0,8365881
Honduras,HND,North America,2011,70.12,5488.0,8540587
Honduras,HND,North America,2012,70.46,5601.0,8715081
Honduras,HND,North America,2013,70.76,5644.0,8889276
Honduras,HND,North America,2014,71.03,5705.0,9063127
Honduras,HND,North America,2015,71.32,5813.0,9237306
Honduras,HND,North America,2016,71.62,5926.0,9412380
Honduras,HND,North America,2017,71.8,6100.0,9588144
Honduras,HND,North America,2018,72.0,6219.0,9765209
Honduras,HND,North America,2019,72.12,6264.0,9943637
Honduras,HND,North America,2020,70.86,5603.0,10119638
Honduras,HND,North America,2021,69.49,6203.0,10289881
Honduras,HND,North America,2022,72.72,6353.0,10463880
Hong Kong,HKG,Asia,2000,80.7,39849.0,6704665
Hong Kong,HKG,Asia,2001,80.99,39778.0,6774243
Hong Kong,HKG,Asia,2002,81.18,40258.0,6821412
Hong Kong,HKG,Asia,2003,81.14,41571.0,6858906
Hong Kong,HKG,Asia,2004,81.45,44836.0,6888164
Hong Kong,HKG,Asia,2005,81.68,47939.0,6908483
Hong Kong,HKG,Asia,2006,81.95,50982.0,6931089
Hong Kong,HKG,Asia,2007,82.14,53813.0,6971344
Hong Kong,HKG,Asia,2008,82.34,54630.0,7020689
Hong Kong,HKG,Asia,2009,82.59,53172.0,7064464
Hong Kong,HKG,Asia,2010,82.86,56355.0,7101614
Hong Kong,HKG,Asia,2011,83.16,58673.0,7142969
Hong Kong,HKG,Asia,2012,83.42,59015.0,7201059
Hong Kong,HKG,Asia,2013,83.7,60602.0,7264330
Hong Kong,HKG,Asia,2014,83.93,61840.0,7319502
Hong Kong,HKG,Asia,2015,84.15,62780.0,7366411
Hong Kong,HKG,Asia,2016,84.38,63749.0,7408006
Hong Kong,HKG,Asia,2017,84.66,65663.0,7444889
Hong Kong,HKG,Asia,2018,84.99,66994.0,7471190
Hong Kong,HKG,Asia,2019,85.26,65388.0,7485817
Hong Kong,HKG,Asia,2020,84.71,61329.0,7490240
Hong Kong,HKG,Asia,2021,85.08,65885.0,7484604
Hong Kong,HKG,Asia,2022,83.49,64036.0,7465913
Hungary,HUN,Europe,2000,71.76,22118.0,10190598
Hungary,HUN,Europe,2001,72.39,23069.0,10166693
Hungary,HUN,Europe,2002,72.51,24229.0,10138461
Hungary,HUN,Europe,2003,72.51,25256.0,10108970
Hungary,HUN,Europe,2004,72.91,26568.0,10085788
Hungary,HUN,Europe,2005,72.86,27766.0,10065703
Hungary,HUN,Europe,2006,73.34,28903.0,10049946
Hungary,HUN,Europe,2007,73.43,29044.0,10034084
Hungary,HUN,Europe,2008,73.96,29384.0,10016653
Hungary,HUN,Europe,2009,74.18,27446.0,10001381
Hungary,HUN,Europe,2010,74.52,27802.0,9979128
Hungary,HUN,Europe,2011,74.92,28415.0,9946675
Hungary,HUN,Europe,2012,75.18,28180.0,9916621
Hungary,HUN,Europe,2013,75.68,28891.0,9889344
Hungary,HUN,Europe,2014,75.85,30265.0,9862843
Hungary,HUN,Europe,2015,75.65,31486.0,9839211
Hungary,HUN,Europe,2016,76.16,32379.0,9810529
Hungary,HUN,Europe,2017,76.01,33829.0,9785608
Hungary,HUN,Europe,2018,76.2,35798.0,9774395
Hungary,HUN,Europe,2019,76.45,37663.0,9770346
Hungary,HUN,Europe,2020,75.73,36120.0,9749459
Hungary,HUN,Europe,2021,74.19,38887.0,9707848
Hungary,HUN,Europe,2022,76.21,40611.0,9684308
Iceland,ISL,Europe,2000,79.55,50228.0,281293
Iceland,ISL,Europe,2001,80.42,51468.0,285058
Iceland,ISL,Europe,2002,80.28,51288.0,287609
Iceland,ISL,Europe,2003,80.77,52096.0,289616
Iceland,ISL,Europe,2004,80.72,55577.0,292172
Iceland,ISL,Europe,2005,81.17,58549.0,296852
Iceland,ISL,Europe,2006,80.94,60434.0,303883
Iceland,ISL,Europe,2007,81.09,64075.0,311662
Iceland,ISL,Europe,2008,81.24,63964.0,317519
Iceland,ISL,Europe,2009,81.42,58441.0,318619
Iceland,ISL,Europe,2010,81.59,57225.0,318163
Iceland,ISL,Europe,2011,81.97,57838.0,319139
Iceland,ISL,Europe,2012,82.35,58204.0,320851
Iceland,ISL,Europe,2013,81.74,59730.0,323891
Iceland,ISL,Europe,2014,82.43,60199.0,327517
Iceland,ISL,Europe,2015,82.16,61820.0,330962
Iceland,ISL,Europe,2016,81.83,64759.0,335571
Iceland,ISL,Europe,2017,82.24,65463.0,343537
Iceland,ISL,Europe,2018,82.45,66703.0,352860
Iceland,ISL,Europe,2019,82.85,65995.0,360709
Iceland,ISL,Europe,2020,82.71,60617.0,366626
Iceland,ISL,Europe,2021,82.84,62721.0,372647
Iceland,ISL,Europe,2022,81.59,66581.0,380368
India,IND,Asia,2000,62.75,3010.0,1057922731
India,IND,Asia,2001,63.16,3097.0,1077898579
India,IND,Asia,2002,63.65,3157.0,1097600380
India,IND,Asia,2003,64.09,3347.0,1116803000
India,IND,Asia,2004,64.48,3551.0,1135991509
India,IND,Asia,2005,64.94,3770.0,1154676321
India,IND,Asia,2006,65.37,4011.0,1172878888
India,IND,Asia,2007,65.8,4254.0,1190676028
India,IND,Asia,2008,66.25,4322.0,1207930960
India,IND,Asia,2009,66.7,4595.0,1225524764
India,IND,Asia,2010,67.16,4914.0,1243481565
India,IND,Asia,2011,67.62,5099.0,1261224956
India,IND,Asia,2012,68.08,5304.0,1278674501
India,IND,Asia,2013,68.5,5567.0,1295829507
India,IND,Asia,2014,68.93,5905.0,1312277184
India,IND,Asia,2015,69.33,6302.0,1328024494
India,IND,Asia,2016,69.71,6741.0,1343944296
India,IND,Asia,2017,70.07,7116.0,1359657398
India,IND,Asia,2018,70.42,7493.0,1374659067
India,IND,Asia,2019,70.75,7702.0,1389030307
India,IND,Asia,2020,70.16,7187.0,1402617694
India,IND,Asia,2021,67.28,7819.0,1414203896
India,IND,Asia,2022,71.7,8347.0,1425423209
Indonesia,IDN,Asia,2000,66.29,6056.0,216077789
Indonesia,IDN,Asia,2001,66.58,6191.0,219097905
Indonesia,IDN,Asia,2002,66.95,6382.0,222088499
Indonesia,IDN,Asia,2003,67.13,6599.0,225048005
Indonesia,IDN,Asia,2004,65.52,6844.0,227926649
Indonesia,IDN,Asia,2005,67.53,7141.0,230871648
Indonesia,IDN,Asia,2006,67.66,7434.0,233951650
Indonesia,IDN,Asia,2007,67.91,7802.0,237062338
Indonesia,IDN,Asia,2008,68.08,8165.0,240157902
Indonesia,IDN,Asia,2009,68.27,8435.0,243220024
Indonesia,IDN,Asia,2010,68.36,8848.0,246305327
Indonesia,IDN,Asia,2011,68.63,9275.0,249470029
Indonesia,IDN,Asia,2012,68.86,9709.0,252698525
Indonesia,IDN,Asia,2013,69.06,10122.0,255852464
Indonesia,IDN,Asia,2014,69.29,10504.0,258877395
Indonesia,IDN,Asia,2015,69.52,10894.0,261799249
Indonesia,IDN,Asia,2016,69.73,11320.0,264627429
Indonesia,IDN,Asia,2017,69.95,11773.0,267346654
Indonesia,IDN,Asia,2018,70.08,12262.0,269951847
Indonesia,IDN,Asia,2019,70.35,12758.0,272489381
Indonesia,IDN,Asia,2020,68.82,12389.0,274814861
Indonesia,IDN,Asia,2021,67.45,12757.0,276758056
Indonesia,IDN,Asia,2022,70.92,13334.0,278830527
Iran,IRN,Asia,2000,70.17,11643.0,66418661
Iran,IRN,Asia,2001,70.62,11739.0,67452005
Iran,IRN,Asia,2002,71.11,12583.0,68011318
Iran,IRN,Asia,2003,70.46,13519.0,68769343
Iran,IRN,Asia,2004,72.04,13807.0,70256316
Iran,IRN,Asia,2005,72.45,13936.0,71828455
Iran,IRN,Asia,2006,72.9,14321.0,73392747
Iran,IRN,Asia,2007,73.3,15237.0,74602648
Iran,IRN,Asia,2008,73.68,15091.0,75514201
Iran,IRN,Asia,2009,74.04,15055.0,76457831
Iran,IRN,Asia,2010,74.39,15730.0,77420851
Iran,IRN,Asia,2011,74.72,15948.0,78383602
Iran,IRN,Asia,2012,75.04,15159.0,79370583
Iran,IRN,Asia,2013,75.35,14735.0,80414689
Iran,IRN,Asia,2014,75.64,15263.0,81502045
Iran,IRN,Asia,2015,75.91,14842.0,82619365
Iran,IRN,Asia,2016,76.16,15920.0,83812230
Iran,IRN,Asia,2017,76.4,16168.0,85026761
Iran,IRN,Asia,2018,76.62,15365.0,86117999
Iran,IRN,Asia,2019,76.85,14841.0,87051649
Iran,IRN,Asia,2020,74.14,15382.0,87723448
Iran,IRN,Asia,2021,73.75,15884.0,88455490
Iran,IRN,Asia,2022,76.8,16378.0,89524247
Iraq,IRQ,Asia,2000,64.86,12702.0,24424060
Iraq,IRQ,Asia,2001,65.29,12530.0,25197842
Iraq,IRQ,Asia,2002,65.72,11144.0,26006558
Iraq,IRQ,Asia,2003,64.83,6849.0,26802660
Iraq,IRQ,Asia,2004,64.63,10211.0,27577876
Iraq,IRQ,Asia,2005,64.9,10078.0,28407450
Iraq,IRQ,Asia,2006,64.03,10569.0,28616518
Iraq,IRQ,Asia,2007,64.43,10854.0,28391606
Iraq,IRQ,Asia,2008,66.46,11512.0,28971042
Iraq,IRQ,Asia,2009,67.83,11471.0,30058207
Iraq,IRQ,Asia,2010,68.09,11817.0,31045367
Iraq,IRQ,Asia,2011,68.44,12268.0,32161425
Iraq,IRQ,Asia,2012,68.83,13357.0,33654843
Iraq,IRQ,Asia,2013,69.05,13713.0,35281987
Iraq,IRQ,Asia,2014,69.68,13537.0,36550058
Iraq,IRQ,Asia,2015,69.98,13516.0,37560535
Iraq,IRQ,Asia,2016,68.68,15016.0,38469628
Iraq,IRQ,Asia,2017,69.79,14418.0,39337358
Iraq,IRQ,Asia,2018,71.12,14456.0,40265629
Iraq,IRQ,Asia,2019,71.25,14910.0,41192172
Iraq,IRQ,Asia,2020,69.65,12828.0,42116602
Iraq,IRQ,Asia,2021,70.7,12732.0,43071208
Iraq,IRQ,Asia,2022,72.04,13433.0,44070556
Ireland,IRL,Europe,2000,76.54,53583.0,3802589
Ireland,IRL,Europe,2001,77.1,55535.0,3862981
Ireland,IRL,Europe,2002,77.59,57828.0,3928441
Ireland,IRL,Europe,2003,78.1,58608.0,3992935
Ireland,IRL,Europe,2004,78.5,61453.0,4066066
Ireland,IRL,Europe,2005,78.91,63580.0,4155283
Ireland,IRL,Europe,2006,79.15,64975.0,4268775
Ireland,IRL,Europe,2007,79.56,66476.0,4393518
Ireland,IRL,Europe,2008,79.79,62214.0,4485992
Ireland,IRL,Europe,2009,80.1,58447.0,4533750
Ireland,IRL,Europe,2010,80.6,59107.0,4559084
Ireland,IRL,Europe,2011,80.73,59797.0,4579603
Ireland,IRL,Europe,2012,80.85,59303.0,4600135
Ireland,IRL,Europe,2013,81.06,60285.0,4624686
Ireland,IRL,Europe,2014,81.41,65463.0,4658236
Ireland,IRL,Europe,2015,81.53,80816.0,4702497
Ireland,IRL,Europe,2016,81.68,80760.0,4753506
Ireland,IRL,Europe,2017,82.1,87732.0,4810258
Ireland,IRL,Europe,2018,82.12,93116.0,4872559
Ireland,IRL,Europe,2019,82.41,96206.0,4933493
Ireland,IRL,Europe,2020,82.39,101793.0,4982602
Ireland,IRL,Europe,2021,81.86,116703.0,5028428
Ireland,IRL,Europe,2022,82.05,123007.0,5110015
Isle of Man,IMN,Europe,2000,74.84,,75679
Isle of Man,IMN,Europe,2001,75.29,,76498
Isle of Man,IMN,Europe,2002,75.78,,77294
Isle of Man,IMN,Europe,2003,76.32,,78066
Isle of Man,IMN,Europe,2004,76.88,,78807
Isle of Man,IMN,Europe,2005,77.45,,79535
Isle of Man,IMN,Europe,2006,77.97,,80310
Isle of Man,IMN,Europe,2007,78.45,,81163
Isle of Man,IMN,Europe,2008,78.9,,82045
Isle of Man,IMN,Europe,2009,79.3,,82954
Isle of Man,IMN,Europe,2010,79.61,,83884
Isle of Man,IMN,Europe,2011,79.84,,84398
Isle of Man,IMN,Europe,2012,80.01,,84354
Isle of Man,IMN,Europe,2013,80.12,,84158
Isle of Man,IMN,Europe,2014,80.2,,83912
Isle of Man,IMN,Europe,2015,80.27,,83612
Isle of Man,IMN,Europe,2016,80.39,,83484
Isle of Man,IMN,Europe,2017,80.51,,83625
Isle of Man,IMN,Europe,2018,80.61,,83812
Isle of Man,IMN,Europe,2019,80.74,,83975
Isle of Man,IMN,Europe,2020,80.59,,84078
Isle of Man,IMN,Europe,2021,80.42,,84121
Isle of Man,IMN,Europe,2022,80.96,,84148
Israel,ISR,Asia,2000,79.18,33279.0,6111194
Israel,ISR,Asia,2001,79.48,32591.0,6259977
Israel,ISR,Asia,2002,79.51,31893.0,6387714
Israel,ISR,Asia,2003,79.82,31771.0,6502821
Israel,ISR,Asia,2004,80.31,32666.0,6615084
Israel,ISR,Asia,2005,80.39,33492.0,6728212
Israel,ISR,Asia,2006,80.79,34745.0,6844029
Israel,ISR,Asia,2007,80.95,36288.0,6962456
Israel,ISR,Asia,2008,81.28,36795.0,7082621
Israel,ISR,Asia,2009,81.82,36365.0,7206096
Israel,ISR,Asia,2010,81.97,37686.0,7336735
Israel,ISR,Asia,2011,81.99,39036.0,7471023
Israel,ISR,Asia,2012,81.98,39246.0,7607781
Israel,ISR,Asia,2013,82.35,40095.0,7749369
Israel,ISR,Asia,2014,82.36,40796.0,7897173
Israel,ISR,Asia,2015,82.25,40890.0,8052916
Israel,ISR,Asia,2016,82.61,41915.0,8210006
Israel,ISR,Asia,2017,82.7,42896.0,8361796
Israel,ISR,Asia,2018,82.92,43783.0,8510067
Israel,ISR,Asia,2019,82.9,44492.0,8657466
Israel,ISR,Asia,2020,82.7,42927.0,8800380
Israel,ISR,Asia,2021,82.52,46151.0,8942925
Israel,ISR,Asia,2022,82.81,48132.0,9103143
Italy,ITA,Europe,2000,79.61,50353.0,57272200
Italy,ITA,Europe,2001,79.88,51332.0,57305760
Italy,ITA,Europe,2002,80.11,51369.0,57420636
Italy,ITA,Europe,2003,80.19,51126.0,57739697
Italy,ITA,Europe,2004,81.02,51495.0,58176736
Italy,ITA,Europe,2005,81.02,51586.0,58519696
Italy,ITA,Europe,2006,81.41,52304.0,58754434
Italy,ITA,Europe,2007,81.5,52747.0,59108723
Italy,ITA,Europe,2008,81.65,51806.0,59561687
Italy,ITA,Europe,2009,81.76,48774.0,59904016
Italy,ITA,Europe,2010,82.13,49302.0,60164212
Italy,ITA,Europe,2011,82.23,49473.0,60367882
Italy,ITA,Europe,2012,82.25,47796.0,60531522
Italy,ITA,Europe,2013,82.65,46833.0,60653864
Italy,ITA,Europe,2014,82.9,46826.0,60664169
Italy,ITA,Europe,2015,82.52,47312.0,60575314
Italy,ITA,Europe,2016,83.05,47988.0,60478103
Italy,ITA,Europe,2017,82.73,48849.0,60390317
Italy,ITA,Europe,2018,83.18,49356.0,60277496
Italy,ITA,Europe,2019,83.34,49691.0,60130136
Italy,ITA,Europe,2020,82.18,45505.0,59912763
Italy,ITA,Europe,2021,82.87,49825.0,59729353
Italy,ITA,Europe,2022,82.05,52333.0,59619106
Jamaica,JAM,North America,2000,71.28,9668.0,2607827
Jamaica,JAM,North America,2001,71.29,9736.0,2624410
Jamaica,JAM,North America,2002,71.48,9870.0,2640582
Jamaica,JAM,North America,2003,71.58,10170.0,2656629
Jamaica,JAM,North America,2004,71.54,10244.0,2672227
Jamaica,JAM,North America,2005,71.49,10279.0,2687070
Jamaica,JAM,North America,2006,71.39,10522.0,2700973
Jamaica,JAM,North America,2007,71.4,10622.0,2713808
Jamaica,JAM,North America,2008,71.5,10490.0,2725633
Jamaica,JAM,North America,2009,71.72,9993.0,2737001
Jamaica,JAM,North America,2010,71.98,9806.0,2748573
Jamaica,JAM,North America,2011,72.24,9932.0,2760493
Jamaica,JAM,North America,2012,72.4,9829.0,2772432
Jamaica,JAM,North America,2013,72.44,9840.0,2783689
Jamaica,JAM,North America,2014,72.36,9872.0,2793756
Jamaica,JAM,North America,2015,72.21,9932.0,2802536
Jamaica,JAM,North America,2016,72.05,10179.0,2809919
Jamaica,JAM,North America,2017,71.88,10391.0,2815765
Jamaica,JAM,North America,2018,71.61,10636.0,2820103
Jamaica,JAM,North America,2019,71.53,10816.0,2823275
Jamaica,JAM,North America,2020,71.45,9892.0,2830745
Jamaica,JAM,North America,2021,69.08,10431.0,2837680
Jamaica,JAM,North America,2022,71.48,11097.0,2839150
Japan,JPN,Asia,2000,81.18,39732.0,127027794
Japan,JPN,Asia,2001,81.51,39749.0,127260144
Japan,JPN,Asia,2002,81.8,39690.0,127484599
Japan,JPN,Asia,2003,81.85,40152.0,127671254
Japan,JPN,Asia,2004,82.13,40987.0,127815769
Japan,JPN,Asia,2005,82.01,41740.0,127913331
Japan,JPN,Asia,2006,82.37,42359.0,127997247
Japan,JPN,Asia,2007,82.55,43042.0,128087683
Japan,JPN,Asia,2008,82.63,42519.0,128155992
Japan,JPN,Asia,2009,82.97,40000.0,128192471
Japan,JPN,Asia,2010,82.92,41647.0,128185273
Japan,JPN,Asia,2011,82.67,41641.0,128096430
Japan,JPN,Asia,2012,83.17,42395.0,127928283
Japan,JPN,Asia,2013,83.4,43304.0,127723642
Japan,JPN,Asia,2014,83.64,43754.0,127486601
Japan,JPN,Asia,2015,83.88,44589.0,127275868
Japan,JPN,Asia,2016,84.06,44927.0,127159950
Japan,JPN,Asia,2017,84.19,45693.0,127064686
Japan,JPN,Asia,2018,84.29,46133.0,126913432
Japan,JPN,Asia,2019,84.42,46055.0,126699421
Japan,JPN,Asia,2020,84.67,44213.0,126304533
Japan,JPN,Asia,2021,84.55,45999.0,125679342
Japan,JPN,Asia,2022,84.05,46819.0,124997585
Jersey,JEY,Europe,2000,78.42,,87853
Jersey,JEY,Europe,2001,78.63,,88401
Jersey,JEY,Europe,2002,78.84,,89306
Jersey,JEY,Europe,2003,79.13,,90297
Jersey,JEY,Europe,2004,79.43,,91271
Jersey,JEY,Europe,2005,79.68,,92267
Jersey,JEY,Europe,2006,79.91,,93244
Jersey,JEY,Europe,2007,80.14,,94227
Jersey,JEY,Europe,2008,80.28,,95195
Jersey,JEY,Europe,2009,80.4,,96156
Jersey,JEY,Europe,2010,80.54,,97121
Jersey,JEY,Europe,2011,80.67,,98038
Jersey,JEY,Europe,2012,80.7,,98927
Jersey,JEY,Europe,2013,80.72,,99759
Jersey,JEY,Europe,2014,80.67,,100582
Jersey,JEY,Europe,2015,80.53,,101224
Jersey,JEY,Europe,2016,80.35,,101700
Jersey,JEY,Europe,2017,80.18,,102130
Jersey,JEY,Europe,2018,80.03,,102531
Jersey,JEY,Europe,2019,79.89,,102866
Jersey,JEY,Europe,2020,79.45,,103138
Jersey,JEY,Europe,2021,79.32,,103339
Jersey,JEY,Europe,2022,79.73,,103493
Jordan,JOR,Asia,2000,71.93,8782.0,5386945
Jordan,JOR,Asia,2001,72.14,9056.0,5498900
Jordan,JOR,Asia,2002,72.36,9380.0,5616077
Jordan,JOR,Asia,2003,72.58,9556.0,5741837
Jordan,JOR,Asia,2004,72.79,10128.0,5882066
Jordan,JOR,Asia,2005,72.98,10685.0,6029597
Jordan,JOR,Asia,2006,73.22,10835.0,6427377
Jordan,JOR,Asia,2007,73.41,11034.0,6827235
Jordan,JOR,Asia,2008,73.56,11556.0,6989874
Jordan,JOR,Asia,2009,73.71,11889.0,7141763
Jordan,JOR,Asia,2010,73.8,11943.0,7297046
Jordan,JOR,Asia,2011,73.93,11988.0,7480431
Jordan,JOR,Asia,2012,74.09,12104.0,7587133
Jordan,JOR,Asia,2013,74.28,11804.0,7991812
Jordan,JOR,Asia,2014,74.61,11087.0,8791715
Jordan,JOR,Asia,2015,75.06,10470.0,9544730
Jordan,JOR,Asia,2016,75.55,10198.0,10006369
Jordan,JOR,Asia,2017,76.07,10220.0,10234227
Jordan,JOR,Asia,2018,76.49,10183.0,10462310
Jordan,JOR,Asia,2019,76.86,10168.0,10671893
Jordan,JOR,Asia,2020,75.58,9872.0,10865232
Jordan,JOR,Asia,2021,74.2,10057.0,11066356
Jordan,JOR,Asia,2022,77.09,10158.0,11256269
Kazakhstan,KAZ,Asia,2000,63.79,12936.0,15501108
Kazakhstan,KAZ,Asia,2001,64.11,14612.0,15575550
Kazakhstan,KAZ,Asia,2002,64.44,15961.0,15656680
Kazakhstan,KAZ,Asia,2003,64.75,17345.0,15747377
Kazakhstan,KAZ,Asia,2004,65.04,18887.0,15850164
Kazakhstan,KAZ,Asia,2005,65.36,20566.0,15968118
Kazakhstan,KAZ,Asia,2006,65.72,22574.0,16103718
Kazakhstan,KAZ,Asia,2007,66.18,24351.0,16257212
Kazakhstan,KAZ,Asia,2008,66.76,24896.0,16426527
Kazakhstan,KAZ,Asia,2009,67.46,24901.0,16619851
Kazakhstan,KAZ,Asia,2010,68.26,26375.0,16836808
Kazakhstan,KAZ,Asia,2011,69.11,27946.0,17065996
Kazakhstan,KAZ,Asia,2012,69.94,28881.0,17306115
Kazakhstan,KAZ,Asia,2013,70.72,30177.0,17556502
Kazakhstan,KAZ,Asia,2014,71.41,30986.0,17816285
Kazakhstan,KAZ,Asia,2015,72.02,30894.0,18084175
Kazakhstan,KAZ,Asia,2016,72.55,30758.0,18363600
Kazakhstan,KAZ,Asia,2017,73.0,31524.0,18651931
Kazakhstan,KAZ,Asia,2018,73.37,32330.0,18932725
Kazakhstan,KAZ,Asia,2019,73.66,33298.0,19209556
Kazakhstan,KAZ,Asia,2020,71.2,32012.0,19482116
Kazakhstan,KAZ,Asia,2021,70.13,32946.0,19743607
Kazakhstan,KAZ,Asia,2022,73.5,33506.0,20034612
Kenya,KEN,Africa,2000,56.08,3757.0,30642893
Kenya,KEN,Africa,2001,56.5,3778.0,31619170
Kenya,KEN,Africa,2002,56.76,3681.0,32629809
Kenya,KEN,Africa,2003,57.37,3674.0,33652233
Kenya,KEN,Africa,2004,57.95,3744.0,34713453
Kenya,KEN,Africa,2005,58.51,3845.0,35796485
Kenya,KEN,Africa,2006,59.06,3971.0,36904010
Kenya,KEN,Africa,2007,59.41,4116.0,38036354
Kenya,KEN,Africa,2008,59.95,4003.0,39206349
Kenya,KEN,Africa,2009,60.48,4012.0,40408887
Kenya,KEN,Africa,2010,60.91,4212.0,41598570
Kenya,KEN,Africa,2011,61.28,4307.0,42758467
Kenya,KEN,Africa,2012,61.54,4388.0,43888306
Kenya,KEN,Africa,2013,61.73,4443.0,44986794
Kenya,KEN,Africa,2014,61.99,4559.0,46051441
Kenya,KEN,Africa,2015,62.28,4680.0,47088528
Kenya,KEN,Africa,2016,62.53,4770.0,48139683
Kenya,KEN,Africa,2017,62.72,4847.0,49197757
Kenya,KEN,Africa,2018,62.83,5018.0,50207109
Kenya,KEN,Africa,2019,62.94,5172.0,51202829
Kenya,KEN,Africa,2020,61.6,5057.0,52217327
Kenya,KEN,Africa,2021,61.23,5339.0,53219167
Kenya,KEN,Africa,2022,63.55,5492.0,54252458
Kiribati,KIR,Oceania,2000,64.67,2482.0,88632
Kiribati,KIR,Oceania,2001,64.92,2358.0,90350
Kiribati,KIR,Oceania,2002,65.12,2342.0,92281
Kiribati,KIR,Oceania,2003,65.29,2258.0,94189
Kiribati,KIR,Oceania,2004,65.42,2200.0,96096
Kiribati,KIR,Oceania,2005,65.52,2184.0,98045
Kiribati,KIR,Oceania,2006,65.6,2264.0,100028
Kiribati,KIR,Oceania,2007,65.68,2287.0,102081
Kiribati,KIR,Oceania,2008,65.75,2173.0,104235
Kiribati,KIR,Oceania,2009,65.81,2138.0,106479
Kiribati,KIR,Oceania,2010,65.86,2120.0,108717
Kiribati,KIR,Oceania,2011,65.9,2151.0,110660
Kiribati,KIR,Oceania,2012,65.91,2242.0,112293
Kiribati,KIR,Oceania,2013,65.9,2383.0,113847
Kiribati,KIR,Oceania,2014,65.87,2382.0,115339
Kiribati,KIR,Oceania,2015,65.83,2616.0,116826
Kiribati,KIR,Oceania,2016,65.8,2762.0,118488
Kiribati,KIR,Oceania,2017,65.79,2822.0,120288
Kiribati,KIR,Oceania,2018,65.81,2875.0,122097
Kiribati,KIR,Oceania,2019,65.87,2927.0,123928
Kiribati,KIR,Oceania,2020,65.2,2839.0,126110
Kiribati,KIR,Oceania,2021,64.15,3024.0,128387
Kiribati,KIR,Oceania,2022,66.27,3127.0,130483
Kuwait,KWT,Asia,2000,75.87,60585.0,1954713
Kuwait,KWT,Asia,2001,76.04,59100.0,2008127
Kuwait,KWT,Asia,2002,76.19,59349.0,2059983
Kuwait,KWT,Asia,2003,76.3,67984.0,2109886
Kuwait,KWT,Asia,2004,76.39,73298.0,2157329
Kuwait,KWT,Asia,2005,76.46,78194.0,2236797
Kuwait,KWT,Asia,2006,76.55,79521.0,2364741
Kuwait,KWT,Asia,2007,76.69,79475.0,2507890
Kuwait,KWT,Asia,2008,76.89,77037.0,2651433
Kuwait,KWT,Asia,2009,77.17,67896.0,2795489
Kuwait,KWT,Asia,2010,77.5,62956.0,2943374
Kuwait,KWT,Asia,2011,77.86,64844.0,3132815
Kuwait,KWT,Asia,2012,78.23,64908.0,3337025
Kuwait,KWT,Asia,2013,78.58,62459.0,3507755
Kuwait,KWT,Asia,2014,78.93,60066.0,3665769
Kuwait,KWT,Asia,2015,79.22,57764.0,3834465
Kuwait,KWT,Asia,2016,79.52,56937.0,4003976
Kuwait,KWT,Asia,2017,79.73,52286.0,4154686
Kuwait,KWT,Asia,2018,79.9,51624.0,4323389
Kuwait,KWT,Asia,2019,80.02,51381.0,4442201
Kuwait,KWT,Asia,2020,78.25,49373.0,4400146
Kuwait,KWT,Asia,2021,77.62,50652.0,4360748
Kuwait,KWT,Asia,2022,78.79,51380.0,4589514
Kyrgyzstan,KGZ,Asia,2000,65.24,3638.0,5025150
Kyrgyzstan,KGZ,Asia,2001,65.32,3796.0,5071960
Kyrgyzstan,KGZ,Asia,2002,65.34,3761.0,5116252
Kyrgyzstan,KGZ,Asia,2003,65.45,3983.0,5159422
Kyrgyzstan,KGZ,Asia,2004,65.65,4212.0,5203048
Kyrgyzstan,KGZ,Asia,2005,65.79,4157.0,5246337
Kyrgyzstan,KGZ,Asia,2006,65.78,4240.0,5282451
Kyrgyzstan,KGZ,Asia,2007,66.05,4559.0,5313376
Kyrgyzstan,KGZ,Asia,2008,66.62,4895.0,5342530
Kyrgyzstan,KGZ,Asia,2009,67.14,4970.0,5398013
Kyrgyzstan,KGZ,Asia,2010,67.52,4876.0,5491763
Kyrgyzstan,KGZ,Asia,2011,67.75,5093.0,5594537
Kyrgyzstan,KGZ,Asia,2012,68.14,4993.0,5696521
Kyrgyzstan,KGZ,Asia,2013,68.46,5419.0,5797294
Kyrgyzstan,KGZ,Asia,2014,68.83,5514.0,5898322
Kyrgyzstan,KGZ,Asia,2015,69.31,5600.0,6001876
Kyrgyzstan,KGZ,Asia,2016,69.91,5715.0,6108460
Kyrgyzstan,KGZ,Asia,2017,70.5,5861.0,6220148
Kyrgyzstan,KGZ,Asia,2018,70.67,5952.0,6341733
Kyrgyzstan,KGZ,Asia,2019,70.89,6088.0,6494036
Kyrgyzstan,KGZ,Asia,2020,69.14,5538.0,6664143
Kyrgyzstan,KGZ,Asia,2021,69.29,5736.0,6820483
Kyrgyzstan,KGZ,Asia,2022,71.49,6140.0,6955792
Laos,LAO,Asia,2000,58.32,2899.0,5431213
Laos,LAO,Asia,2001,58.89,3016.0,5521481
Laos,LAO,Asia,2002,59.3,3143.0,5610888
Laos,LAO,Asia,2003,59.64,3283.0,5697944
Laos,LAO,Asia,2004,60.08,3441.0,5781627
Laos,LAO,Asia,2005,60.69,3631.0,5869531
Laos,LAO,Asia,2006,61.07,3882.0,5963199
Laos,LAO,Asia,2007,61.69,4112.0,6056237
Laos,LAO,Asia,2008,62.25,4367.0,6148974
Laos,LAO,Asia,2009,63.02,4625.0,6241649
Laos,LAO,Asia,2010,63.69,4946.0,6334198
Laos,LAO,Asia,2011,64.5,5267.0,6426592
Laos,LAO,Asia,2012,65.13,5609.0,6518981
Laos,LAO,Asia,2013,65.72,5974.0,6611385
Laos,LAO,Asia,2014,66.35,6341.0,6703170
Laos,LAO,Asia,2015,66.69,6704.0,6801647
Laos,LAO,Asia,2016,67.01,7063.0,6908800
Laos,LAO,Asia,2017,67.35,7432.0,7018150
Laos,LAO,Asia,2018,67.59,7775.0,7128043
Laos,LAO,Asia,2019,67.91,8075.0,7237635
Laos,LAO,Asia,2020,68.34,7996.0,7346534
Laos,LAO,Asia,2021,67.81,8080.0,7453192
Laos,LAO,Asia,2022,68.72,8183.0,7559008
Latvia,LVA,Europe,2000,70.18,14554.0,2368320
Latvia,LVA,Europe,2001,69.91,15696.0,2338299
Latvia,LVA,Europe,2002,70.18,17097.0,2311358
Latvia,LVA,Europe,2003,70.64,18718.0,2288983
Latvia,LVA,Europe,2004,70.94,20574.0,2264179
Latvia,LVA,Europe,2005,70.63,23213.0,2239787
Latvia,LVA,Europe,2006,70.55,26432.0,2219039
Latvia,LVA,Europe,2007,70.79,29424.0,2200774
Latvia,LVA,Europe,2008,72.0,28727.0,2177710
Latvia,LVA,Europe,2009,72.7,24521.0,2142044
Latvia,LVA,Europe,2010,73.03,24120.0,2097834
Latvia,LVA,Europe,2011,73.72,25309.0,2059940
Latvia,LVA,Europe,2012,73.94,27497.0,2034639
Latvia,LVA,Europe,2013,74.19,28375.0,2013004
Latvia,LVA,Europe,2014,74.31,29244.0,1994153
Latvia,LVA,Europe,2015,74.66,30600.0,1977874
Latvia,LVA,Europe,2016,74.76,31669.0,1959863
Latvia,LVA,Europe,2017,74.8,33036.0,1942599
Latvia,LVA,Europe,2018,74.98,34730.0,1927586
Latvia,LVA,Europe,2019,75.63,35208.0,1914267
Latvia,LVA,Europe,2020,75.48,34226.0,1901119
Latvia,LVA,Europe,2021,73.18,36912.0,1885593
Latvia,LVA,Europe,2022,74.87,37719.0,1881059
Lebanon,LBN,Asia,2000,73.89,11572.0,4329345
Lebanon,LBN,Asia,2001,74.35,11818.0,4401923
Lebanon,LBN,Asia,2002,74.84,12054.0,4463505
Lebanon,LBN,Asia,2003,75.28,12272.0,4525513
Lebanon,LBN,Asia,2004,75.69,12882.0,4599285
Lebanon,LBN,Asia,2005,76.07,13025.0,4671105
Lebanon,LBN,Asia,2006,75.68,13004.0,4751146
Lebanon,LBN,Asia,2007,76.73,13942.0,4844119
Lebanon,LBN,Asia,2008,76.96,14955.0,4925359
Lebanon,LBN,Asia,2009,77.26,16264.0,4992295
Lebanon,LBN,Asia,2010,77.53,17391.0,5041290
Lebanon,LBN,Asia,2011,77.77,17353.0,5096018
Lebanon,LBN,Asia,2012,77.94,17323.0,5235742
Lebanon,LBN,Asia,2013,78.04,16396.0,5743441
Lebanon,LBN,Asia,2014,78.15,15206.0,6346993
Lebanon,LBN,Asia,2015,78.28,14980.0,6472470
Lebanon,LBN,Asia,2016,78.31,15572.0,6323061
Lebanon,LBN,Asia,2017,78.19,16129.0,6160129
Lebanon,LBN,Asia,2018,78.26,16290.0,5984120
Lebanon,LBN,Asia,2019,78.21,15660.0,5794601
Lebanon,LBN,Asia,2020,76.3,12507.0,5702400
Lebanon,LBN,Asia,2021,73.65,11600.0,5718129
Lebanon,LBN,Asia,2022,78.0,11475.0,5744492
Lesotho,LSO,Africa,2000,48.78,1932.0,2003919
Lesotho,LSO,Africa,2001,47.15,2004.0,2000859
Lesotho,LSO,Africa,2002,45.95,2025.0,1994686
Lesotho,LSO,Africa,2003,44.92,2127.0,1985060
Lesotho,LSO,Africa,2004,44.04,2179.0,1971130
Lesotho,LSO,Africa,2005,43.61,2275.0,1953080
Lesotho,LSO,Africa,2006,43.18,2381.0,1945066
Lesotho,LSO,Africa,2007,43.66,2470.0,1953273
Lesotho,LSO,Africa,2008,44.3,2589.0,1966547
Lesotho,LSO,Africa,2009,45.06,2538.0,1980884
Lesotho,LSO,Africa,2010,46.04,2651.0,1996256
Lesotho,LSO,Africa,2011,46.93,2749.0,2014015
Lesotho,LSO,Africa,2012,48.24,2894.0,2034363
Lesotho,LSO,Africa,2013,49.55,2914.0,2056509
Lesotho,LSO,Africa,2014,50.79,2931.0,2080091
Lesotho,LSO,Africa,2015,51.83,2987.0,2104614
Lesotho,LSO,Africa,2016,52.91,3057.0,2130424
Lesotho,LSO,Africa,2017,53.87,2925.0,2157117
Lesotho,LSO,Africa,2018,54.64,2846.0,2183611
Lesotho,LSO,Africa,2019,55.25,2773.0,2209414
Lesotho,LSO,Africa,2020,55.13,2517.0,2235727
Lesotho,LSO,Africa,2021,54.21,2545.0,2261549
Lesotho,LSO,Africa,2022,56.81,2578.0,2286112
Liberia,LBR,Africa,2000,51.85,1868.0,2928117
Liberia,LBR,Africa,2001,53.11,1867.0,3015343
Liberia,LBR,Africa,2002,54.06,1888.0,3094793
Liberia,LBR,Africa,2003,53.04,1308.0,3119534
Liberia,LBR,Africa,2004,55.95,1327.0,3156893
Liberia,LBR,Africa,2005,56.76,1336.0,3301016
Liberia,LBR,Africa,2006,57.49,1365.0,3490792
Liberia,LBR,Africa,2007,58.15,1422.0,3669050
Liberia,LBR,Africa,2008,58.68,1463.0,3821006
Liberia,LBR,Africa,2009,59.11,1493.0,3943035
Liberia,LBR,Africa,2010,59.36,1539.0,4058897
Liberia,LBR,Africa,2011,59.49,1601.0,4221177
Liberia,LBR,Africa,2012,59.79,1669.0,4373046
Liberia,LBR,Africa,2013,59.99,1775.0,4470246
Liberia,LBR,Africa,2014,59.21,1750.0,4564299
Liberia,LBR,Africa,2015,59.25,1714.0,4659436
Liberia,LBR,Africa,2016,60.48,1653.0,4755607
Liberia,LBR,Africa,2017,60.78,1661.0,4848927
Liberia,LBR,Africa,2018,61.0,1648.0,4944728
Liberia,LBR,Africa,2019,61.23,1576.0,5043719
Liberia,LBR,Africa,2020,61.27,1497.0,5149470
Liberia,LBR,Africa,2021,61.17,1539.0,5259327
Liberia,LBR,Africa,2022,61.93,1579.0,5373297
Libya,LBY,Africa,2000,70.54,17747.0,5305020
Libya,LBY,Africa,2001,70.65,17116.0,5403639
Libya,LBY,Africa,2002,70.79,16629.0,5508412
Libya,LBY,Africa,2003,71.0,18423.0,5619405
Libya,LBY,Africa,2004,71.21,18851.0,5736696
Libya,LBY,Africa,2005,71.44,20649.0,5858793
Libya,LBY,Africa,2006,71.63,21545.0,5980212
Libya,LBY,Africa,2007,71.79,22422.0,6104381
Libya,LBY,Africa,2008,71.94,21915.0,6235433
Libya,LBY,Africa,2009,72.07,20519.0,6366689
Libya,LBY,Africa,2010,72.2,21116.0,6497837
Libya,LBY,Africa,2011,69.95,10742.0,6343210
Libya,LBY,Africa,2012,72.19,20601.0,6179327
Libya,LBY,Africa,2013,72.34,16558.0,6304636
Libya,LBY,Africa,2014,71.3,12499.0,6427260
Libya,LBY,Africa,2015,71.64,12195.0,6531825
Libya,LBY,Africa,2016,71.8,11832.0,6632130
Libya,LBY,Africa,2017,72.72,15428.0,6738771
Libya,LBY,Africa,2018,73.15,16385.0,6849058
Libya,LBY,Africa,2019,72.94,14337.0,6951040
Libya,LBY,Africa,2020,72.39,9979.0,7045403
Libya,LBY,Africa,2021,72.06,12642.0,7135179
Libya,LBY,Africa,2022,74.46,11450.0,7223804
Liechtenstein,LIE,Europe,2000,78.58,,33137
Liechtenstein,LIE,Europe,2001,79.19,,33470
Liechtenstein,LIE,Europe,2002,79.76,,33770
Liechtenstein,LIE,Europe,2003,80.24,,34089
Liechtenstein,LIE,Europe,2004,80.73,,34409
Liechtenstein,LIE,Europe,2005,81.12,,34713
Liechtenstein,LIE,Europe,2006,81.4,,35002
Liechtenstein,LIE,Europe,2007,81.64,,35251
Liechtenstein,LIE,Europe,2008,81.86,,35467
Liechtenstein,LIE,Europe,2009,81.94,,35740
Liechtenstein,LIE,Europe,2010,82.05,,36021
Liechtenstein,LIE,Europe,2011,82.16,,36295
Liechtenstein,LIE,Europe,2012,82.25,,36621
Liechtenstein,LIE,Europe,2013,82.37,,36930
Liechtenstein,LIE,Europe,2014,82.55,,37191
Liechtenstein,LIE,Europe,2015,82.76,,37424
Liechtenstein,LIE,Europe,2016,82.89,,37635
Liechtenstein,LIE,Europe,2017,83.11,,37872
Liechtenstein,LIE,Europe,2018,83.27,,38157
Liechtenstein,LIE,Europe,2019,83.4,,38463
Liechtenstein,LIE,Europe,2020,82.04,,38793
Liechtenstein,LIE,Europe,2021,82.79,,39062
Liechtenstein,LIE,Europe,2022,83.41,,39338
Lithuania,LTU,Europe,2000,72.14,15777.0,3500410
Lithuania,LTU,Europe,2001,71.71,16939.0,3473008
Lithuania,LTU,Europe,2002,71.84,18223.0,3444051
Lithuania,LTU,Europe,2003,72.09,20311.0,3415276
Lithuania,LTU,Europe,2004,72.0,21876.0,3376703
Lithuania,LTU,Europe,2005,71.25,23954.0,3322264
Lithuania,LTU,Europe,2006,70.96,26139.0,3269809
Lithuania,LTU,Europe,2007,70.7,29382.0,3231378
Lithuania,LTU,Europe,2008,71.7,30457.0,3198482
Lithuania,LTU,Europe,2009,72.85,26228.0,3163255
Lithuania,LTU,Europe,2010,73.2,26898.0,3097721
Lithuania,LTU,Europe,2011,73.61,29252.0,3028642
Lithuania,LTU,Europe,2012,73.96,30932.0,2988334
Lithuania,LTU,Europe,2013,74.03,32487.0,2958359
Lithuania,LTU,Europe,2014,74.6,33988.0,2933171
Lithuania,LTU,Europe,2015,74.47,35265.0,2905771
Lithuania,LTU,Europe,2016,74.82,36632.0,2869109
Lithuania,LTU,Europe,2017,75.7,38789.0,2829317
Lithuania,LTU,Europe,2018,75.91,41035.0,2802485
Lithuania,LTU,Europe,2019,76.42,43079.0,2795057
Lithuania,LTU,Europe,2020,75.1,43108.0,2795766
Lithuania,LTU,Europe,2021,74.3,45897.0,2794490
Lithuania,LTU,Europe,2022,74.7,46643.0,2816923
Luxembourg,LUX,Europe,2000,77.26,114148.0,436142
Luxembourg,LUX,Europe,2001,77.53,116265.0,441754
Luxembourg,LUX,Europe,2002,77.55,118764.0,446392
Luxembourg,LUX,Europe,2003,77.26,120403.0,451845
Luxembourg,LUX,Europe,2004,78.66,123726.0,458305
Luxembourg,LUX,Europe,2005,78.88,124872.0,465369
Luxembourg,LUX,Europe,2006,78.84,130290.0,472869
Luxembourg,LUX,Europe,2007,79.12,138683.0,480277
Luxembourg,LUX,Europe,2008,80.11,135815.0,488995
Luxembourg,LUX,Europe,2009,79.91,129005.0,498196
Luxembourg,LUX,Europe,2010,80.1,131434.0,507418
Luxembourg,LUX,Europe,2011,80.28,129888.0,518583
Luxembourg,LUX,Europe,2012,80.44,128897.0,530951
Luxembourg,LUX,Europe,2013,80.85,129947.0,543358
Luxembourg,LUX,Europe,2014,81.24,130250.0,556285
Luxembourg,LUX,Europe,2015,81.26,130097.0,569540
Luxembourg,LUX,Europe,2016,81.62,133662.0,583511
Luxembourg,LUX,Europe,2017,81.09,132170.0,596506
Luxembourg,LUX,Europe,2018,81.52,131734.0,608109
Luxembourg,LUX,Europe,2019,81.59,132725.0,620167
Luxembourg,LUX,Europe,2020,81.41,129866.0,630597
Luxembourg,LUX,Europe,2021,81.84,136772.0,640276
Luxembourg,LUX,Europe,2022,82.2,132571.0,653315
Macao,MAC,Asia,2000,79.43,55995.0,437316
Macao,MAC,Asia,2001,79.81,57174.0,445121
Macao,MAC,Asia,2002,80.1,61626.0,456026
Macao,MAC,Asia,2003,80.21,67995.0,469062
Macao,MAC,Asia,2004,80.41,84004.0,482209
Macao,MAC,Asia,2005,80.52,87186.0,495416
Macao,MAC,Asia,2006,80.71,93828.0,508752
Macao,MAC,Asia,2007,80.93,102880.0,522281
Macao,MAC,Asia,2008,81.16,102475.0,535935
Macao,MAC,Asia,2009,81.49,104911.0,549492
Macao,MAC,Asia,2010,81.66,130758.0,562809
Macao,MAC,Asia,2011,81.99,155385.0,575644
Macao,MAC,Asia,2012,82.26,164239.0,587450
Macao,MAC,Asia,2013,82.48,174570.0,598752
Macao,MAC,Asia,2014,82.7,162813.0,610308
Macao,MAC,Asia,2015,82.94,123194.0,622185
Macao,MAC,Asia,2016,83.02,120530.0,634317
Macao,MAC,Asia,2017,83.08,133323.0,646558
Macao,MAC,Asia,2018,83.4,139541.0,658777
Macao,MAC,Asia,2019,83.29,133454.0,670982
Macao,MAC,Asia,2020,84.61,59662.0,683069
Macao,MAC,Asia,2021,83.82,73374.0,694404
Macao,MAC,Asia,2022,82.1,59921.0,704360
Madagascar,MDG,Africa,2000,57.97,1701.0,16516336
Madagascar,MDG,Africa,2001,58.67,1749.0,17032933
Madagascar,MDG,Africa,2002,59.17,1486.0,17549915
Madagascar,MDG,Africa,2003,59.69,1585.0,18071860
Madagascar,MDG,Africa,2004,60.17,1620.0,18606606
Madagascar,MDG,Africa,2005,60.66,1648.0,19159711
Madagascar,MDG,Africa,2006,61.14,1687.0,19730916
Madagascar,MDG,Africa,2007,61.53,1732.0,20318590
Madagascar,MDG,Africa,2008,61.99,1794.0,20923842
Madagascar,MDG,Africa,2009,62.3,1673.0,21547277
Madagascar,MDG,Africa,2010,62.6,1635.0,22183343
Madagascar,MDG,Africa,2011,62.86,1615.0,22822305
Madagascar,MDG,Africa,2012,63.01,1618.0,23462444
Madagascar,MDG,Africa,2013,63.16,1611.0,24109290
Madagascar,MDG,Africa,2014,63.26,1620.0,24764356
Madagascar,MDG,Africa,2015,63.36,1628.0,25426703
Madagascar,MDG,Africa,2016,63.43,1649.0,26099950
Madagascar,MDG,Africa,2017,63.43,1670.0,26788379
Madagascar,MDG,Africa,2018,63.49,1679.0,27494930
Madagascar,MDG,Africa,2019,63.5,1708.0,28219559
Madagascar,MDG,Africa,2020,62.71,1546.0,28953560
Madagascar,MDG,Africa,2021,62.52,1577.0,29691087
Madagascar,MDG,Africa,2022,63.07,1602.0,30437261
Malawi,MWI,Africa,2000,46.17,1239.0,11315947
Malawi,MWI,Africa,2001,47.2,1150.0,11593057
Malawi,MWI,Africa,2002,48.18,1141.0,11880443
Malawi,MWI,Africa,2003,49.6,1176.0,12181575
Malawi,MWI,Africa,2004,51.07,1208.0,12500736
Malawi,MWI,Africa,2005,52.47,1215.0,12840034
Malawi,MWI,Africa,2006,53.65,1237.0,13198699
Malawi,MWI,Africa,2007,54.69,1318.0,13576344
Malawi,MWI,Africa,2008,55.72,1378.0,13976415
Malawi,MWI,Africa,2009,56.71,1450.0,14395788
Malawi,MWI,Africa,2010,57.79,1504.0,14826466
Malawi,MWI,Africa,2011,58.86,1533.0,15265026
Malawi,MWI,Africa,2012,59.87,1518.0,15709577
Malawi,MWI,Africa,2013,60.82,1556.0,16161816
Malawi,MWI,Africa,2014,61.65,1598.0,16621534
Malawi,MWI,Africa,2015,62.32,1598.0,17085587
Malawi,MWI,Africa,2016,63.16,1594.0,17557741
Malawi,MWI,Africa,2017,63.91,1613.0,18039714
Malawi,MWI,Africa,2018,64.46,1639.0,18528086
Malawi,MWI,Africa,2019,65.0,1687.0,19025748
Malawi,MWI,Africa,2020,65.22,1656.0,19533885
Malawi,MWI,Africa,2021,64.78,1688.0,20047264
Malawi,MWI,Africa,2022,66.04,1660.0,20568731
Malaysia,MYS,Asia,2000,72.73,18533.0,22967817
Malaysia,MYS,Asia,2001,73.08,18186.0,23526535
Malaysia,MYS,Asia,2002,73.47,18709.0,24102477
Malaysia,MYS,Asia,2003,73.73,19329.0,24679604
Malaysia,MYS,Asia,2004,74.03,20169.0,25256773
Malaysia,MYS,Asia,2005,74.37,20768.0,25836075
Malaysia,MYS,Asia,2006,74.7,21444.0,26417909
Malaysia,MYS,Asia,2007,74.96,22305.0,26998383
Malaysia,MYS,Asia,2008,75.15,22898.0,27570052
Malaysia,MYS,Asia,2009,75.27,22107.0,28124779
Malaysia,MYS,Asia,2010,75.38,23308.0,28655772
Malaysia,MYS,Asia,2011,75.49,24116.0,29162034
Malaysia,MYS,Asia,2012,75.55,25006.0,29662835
Malaysia,MYS,Asia,2013,75.46,25736.0,30174269
Malaysia,MYS,Asia,2014,75.35,26818.0,30696133
Malaysia,MYS,Asia,2015,75.29,27700.0,31232796
Malaysia,MYS,Asia,2016,75.37,28425.0,31789692
Malaysia,MYS,Asia,2017,75.54,29552.0,32355642
Malaysia,MYS,Asia,2018,75.73,30460.0,32910963
Malaysia,MYS,Asia,2019,75.9,31301.0,33440590
Malaysia,MYS,Asia,2020,76.06,29200.0,33889554
Malaysia,MYS,Asia,2021,73.92,29823.0,34282404
Malaysia,MYS,Asia,2022,75.44,32129.0,34695494
Maldives,MDV,Asia,2000,70.89,13738.0,282025
Maldives,MDV,Asia,2001,71.66,12978.0,286778
Maldives,MDV,Asia,2002,72.36,13690.0,291631
Maldives,MDV,Asia,2003,73.26,15316.0,296497
Maldives,MDV,Asia,2004,73.01,15959.0,301416
Maldives,MDV,Asia,2005,74.78,13943.0,306429
Maldives,MDV,Asia,2006,75.26,16830.0,313866
Maldives,MDV,Asia,2007,75.71,17440.0,324489
Maldives,MDV,Asia,2008,76.0,18344.0,336178
Maldives,MDV,Asia,2009,76.37,16230.0,348282
Maldives,MDV,Asia,2010,76.76,16730.0,360802
Maldives,MDV,Asia,2011,77.14,17582.0,373683
Maldives,MDV,Asia,2012,77.51,17390.0,386821
Maldives,MDV,Asia,2013,77.85,17987.0,400077
Maldives,MDV,Asia,2014,78.19,18765.0,413623
Maldives,MDV,Asia,2015,78.61,18829.0,428165
Maldives,MDV,Asia,2016,78.91,19345.0,443316
Maldives,MDV,Asia,2017,79.23,20037.0,458297
Maldives,MDV,Asia,2018,79.43,21073.0,473106
Maldives,MDV,Asia,2019,79.71,21856.0,487737
Maldives,MDV,Asia,2020,78.71,14243.0,502127
Maldives,MDV,Asia,2021,78.05,19053.0,516163
Maldives,MDV,Asia,2022,80.76,21358.0,524116
Mali,MLI,Africa,2000,50.6,2188.0,11559291
Mali,MLI,Africa,2001,51.3,2458.0,11912162
Mali,MLI,Africa,2002,52.0,2456.0,12288051
Mali,MLI,Africa,2003,52.63,2612.0,12684951
Mali,MLI,Africa,2004,53.25,2566.0,13102415
Mali,MLI,Africa,2005,53.79,2546.0,13538648
Mali,MLI,Africa,2006,54.3,2555.0,13990143
Mali,MLI,Africa,2007,54.76,2516.0,14457776
Mali,MLI,Africa,2008,55.19,2523.0,14940786
Mali,MLI,Africa,2009,55.59,2576.0,15435536
Mali,MLI,Africa,2010,55.99,2632.0,15945201
Mali,MLI,Africa,2011,56.37,2623.0,16469054
Mali,MLI,Africa,2012,56.7,2521.0,16957039
Mali,MLI,Africa,2013,57.05,2529.0,17459619
Mali,MLI,Africa,2014,57.48,2609.0,18020267
Mali,MLI,Africa,2015,57.85,2687.0,18593022
Mali,MLI,Africa,2016,58.29,2759.0,19191298
Mali,MLI,Africa,2017,58.56,2816.0,19813016
Mali,MLI,Africa,2018,58.87,2862.0,20442031
Mali,MLI,Africa,2019,59.22,2916.0,21068405
Mali,MLI,Africa,2020,58.86,2796.0,21713837
Mali,MLI,Africa,2021,59.12,2796.0,22388637
Mali,MLI,Africa,2022,60.03,2814.0,23072641
Malta,MLT,Europe,2000,77.9,31068.0,399905
Malta,MLT,Europe,2001,78.9,30602.0,402788
Malta,MLT,Europe,2002,78.47,31207.0,405571
Malta,MLT,Europe,2003,78.7,32148.0,408236
Malta,MLT,Europe,2004,79.17,32063.0,410800
Malta,MLT,Europe,2005,79.49,32777.0,413324
Malta,MLT,Europe,2006,79.56,33421.0,415463
Malta,MLT,Europe,2007,79.74,34982.0,417201
Malta,MLT,Europe,2008,79.69,36288.0,418969
Malta,MLT,Europe,2009,80.42,35513.0,420800
Malta,MLT,Europe,2010,81.4,37529.0,422654
Malta,MLT,Europe,2011,80.8,37741.0,424635
Malta,MLT,Europe,2012,81.06,38937.0,426616
Malta,MLT,Europe,2013,81.82,40921.0,428457
Malta,MLT,Europe,2014,82.32,43163.0,434494
Malta,MLT,Europe,2015,82.59,46172.0,444978
Malta,MLT,Europe,2016,82.66,46967.0,455276
Malta,MLT,Europe,2017,83.09,51628.0,467902
Malta,MLT,Europe,2018,82.91,53419.0,484560
Malta,MLT,Europe,2019,82.84,53393.0,504017
Malta,MLT,Europe,2020,82.34,50390.0,518212
Malta,MLT,Europe,2021,82.32,56824.0,524383
Malta,MLT,Europe,2022,82.25,56874.0,528194
Marshall Islands,MHL,Oceania,2000,63.32,3773.0,50721
Marshall Islands,MHL,Oceania,2001,63.73,4001.0,51137
Marshall Islands,MHL,Oceania,2002,63.85,4122.0,51441
Marshall Islands,MHL,Oceania,2003,63.96,4041.0,51657
Marshall Islands,MHL,Oceania,2004,64.04,4013.0,51803
Marshall Islands,MHL,Oceania,2005,64.11,4076.0,51928
Marshall Islands,MHL,Oceania,2006,64.21,4076.0,52011
Marshall Islands,MHL,Oceania,2007,64.26,4223.0,52050
Marshall Islands,MHL,Oceania,2008,64.3,3904.0,52049
Marshall Islands,MHL,Oceania,2009,64.39,4048.0,52036
Marshall Islands,MHL,Oceania,2010,64.5,4270.0,52064
Marshall Islands,MHL,Oceania,2011,64.64,4260.0,51927
Marshall Islands,MHL,Oceania,2012,64.78,4245.0,51438
Marshall Islands,MHL,Oceania,2013,64.95,4470.0,50696
Marshall Islands,MHL,Oceania,2014,65.11,4493.0,49815
Marshall Islands,MHL,Oceania,2015,65.29,4671.0,48823
Marshall Islands,MHL,Oceania,2016,65.48,4897.0,47730
Marshall Islands,MHL,Oceania,2017,65.67,5200.0,46544
Marshall Islands,MHL,Oceania,2018,65.87,5636.0,45307
Marshall Islands,MHL,Oceania,2019,66.05,6406.0,44030
Marshall Islands,MHL,Oceania,2020,65.39,6418.0,42728
Marshall Islands,MHL,Oceania,2021,65.42,6769.0,41387
Marshall Islands,MHL,Oceania,2022,66.72,6938.0,40094
Martinique,MTQ,North America,2000,78.5,,421388
Martinique,MTQ,North America,2001,78.43,,417157
Martinique,MTQ,North America,2002,78.88,,412479
Martinique,MTQ,North America,2003,79.63,,408417
Martinique,MTQ,North America,2004,79.59,,405104
Martinique,MTQ,North America,2005,80.22,,401849
Martinique,MTQ,North America,2006,80.43,,400459
Martinique,MTQ,North America,2007,80.06,,400812
Martinique,MTQ,North America,2008,80.69,,400699
Martinique,MTQ,North America,2009,81.24,,399527
Martinique,MTQ,North America,2010,81.14,,397389
Martinique,MTQ,North America,2011,81.62,,394576
Martinique,MTQ,North America,2012,81.79,,391741
Martinique,MTQ,North America,2013,81.9,,389470
Martinique,MTQ,North America,2014,81.94,,387027
Martinique,MTQ,North America,2015,82.03,,383737
Martinique,MTQ,North America,2016,81.81,,378892
Martinique,MTQ,North America,2017,81.99,,371510
Martinique,MTQ,North America,2018,82.09,,364100
Martinique,MTQ,North America,2019,82.07,,359621
Martinique,MTQ,North America,2020,80.27,,356625
Martinique,MTQ,North America,2021,77.74,,353286
Martinique,MTQ,North America,2022,80.84,,349462
Mauritania,MRT,Africa,2000,61.04,5009.0,2613450
Mauritania,MRT,Africa,2001,61.66,4847.0,2678766
Mauritania,MRT,Africa,2002,62.25,4807.0,2738659
Mauritania,MRT,Africa,2003,62.8,5024.0,2802050
Mauritania,MRT,Africa,2004,63.37,5139.0,2868671
Mauritania,MRT,Africa,2005,63.92,5446.0,2939060
Mauritania,MRT,Africa,2006,64.49,6285.0,3013659
Mauritania,MRT,Africa,2007,64.88,6003.0,3093065
Mauritania,MRT,Africa,2008,65.23,5813.0,3183276
Mauritania,MRT,Africa,2009,65.48,5640.0,3284454
Mauritania,MRT,Africa,2010,65.66,5606.0,3390968
Mauritania,MRT,Africa,2011,65.75,5653.0,3502813
Mauritania,MRT,Africa,2012,65.81,5716.0,3619035
Mauritania,MRT,Africa,2013,65.89,5770.0,3734324
Mauritania,MRT,Africa,2014,66.21,5838.0,3848511
Mauritania,MRT,Africa,2015,66.5,5970.0,3965959
Mauritania,MRT,Africa,2016,66.82,5866.0,4086655
Mauritania,MRT,Africa,2017,67.09,6051.0,4210603
Mauritania,MRT,Africa,2018,67.42,6154.0,4337685
Mauritania,MRT,Africa,2019,67.64,6162.0,4467714
Mauritania,MRT,Africa,2020,66.79,5963.0,4600136
Mauritania,MRT,Africa,2021,66.76,5837.0,4734874
Mauritania,MRT,Africa,2022,68.28,6053.0,4875644
Mauritius,MUS,Africa,2000,71.76,13374.0,1216632
Mauritius,MUS,Africa,2001,71.99,13713.0,1225807
Mauritius,MUS,Africa,2002,72.05,13838.0,1234090
Mauritius,MUS,Africa,2003,72.31,14552.0,1242094
Mauritius,MUS,Africa,2004,72.55,15087.0,1249799
Mauritius,MUS,Africa,2005,72.64,15265.0,1257215
Mauritius,MUS,Africa,2006,72.78,15933.0,1263785
Mauritius,MUS,Africa,2007,72.89,16775.0,1269522
Mauritius,MUS,Africa,2008,73.12,17627.0,1274635
Mauritius,MUS,Africa,2009,73.26,18172.0,1278976
Mauritius,MUS,Africa,2010,73.65,18926.0,1282710
Mauritius,MUS,Africa,2011,74.07,19679.0,1286270
Mauritius,MUS,Africa,2012,74.33,20313.0,1289174
Mauritius,MUS,Africa,2013,74.43,20952.0,1290988
Mauritius,MUS,Africa,2014,74.61,21721.0,1292006
Mauritius,MUS,Africa,2015,74.67,22499.0,1292283
Mauritius,MUS,Africa,2016,74.85,23357.0,1291807
Mauritius,MUS,Africa,2017,75.02,24259.0,1290654
Mauritius,MUS,Africa,2018,74.49,25244.0,1288836
Mauritius,MUS,Africa,2019,74.18,25958.0,1286269
Mauritius,MUS,Africa,2020,74.66,22273.0,1283231
Mauritius,MUS,Africa,2021,72.9,23010.0,1279628
Mauritius,MUS,Africa,2022,73.54,25005.0,1276134
Mayotte,MYT,Africa,2000,76.36,,156511
Mayotte,MYT,Africa,2001,76.53,,162716
Mayotte,MYT,Africa,2002,76.69,,168093
Mayotte,MYT,Africa,2003,76.84,,171702
Mayotte,MYT,Africa,2004,77.04,,175053
Mayotte,MYT,Africa,2005,77.13,,179615
Mayotte,MYT,Africa,2006,77.47,,185005
Mayotte,MYT,Africa,2007,77.77,,190773
Mayotte,MYT,Africa,2008,78.0,,196422
Mayotte,MYT,Africa,2009,78.2,,201909
Mayotte,MYT,Africa,2010,78.25,,207439
Mayotte,MYT,Africa,2011,78.16,,212996
Mayotte,MYT,Africa,2012,77.89,,219008
Mayotte,MYT,Africa,2013,77.61,,226642
Mayotte,MYT,Africa,2014,77.29,,235785
Mayotte,MYT,Africa,2015,76.88,,245594
Mayotte,MYT,Africa,2016,76.51,,255880
Mayotte,MYT,Africa,2017,76.35,,265170
Mayotte,MYT,Africa,2018,76.22,,269704
Mayotte,MYT,Africa,2019,76.1,,274918
Mayotte,MYT,Africa,2020,74.21,,284381
Mayotte,MYT,Africa,2021,72.82,,294431
Mayotte,MYT,Africa,2022,75.13,,305279
Mexico,MEX,North America,2000,72.56,20470.0,98625553
Mexico,MEX,North America,2001,72.91,20078.0,100099101
Mexico,MEX,North America,2002,73.11,19745.0,101548627
Mexico,MEX,North America,2003,73.31,19701.0,102978517
Mexico,MEX,North America,2004,73.43,20127.0,104394131
Mexico,MEX,North America,2005,73.63,20277.0,105811504
Mexico,MEX,North America,2006,73.75,20966.0,107253666
Mexico,MEX,North America,2007,73.8,21102.0,108774356
Mexico,MEX,North America,2008,73.69,20993.0,110374286
Mexico,MEX,North America,2009,73.63,19386.0,111999720
Mexico,MEX,North America,2010,73.72,20058.0,113623898
Mexico,MEX,North America,2011,73.92,20458.0,115243503
Mexico,MEX,North America,2012,74.13,20899.0,116818208
Mexico,MEX,North America,2013,74.29,20805.0,118343572
Mexico,MEX,North America,2014,74.4,21070.0,119784265
Mexico,MEX,North America,2015,74.43,21409.0,121072310
Mexico,MEX,North America,2016,74.38,21578.0,122251344
Mexico,MEX,North America,2017,74.26,21778.0,123400052
Mexico,MEX,North America,2018,74.3,21998.0,124573713
Mexico,MEX,North America,2019,74.53,21704.0,125762978
Mexico,MEX,North America,2020,70.45,19728.0,126799053
Mexico,MEX,North America,2021,69.75,20783.0,127648151
Mexico,MEX,North America,2022,73.97,21392.0,128613116
Micronesia (country),FSM,Oceania,2000,64.32,3564.0,112067
Micronesia (country),FSM,Oceania,2001,64.8,3618.0,112378
Micronesia (country),FSM,Oceania,2002,63.91,3632.0,112464
Micronesia (country),FSM,Oceania,2003,64.91,3701.0,112298
Micronesia (country),FSM,Oceania,2004,64.9,3595.0,111939
Micronesia (country),FSM,Oceania,2005,64.91,3710.0,111420
Micronesia (country),FSM,Oceania,2006,64.86,3718.0,110739
Micronesia (country),FSM,Oceania,2007,64.84,3684.0,109896
Micronesia (country),FSM,Oceania,2008,64.85,3622.0,108947
Micronesia (country),FSM,Oceania,2009,64.87,3702.0,107968
Micronesia (country),FSM,Oceania,2010,64.89,3780.0,107559
Micronesia (country),FSM,Oceania,2011,64.97,3917.0,107712
Micronesia (country),FSM,Oceania,2012,65.08,3847.0,107908
Micronesia (country),FSM,Oceania,2013,65.18,3697.0,108133
Micronesia (country),FSM,Oceania,2014,65.29,3593.0,108407
Micronesia (country),FSM,Oceania,2015,65.31,3739.0,108727
Micronesia (country),FSM,Oceania,2016,65.58,3774.0,109088
Micronesia (country),FSM,Oceania,2017,65.76,3838.0,109495
Micronesia (country),FSM,Oceania,2018,65.94,3839.0,109925
Micronesia (country),FSM,Oceania,2019,66.2,3965.0,110293
Micronesia (country),FSM,Oceania,2020,65.88,3861.0,110930
Micronesia (country),FSM,Oceania,2021,66.15,3956.0,111635
Micronesia (country),FSM,Oceania,2022,66.96,3816.0,112122
Moldova,MDA,Europe,2000,67.46,5727.0,4234969
Moldova,MDA,Europe,2001,67.67,6090.0,4189769
Moldova,MDA,Europe,2002,67.79,6580.0,4142937
Moldova,MDA,Europe,2003,67.9,7034.0,4095418
Moldova,MDA,Europe,2004,68.02,7574.0,4046672
Moldova,MDA,Europe,2005,68.2,8161.0,3988668
Moldova,MDA,Europe,2006,68.42,8577.0,3921320
Moldova,MDA,Europe,2007,68.67,8855.0,3851397
Moldova,MDA,Europe,2008,69.0,9564.0,3779503
Moldova,MDA,Europe,2009,69.41,9001.0,3706212
Moldova,MDA,Europe,2010,69.88,9650.0,3631990
Moldova,MDA,Europe,2011,70.17,10217.0,3557278
Moldova,MDA,Europe,2012,70.34,10158.0,3482629
Moldova,MDA,Europe,2013,70.29,11080.0,3408741
Moldova,MDA,Europe,2014,70.24,11641.0,3342715
Moldova,MDA,Europe,2015,70.12,11691.0,3287168
Moldova,MDA,Europe,2016,70.18,12377.0,3237798
Moldova,MDA,Europe,2017,70.38,13119.0,3193500
Moldova,MDA,Europe,2018,70.24,13896.0,3153779
Moldova,MDA,Europe,2019,70.18,14621.0,3112561
Moldova,MDA,Europe,2020,69.91,13559.0,3069135
Moldova,MDA,Europe,2021,68.99,15682.0,3023780
Moldova,MDA,Europe,2022,71.55,15350.0,3039986
Monaco,MCO,Europe,2000,82.12,,32477
Monaco,MCO,Europe,2001,82.48,,32466
Monaco,MCO,Europe,2002,83.05,,32441
Monaco,MCO,Europe,2003,83.61,,32396
Monaco,MCO,Europe,2004,84.15,,32329
Monaco,MCO,Europe,2005,84.34,,32235
Monaco,MCO,Europe,2006,84.19,,32083
Monaco,MCO,Europe,2007,83.9,,31859
Monaco,MCO,Europe,2008,83.83,,31862
Monaco,MCO,Europe,2009,84.19,,32390
Monaco,MCO,Europe,2010,84.64,,33188
Monaco,MCO,Europe,2011,85.01,,33968
Monaco,MCO,Europe,2012,85.05,,34738
Monaco,MCO,Europe,2013,85.06,,35476
Monaco,MCO,Europe,2014,85.09,,36155
Monaco,MCO,Europe,2015,85.32,,36785
Monaco,MCO,Europe,2016,85.63,,37301
Monaco,MCO,Europe,2017,85.88,,37700
Monaco,MCO,Europe,2018,86.08,,38179
Monaco,MCO,Europe,2019,86.15,,38131
Monaco,MCO,Europe,2020,86.09,,38074
Monaco,MCO,Europe,2021,85.11,,38548
Monaco,MCO,Europe,2022,85.75,,38950
Mongolia,MNG,Asia,2000,63.46,5818.0,2455182
Mongolia,MNG,Asia,2001,63.81,5917.0,2477704
Mongolia,MNG,Asia,2002,63.99,6118.0,2500074
Mongolia,MNG,Asia,2003,64.13,6464.0,2521809
Mongolia,MNG,Asia,2004,64.34,7071.0,2542801
Mongolia,MNG,Asia,2005,64.81,7500.0,2563466
Mongolia,MNG,Asia,2006,65.57,8044.0,2584761
Mongolia,MNG,Asia,2007,66.47,8750.0,2607976
Mongolia,MNG,Asia,2008,67.09,9380.0,2634431
Mongolia,MNG,Asia,2009,67.17,9096.0,2665333
Mongolia,MNG,Asia,2010,67.1,9507.0,2701739
Mongolia,MNG,Asia,2011,67.17,10960.0,2745183
Mongolia,MNG,Asia,2012,67.61,12079.0,2795463
Mongolia,MNG,Asia,2013,68.21,13210.0,2851887
Mongolia,MNG,Asia,2014,68.74,13943.0,2913041
Mongolia,MNG,Asia,2015,69.24,13975.0,2976528
Mongolia,MNG,Asia,2016,69.74,13898.0,3040815
Mongolia,MNG,Asia,2017,70.17,14402.0,3104371
Mongolia,MNG,Asia,2018,70.57,15230.0,3167714
Mongolia,MNG,Asia,2019,70.66,15791.0,3232118
Mongolia,MNG,Asia,2020,70.03,14801.0,3290786
Mongolia,MNG,Asia,2021,68.57,14792.0,3339676
Mongolia,MNG,Asia,2022,71.5,15310.0,3386015
Montenegro,MNE,Europe,2000,73.55,14452.0,634198
Montenegro,MNE,Europe,2001,73.74,14552.0,634001
Montenegro,MNE,Europe,2002,74.13,14770.0,633767
Montenegro,MNE,Europe,2003,74.23,15077.0,633563
Montenegro,MNE,Europe,2004,74.38,15716.0,633756
Montenegro,MNE,Europe,2005,74.43,16349.0,634059
Montenegro,MNE,Europe,2006,74.67,17727.0,633876
Montenegro,MNE,Europe,2007,74.67,18966.0,633388
Montenegro,MNE,Europe,2008,75.0,20239.0,632855
Montenegro,MNE,Europe,2009,75.4,18985.0,632445
Montenegro,MNE,Europe,2010,75.71,19476.0,632088
Montenegro,MNE,Europe,2011,75.96,20110.0,632689
Montenegro,MNE,Europe,2012,76.24,19576.0,633546
Montenegro,MNE,Europe,2013,76.35,20201.0,633199
Montenegro,MNE,Europe,2014,76.47,20642.0,631377
Montenegro,MNE,Europe,2015,76.59,21132.0,628145
Montenegro,MNE,Europe,2016,76.56,21834.0,624246
Montenegro,MNE,Europe,2017,76.59,22514.0,620112
Montenegro,MNE,Europe,2018,76.92,23562.0,615798
Montenegro,MNE,Europe,2019,76.64,24585.0,611671
Montenegro,MNE,Europe,2020,75.85,20905.0,607934
Montenegro,MNE,Europe,2021,73.79,23690.0,603854
Montenegro,MNE,Europe,2022,75.92,25583.0,614649
Montserrat,MSR,North America,2000,73.15,,5053
Montserrat,MSR,North America,2001,73.33,,4616
Montserrat,MSR,North America,2002,73.55,,4500
Montserrat,MSR,North America,2003,73.79,,4515
Montserrat,MSR,North America,2004,74.0,,4541
Montserrat,MSR,North America,2005,74.19,,4574
Montserrat,MSR,North America,2006,74.34,,4606
Montserrat,MSR,North America,2007,74.45,,4649
Montserrat,MSR,North America,2008,74.53,,4700
Montserrat,MSR,North America,2009,74.62,,4759
Montserrat,MSR,North America,2010,74.68,,4819
Montserrat,MSR,North America,2011,74.77,,4846
Montserrat,MSR,North America,2012,74.85,,4822
Montserrat,MSR,North America,2013,74.93,,4774
Montserrat,MSR,North America,2014,75.03,,4738
Montserrat,MSR,North America,2015,75.13,,4693
Montserrat,MSR,North America,2016,75.23,,4665
Montserrat,MSR,North America,2017,75.33,,4624
Montserrat,MSR,North America,2018,75.46,,4595
Montserrat,MSR,North America,2019,75.6,,4564
Montserrat,MSR,North America,2020,75.57,,4532
Montserrat,MSR,North America,2021,75.9,,4505
Montserrat,MSR,North America,2022,76.04,,4476
Morocco,MAR,Africa,2000,66.79,5100.0,28423439
Morocco,MAR,Africa,2001,67.2,5418.0,28814646
Morocco,MAR,Africa,2002,67.58,5544.0,29198146
Morocco,MAR,Africa,2003,67.96,5810.0,29571415
Morocco,MAR,Africa,2004,68.27,5996.0,29953021
Morocco,MAR,Africa,2005,68.75,6103.0,30358145
Morocco,MAR,Africa,2006,69.16,6489.0,30771179
Morocco,MAR,Africa,2007,69.62,6621.0,31186468
Morocco,MAR,Africa,2008,70.05,6902.0,31606769
Morocco,MAR,Africa,2009,70.45,7064.0,32030779
Morocco,MAR,Africa,2010,70.82,7211.0,32467009
Morocco,MAR,Africa,2011,71.26,7504.0,32912585
Morocco,MAR,Africa,2012,71.67,7629.0,33355246
Morocco,MAR,Africa,2013,72.12,7839.0,33787573
Morocco,MAR,Africa,2014,72.52,7952.0,34204784
Morocco,MAR,Africa,2015,72.89,8199.0,34607590
Morocco,MAR,Africa,2016,73.23,8142.0,35023459
Morocco,MAR,Africa,2017,73.61,8450.0,35446395
Morocco,MAR,Africa,2018,73.95,8612.0,35839760
Morocco,MAR,Africa,2019,74.24,8768.0,36210907
Morocco,MAR,Africa,2020,73.13,8055.0,36584208
Morocco,MAR,Africa,2021,73.38,8623.0,36954443
Morocco,MAR,Africa,2022,75.16,8690.0,37329068
Mozambique,MOZ,Africa,2000,49.48,712.0,18129652
Mozambique,MOZ,Africa,2001,50.26,786.0,18537735
Mozambique,MOZ,Africa,2002,50.88,843.0,18958338
Mozambique,MOZ,Africa,2003,51.38,883.0,19392477
Mozambique,MOZ,Africa,2004,51.86,934.0,19840312
Mozambique,MOZ,Africa,2005,52.32,970.0,20304577
Mozambique,MOZ,Africa,2006,52.75,1042.0,20787088
Mozambique,MOZ,Africa,2007,53.26,1095.0,21287638
Mozambique,MOZ,Africa,2008,53.8,1142.0,21819037
Mozambique,MOZ,Africa,2009,54.4,1179.0,22391751
Mozambique,MOZ,Africa,2010,55.04,1224.0,22999234
Mozambique,MOZ,Africa,2011,55.73,1276.0,23649045
Mozambique,MOZ,Africa,2012,56.46,1339.0,24337849
Mozambique,MOZ,Africa,2013,57.19,1386.0,25051613
Mozambique,MOZ,Africa,2014,57.96,1450.0,25788473
Mozambique,MOZ,Africa,2015,58.71,1513.0,26547576
Mozambique,MOZ,Africa,2016,59.46,1538.0,27337107
Mozambique,MOZ,Africa,2017,60.15,1532.0,28166397
Mozambique,MOZ,Africa,2018,60.79,1539.0,29018647
Mozambique,MOZ,Africa,2019,61.31,1529.0,29884378
Mozambique,MOZ,Africa,2020,61.39,1466.0,30783685
Mozambique,MOZ,Africa,2021,60.27,1457.0,31707798
Mozambique,MOZ,Africa,2022,63.01,1477.0,32656242
Myanmar,MMR,Asia,2000,60.36,1360.0,45290850
Myanmar,MMR,Asia,2001,60.64,1498.0,45771140
Myanmar,MMR,Asia,2002,60.92,1662.0,46232656
Myanmar,MMR,Asia,2003,61.2,1874.0,46667191
Myanmar,MMR,Asia,2004,61.44,2110.0,47068779
Myanmar,MMR,Asia,2005,61.72,2378.0,47438362
Myanmar,MMR,Asia,2006,62.03,2669.0,47785141
Myanmar,MMR,Asia,2007,62.37,2968.0,48125047
Myanmar,MMR,Asia,2008,56.36,3255.0,48390790
Myanmar,MMR,Asia,2009,63.1,3578.0,48660458
Myanmar,MMR,Asia,2010,63.48,3894.0,49024376
Myanmar,MMR,Asia,2011,63.86,4079.0,49419825
Myanmar,MMR,Asia,2012,64.25,4341.0,49837451
Myanmar,MMR,Asia,2013,64.62,4667.0,50262658
Myanmar,MMR,Asia,2014,64.99,5007.0,50681635
Myanmar,MMR,Asia,2015,65.29,5314.0,51089060
Myanmar,MMR,Asia,2016,65.64,5581.0,51495701
Myanmar,MMR,Asia,2017,65.91,5878.0,51894939
Myanmar,MMR,Asia,2018,66.23,6201.0,52272250
Myanmar,MMR,Asia,2019,66.46,6563.0,52640718
Myanmar,MMR,Asia,2020,66.61,5927.0,53016525
Myanmar,MMR,Asia,2021,65.55,5178.0,53387103
Myanmar,MMR,Asia,2022,66.51,5350.0,53756791
Namibia,NAM,Africa,2000,52.95,7858.0,1818650
Namibia,NAM,Africa,2001,51.98,7787.0,1857059
Namibia,NAM,Africa,2002,51.99,8017.0,1889976
Namibia,NAM,Africa,2003,51.92,8237.0,1917469
Namibia,NAM,Africa,2004,52.18,9131.0,1942087
Namibia,NAM,Africa,2005,52.56,9245.0,1966581
Namibia,NAM,Africa,2006,53.18,9773.0,1991890
Namibia,NAM,Africa,2007,54.03,10162.0,2018607
Namibia,NAM,Africa,2008,54.74,10287.0,2047059
Namibia,NAM,Africa,2009,55.35,10166.0,2077400
Namibia,NAM,Africa,2010,56.09,10615.0,2109815
Namibia,NAM,Africa,2011,56.65,10965.0,2146331
Namibia,NAM,Africa,2012,57.73,11267.0,2194656
Namibia,NAM,Africa,2013,58.47,11594.0,2252505
Namibia,NAM,Africa,2014,59.31,11983.0,2312143
Namibia,NAM,Africa,2015,60.01,12167.0,2374305
Namibia,NAM,Africa,2016,60.81,11847.0,2439219
Namibia,NAM,Africa,2017,61.66,11409.0,2506854
Namibia,NAM,Africa,2018,62.58,11214.0,2577327
Namibia,NAM,Africa,2019,63.55,10813.0,2650499
Namibia,NAM,Africa,2020,64.07,9652.0,2728760
Namibia,NAM,Africa,2021,60.85,9709.0,2810552
Namibia,NAM,Africa,2022,64.19,9953.0,2889668
Nauru,NRU,Oceania,2000,59.57,8846.0,10187
Nauru,NRU,Oceania,2001,59.48,8279.0,10147
Nauru,NRU,Oceania,2002,59.43,7489.0,10105
Nauru,NRU,Oceania,2003,59.36,7527.0,10086
Nauru,NRU,Oceania,2004,59.35,7202.0,10084
Nauru,NRU,Oceania,2005,59.36,7210.0,10071
Nauru,NRU,Oceania,2006,59.41,7831.0,10061
Nauru,NRU,Oceania,2007,59.49,6110.0,10042
Nauru,NRU,Oceania,2008,59.68,7341.0,10032
Nauru,NRU,Oceania,2009,59.85,6928.0,10041
Nauru,NRU,Oceania,2010,60.07,6909.0,10067
Nauru,NRU,Oceania,2011,60.29,7882.0,10116
Nauru,NRU,Oceania,2012,60.53,9641.0,10289
Nauru,NRU,Oceania,2013,60.7,9800.0,10539
Nauru,NRU,Oceania,2014,60.83,11114.0,10766
Nauru,NRU,Oceania,2015,60.9,11272.0,10975
Nauru,NRU,Oceania,2016,61.0,11531.0,11173
Nauru,NRU,Oceania,2017,61.1,10633.0,11351
Nauru,NRU,Oceania,2018,61.24,10403.0,11499
Nauru,NRU,Oceania,2019,61.39,11185.0,11609
Nauru,NRU,Oceania,2020,61.53,11306.0,11665
Nauru,NRU,Oceania,2021,61.33,12114.0,11727
Nauru,NRU,Oceania,2022,61.93,12019.0,11822
Nepal,NPL,Asia,2000,62.64,2341.0,24546509
Nepal,NPL,Asia,2001,63.29,2414.0,24946755
Nepal,NPL,Asia,2002,63.51,2380.0,25328989
Nepal,NPL,Asia,2003,64.23,2439.0,25688762
Nepal,NPL,Asia,2004,64.74,2522.0,26016652
Nepal,NPL,Asia,2005,65.28,2580.0,26309462
Nepal,NPL,Asia,2006,65.89,2641.0,26565430
Nepal,NPL,Asia,2007,66.17,2709.0,26788498
Nepal,NPL,Asia,2008,66.44,2853.0,26990036
Nepal,NPL,Asia,2009,66.6,2962.0,27173035
Nepal,NPL,Asia,2010,66.77,3085.0,27341955
Nepal,NPL,Asia,2011,67.12,3177.0,27464499
Nepal,NPL,Asia,2012,67.36,3317.0,27534916
Nepal,NPL,Asia,2013,67.6,3427.0,27589997
Nepal,NPL,Asia,2014,67.81,3622.0,27672373
Nepal,NPL,Asia,2015,67.37,3745.0,27823631
Nepal,NPL,Asia,2016,68.44,3744.0,27955471
Nepal,NPL,Asia,2017,68.74,4072.0,28011258
Nepal,NPL,Asia,2018,69.04,4371.0,28079688
Nepal,NPL,Asia,2019,69.3,4608.0,28414066
Nepal,NPL,Asia,2020,69.11,4413.0,28966580
Nepal,NPL,Asia,2021,68.38,4546.0,29475016
Nepal,NPL,Asia,2022,70.09,4763.0,29715435
Netherlands,NLD,Europe,2000,78.13,56017.0,16058757
Netherlands,NLD,Europe,2001,78.34,56887.0,16182705
Netherlands,NLD,Europe,2002,78.41,56664.0,16288060
Netherlands,NLD,Europe,2003,78.66,56453.0,16366914
Netherlands,NLD,Europe,2004,79.24,57391.0,16425562
Netherlands,NLD,Europe,2005,79.49,58422.0,16465707
Netherlands,NLD,Europe,2006,79.85,60392.0,16493851
Netherlands,NLD,Europe,2007,80.26,62602.0,16531360
Netherlands,NLD,Europe,2008,80.39,63678.0,16597259
Netherlands,NLD,Europe,2009,80.67,61030.0,16684148
Netherlands,NLD,Europe,2010,80.83,61519.0,16771232
Netherlands,NLD,Europe,2011,81.11,62318.0,16851061
Netherlands,NLD,Europe,2012,81.06,61481.0,16915191
Netherlands,NLD,Europe,2013,81.3,61281.0,16967066
Netherlands,NLD,Europe,2014,81.65,62046.0,17030085
Netherlands,NLD,Europe,2015,81.49,63081.0,17107429
Netherlands,NLD,Europe,2016,81.55,64268.0,17204693
Netherlands,NLD,Europe,2017,81.74,65666.0,17315376
Netherlands,NLD,Europe,2018,81.78,66758.0,17421285
Netherlands,NLD,Europe,2019,82.05,67848.0,17537505
Netherlands,NLD,Europe,2020,81.39,64862.0,17636732
Netherlands,NLD,Europe,2021,81.36,68574.0,17730565
Netherlands,NLD,Europe,2022,81.91,71324.0,17904421
New Caledonia,NCL,Oceania,2000,73.57,,223110
New Caledonia,NCL,Oceania,2001,73.96,,227714
New Caledonia,NCL,Oceania,2002,74.28,,232239
New Caledonia,NCL,Oceania,2003,74.5,,236684
New Caledonia,NCL,Oceania,2004,74.71,,240865
New Caledonia,NCL,Oceania,2005,74.87,,244391
New Caledonia,NCL,Oceania,2006,75.02,,247557
New Caledonia,NCL,Oceania,2007,75.18,,250730
New Caledonia,NCL,Oceania,2008,75.4,,253831
New Caledonia,NCL,Oceania,2009,75.68,,257261
New Caledonia,NCL,Oceania,2010,75.99,,261580
New Caledonia,NCL,Oceania,2011,76.32,,266550
New Caledonia,NCL,Oceania,2012,76.62,,271640
New Caledonia,NCL,Oceania,2013,76.87,,276832
New Caledonia,NCL,Oceania,2014,77.05,,281233
New Caledonia,NCL,Oceania,2015,77.21,,283179
New Caledonia,NCL,Oceania,2016,77.36,,283432
New Caledonia,NCL,Oceania,2017,77.5,,283554
New Caledonia,NCL,Oceania,2018,77.56,,283551
New Caledonia,NCL,Oceania,2019,77.26,,283616
New Caledonia,NCL,Oceania,2020,77.05,,284187
New Caledonia,NCL,Oceania,2021,77.11,,285227
New Caledonia,NCL,Oceania,2022,77.7,,287130
New Zealand,NZL,Oceania,2000,78.67,35985.0,3857576
New Zealand,NZL,Oceania,2001,78.66,36995.0,3891763
New Zealand,NZL,Oceania,2002,78.87,38072.0,3951116
New Zealand,NZL,Oceania,2003,79.14,39092.0,4022585
New Zealand,NZL,Oceania,2004,79.35,40091.0,4083912
New Zealand,NZL,Oceania,2005,80.03,40970.0,4135002
New Zealand,NZL,Oceania,2006,80.02,41597.0,4181943
New Zealand,NZL,Oceania,2007,80.12,42473.0,4223270
New Zealand,NZL,Oceania,2008,80.25,41682.0,4261819
New Zealand,NZL,Oceania,2009,80.54,41251.0,4304304
New Zealand,NZL,Oceania,2010,81.05,41395.0,4347766
New Zealand,NZL,Oceania,2011,80.84,41962.0,4382699
New Zealand,NZL,Oceania,2012,81.17,42693.0,4411682
New Zealand,NZL,Oceania,2013,81.61,43453.0,4453857
New Zealand,NZL,Oceania,2014,81.41,44370.0,4522976
New Zealand,NZL,Oceania,2015,81.59,45097.0,4614035
New Zealand,NZL,Oceania,2016,82.0,45746.0,4714768
New Zealand,NZL,Oceania,2017,81.61,46286.0,4812749
New Zealand,NZL,Oceania,2018,81.88,46975.0,4900840
New Zealand,NZL,Oceania,2019,81.83,47392.0,4989410
New Zealand,NZL,Oceania,2020,82.66,46326.0,5069895
New Zealand,NZL,Oceania,2021,82.3,48202.0,5107694
New Zealand,NZL,Oceania,2022,81.01,49843.0,5131731
Nicaragua,NIC,North America,2000,66.36,4878.0,5022636
Nicaragua,NIC,North America,2001,67.03,4958.0,5087827
Nicaragua,NIC,North America,2002,67.95,4935.0,5149914
Nicaragua,NIC,North America,2003,68.75,5001.0,5210970
Nicaragua,NIC,North America,2004,69.51,5204.0,5272909
Nicaragua,NIC,North America,2005,70.37,5357.0,5342108
Nicaragua,NIC,North America,2006,70.96,5500.0,5418857
Nicaragua,NIC,North America,2007,71.2,5697.0,5497247
Nicaragua,NIC,North America,2008,71.4,5809.0,5576597
Nicaragua,NIC,North America,2009,71.5,5538.0,5656602
Nicaragua,NIC,North America,2010,71.76,5701.0,5737451
Nicaragua,NIC,North America,2011,72.03,5976.0,5819051
Nicaragua,NIC,North America,2012,72.43,6276.0,5901290
Nicaragua,NIC,North America,2013,72.55,6494.0,5983852
Nicaragua,NIC,North America,2014,72.79,6712.0,6066493
Nicaragua,NIC,North America,2015,72.9,6939.0,6149417
Nicaragua,NIC,North America,2016,73.18,7159.0,6232664
Nicaragua,NIC,North America,2017,73.39,7391.0,6316235
Nicaragua,NIC,North America,2018,73.88,7049.0,6400074
Nicaragua,NIC,North America,2019,73.76,6757.0,6483660
Nicaragua,NIC,North America,2020,70.77,6523.0,6565267
Nicaragua,NIC,North America,2021,70.48,7119.0,6644745
Nicaragua,NIC,North America,2022,74.46,7278.0,6730662
Niger,NER,Africa,2000,49.17,1198.0,11509634
Niger,NER,Africa,2001,49.87,1240.0,11920648
Niger,NER,Africa,2002,50.64,1256.0,12349150
Niger,NER,Africa,2003,51.54,1239.0,12796979
Niger,NER,Africa,2004,52.4,1199.0,13265843
Niger,NER,Africa,2005,53.32,1241.0,13756192
Niger,NER,Africa,2006,54.22,1268.0,14268583
Niger,NER,Africa,2007,55.06,1260.0,14803604
Niger,NER,Africa,2008,55.85,1308.0,15361921
Niger,NER,Africa,2009,56.49,1285.0,15943673
Niger,NER,Africa,2010,57.08,1344.0,16548833
Niger,NER,Africa,2011,57.6,1326.0,17176286
Niger,NER,Africa,2012,57.99,1412.0,17836770
Niger,NER,Africa,2013,58.36,1432.0,18519899
Niger,NER,Africa,2014,58.69,1472.0,19215917
Niger,NER,Africa,2015,58.85,1480.0,19939496
Niger,NER,Africa,2016,59.23,1488.0,20685758
Niger,NER,Africa,2017,59.52,1515.0,21435449
Niger,NER,Africa,2018,59.76,1565.0,22188074
Niger,NER,Africa,2019,60.03,1605.0,22947765
Niger,NER,Africa,2020,59.89,1622.0,23717615
Niger,NER,Africa,2021,59.54,1588.0,24502145
Niger,NER,Africa,2022,60.4,1725.0,25311978
Nigeria,NGA,Africa,2000,47.14,4889.0,126382490
Nigeria,NGA,Africa,2001,47.55,5040.0,129862594
Nigeria,NGA,Africa,2002,48.02,5655.0,133471995
Nigeria,NGA,Africa,2003,48.62,5905.0,137202646
Nigeria,NGA,Africa,2004,49.15,6275.0,141057045
Nigeria,NGA,Africa,2005,49.54,6497.0,145017256
Nigeria,NGA,Africa,2006,49.88,6703.0,149077335
Nigeria,NGA,Africa,2007,50.38,6949.0,153267254
Nigeria,NGA,Africa,2008,50.75,7216.0,157595014
Nigeria,NGA,Africa,2009,51.08,7581.0,162049466
Nigeria,NGA,Africa,2010,51.31,7963.0,166642888
Nigeria,NGA,Africa,2011,51.49,8154.0,171379602
Nigeria,NGA,Africa,2012,51.69,8266.0,176200627
Nigeria,NGA,Africa,2013,51.83,8581.0,181049440
Nigeria,NGA,Africa,2014,51.94,8885.0,185896917
Nigeria,NGA,Africa,2015,51.94,8892.0,190671883
Nigeria,NGA,Africa,2016,52.19,8535.0,195443698
Nigeria,NGA,Africa,2017,52.4,8397.0,200254580
Nigeria,NGA,Africa,2018,52.67,8363.0,204938752
Nigeria,NGA,Africa,2019,53.01,8362.0,209485637
Nigeria,NGA,Africa,2020,53.07,7664.0,213996185
Nigeria,NGA,Africa,2021,53.46,7588.0,218529286
Nigeria,NGA,Africa,2022,54.08,7752.0,223150906
Niue,NIU,Oceania,2000,66.65,,2068
Niue,NIU,Oceania,2001,66.7,,2007
Niue,NIU,Oceania,2002,66.69,,1965
Niue,NIU,Oceania,2003,66.77,,1928
Niue,NIU,Oceania,2004,65.6,,1891
Niue,NIU,Oceania,2005,66.98,,1849
Niue,NIU,Oceania,2006,67.07,,1818
Niue,NIU,Oceania,2007,67.18,,1810
Niue,NIU,Oceania,2008,67.25,,1805
Niue,NIU,Oceania,2009,67.46,,1801
Niue,NIU,Oceania,2010,67.65,,1786
Niue,NIU,Oceania,2011,67.83,,1776
Niue,NIU,Oceania,2012,68.01,,1784
Niue,NIU,Oceania,2013,68.21,,1786
Niue,NIU,Oceania,2014,68.42,,1792
Niue,NIU,Oceania,2015,68.61,,1803
Niue,NIU,Oceania,2016,68.8,,1806
Niue,NIU,Oceania,2017,68.98,,1803
Niue,NIU,Oceania,2018,69.14,,1805
Niue,NIU,Oceania,2019,69.3,,1814
Niue,NIU,Oceania,2020,69.47,,1822
Niue,NIU,Oceania,2021,69.57,,1836
Niue,NIU,Oceania,2022,69.82,,1844
North Korea,PRK,Asia,2000,60.91,,23665909
North Korea,PRK,Asia,2001,60.89,,23815364
North Korea,PRK,Asia,2002,60.88,,23943975
North Korea,PRK,Asia,2003,69.4,,24090382
North Korea,PRK,Asia,2004,69.29,,24254946
North Korea,PRK,Asia,2005,69.17,,24396434
North Korea,PRK,Asia,2006,69.06,,24524508
North Korea,PRK,Asia,2007,69.02,,24646384
North Korea,PRK,Asia,2008,69.3,,24764620
North Korea,PRK,Asia,2009,69.7,,24878338
North Korea,PRK,Asia,2010,70.25,,24987257
North Korea,PRK,Asia,2011,70.77,,25097877
North Korea,PRK,Asia,2012,71.32,,25211737
North Korea,PRK,Asia,2013,71.87,,25329456
North Korea,PRK,Asia,2014,72.45,,25451263
North Korea,PRK,Asia,2015,72.83,,25575355
North Korea,PRK,Asia,2016,72.97,,25698325
North Korea,PRK,Asia,2017,73.03,,25817710
North Korea,PRK,Asia,2018,73.02,,25931153
North Korea,PRK,Asia,2019,72.93,,26037633
North Korea,PRK,Asia,2020,72.78,,26136312
North Korea,PRK,Asia,2021,73.44,,26232530
North Korea,PRK,Asia,2022,73.64,,26328843
North Macedonia,MKD,Europe,2000,72.57,11988.0,2057254
North Macedonia,MKD,Europe,2001,73.01,11572.0,2066300
North Macedonia,MKD,Europe,2002,72.71,11830.0,2074482
North Macedonia,MKD,Europe,2003,73.05,12078.0,2081417
North Macedonia,MKD,Europe,2004,73.45,12683.0,2086581
North Macedonia,MKD,Europe,2005,73.61,13354.0,2089809
North Macedonia,MKD,Europe,2006,73.79,14118.0,2089232
North Macedonia,MKD,Europe,2007,73.74,15118.0,2081972
North Macedonia,MKD,Europe,2008,74.44,16038.0,2070837
North Macedonia,MKD,Europe,2009,74.47,16084.0,2060601
North Macedonia,MKD,Europe,2010,75.04,16731.0,2051510
North Macedonia,MKD,Europe,2011,75.14,17201.0,2040445
North Macedonia,MKD,Europe,2012,75.04,17190.0,2027288
North Macedonia,MKD,Europe,2013,75.58,17758.0,2013280
North Macedonia,MKD,Europe,2014,75.63,18452.0,1997842
North Macedonia,MKD,Europe,2015,75.63,19215.0,1980366
North Macedonia,MKD,Europe,2016,75.57,19826.0,1961268
North Macedonia,MKD,Europe,2017,76.15,20121.0,1940877
North Macedonia,MKD,Europe,2018,76.88,20806.0,1919730
North Macedonia,MKD,Europe,2019,76.83,21767.0,1897643
North Macedonia,MKD,Europe,2020,74.47,20971.0,1872021
North Macedonia,MKD,Europe,2021,73.29,22144.0,1851109
North Macedonia,MKD,Europe,2022,76.65,22822.0,1840236
Northern Mariana Islands,MNP,Oceania,2000,74.9,,68374
Northern Mariana Islands,MNP,Oceania,2001,75.42,,68003
Northern Mariana Islands,MNP,Oceania,2002,75.93,,66800
Northern Mariana Islands,MNP,Oceania,2003,76.51,,65438
Northern Mariana Islands,MNP,Oceania,2004,76.79,,63948
Northern Mariana Islands,MNP,Oceania,2005,77.31,,62372
Northern Mariana Islands,MNP,Oceania,2006,77.69,,60688
Northern Mariana Islands,MNP,Oceania,2007,77.86,,58960
Northern Mariana Islands,MNP,Oceania,2008,77.94,,57163
Northern Mariana Islands,MNP,Oceania,2009,77.9,,55346
Northern Mariana Islands,MNP,Oceania,2010,77.8,,54110
Northern Mariana Islands,MNP,Oceania,2011,77.69,,53633
Northern Mariana Islands,MNP,Oceania,2012,77.57,,53251
Northern Mariana Islands,MNP,Oceania,2013,77.45,,52777
Northern Mariana Islands,MNP,Oceania,2014,77.38,,52199
Northern Mariana Islands,MNP,Oceania,2015,77.36,,51538
Northern Mariana Islands,MNP,Oceania,2016,77.39,,50795
Northern Mariana Islands,MNP,Oceania,2017,77.47,,49981
Northern Mariana Islands,MNP,Oceania,2018,77.51,,49098
Northern Mariana Islands,MNP,Oceania,2019,77.84,,48154
Northern Mariana Islands,MNP,Oceania,2020,78.03,,47557
Northern Mariana Islands,MNP,Oceania,2021,78.16,,47003
Northern Mariana Islands,MNP,Oceania,2022,78.53,,46101
Norway,NOR,Europe,2000,78.69,76776.0,4490864
Norway,NOR,Europe,2001,78.9,78041.0,4513650
Norway,NOR,Europe,2002,78.96,78753.0,4538016
Norway,NOR,Europe,2003,79.53,79150.0,4564666
Norway,NOR,Europe,2004,79.96,82091.0,4591739
Norway,NOR,Europe,2005,80.17,83955.0,4623120
Norway,NOR,Europe,2006,80.44,85653.0,4660487
Norway,NOR,Europe,2007,80.5,87671.0,4709017
Norway,NOR,Europe,2008,80.68,87297.0,4768097
Norway,NOR,Europe,2009,80.87,84813.0,4828625
Norway,NOR,Europe,2010,81.04,84605.0,4889160
Norway,NOR,Europe,2011,81.25,84671.0,4952969
Norway,NOR,Europe,2012,81.45,85926.0,5018453
Norway,NOR,Europe,2013,81.67,85974.0,5080126
Norway,NOR,Europe,2014,82.09,86791.0,5137397
Norway,NOR,Europe,2015,82.27,87688.0,5189777
Norway,NOR,Europe,2016,82.42,88042.0,5235974
Norway,NOR,Europe,2017,82.62,89665.0,5276807
Norway,NOR,Europe,2018,82.76,90064.0,5311751
Norway,NOR,Europe,2019,82.96,90773.0,5347733
Norway,NOR,Europe,2020,83.2,89012.0,5379275
Norway,NOR,Europe,2021,83.17,92206.0,5408082
Norway,NOR,Europe,2022,82.63,95110.0,5456796
Oman,OMN,Asia,2000,73.64,42086.0,2282139
Oman,OMN,Asia,2001,73.98,43492.0,2310223
Oman,OMN,Asia,2002,74.28,42654.0,2337144
Oman,OMN,Asia,2003,74.52,41248.0,2363801
Oman,OMN,Asia,2004,74.82,41352.0,2404822
Oman,OMN,Asia,2005,75.07,41551.0,2459808
Oman,OMN,Asia,2006,75.35,42540.0,2514794
Oman,OMN,Asia,2007,75.6,43697.0,2570175
Oman,OMN,Asia,2008,76.12,46586.0,2626536
Oman,OMN,Asia,2009,76.63,48304.0,2684665
Oman,OMN,Asia,2010,77.18,48192.0,2757450
Oman,OMN,Asia,2011,77.74,44440.0,3076762
Oman,OMN,Asia,2012,78.19,41964.0,3547104
Oman,OMN,Asia,2013,78.63,40854.0,3833915
Oman,OMN,Asia,2014,79.03,39640.0,4002444
Oman,OMN,Asia,2015,79.35,39814.0,4184898
Oman,OMN,Asia,2016,79.58,39861.0,4390880
Oman,OMN,Asia,2017,79.75,38691.0,4537397
Oman,OMN,Asia,2018,79.86,38674.0,4597878
Oman,OMN,Asia,2019,79.95,38292.0,4591248
Oman,OMN,Asia,2020,77.76,37561.0,4522502
Oman,OMN,Asia,2021,75.97,38719.0,4500429
Oman,OMN,Asia,2022,77.91,39780.0,4730229
Pakistan,PAK,Asia,2000,61.9,3532.0,154879124
Pakistan,PAK,Asia,2001,62.24,3560.0,159270910
Pakistan,PAK,Asia,2002,62.56,3564.0,163222552
Pakistan,PAK,Asia,2003,62.83,3669.0,167110250
Pakistan,PAK,Asia,2004,63.1,3860.0,171285999
Pakistan,PAK,Asia,2005,62.42,4042.0,175453212
Pakistan,PAK,Asia,2006,63.62,4186.0,179682690
Pakistan,PAK,Asia,2007,63.81,4258.0,184493231
Pakistan,PAK,Asia,2008,64.0,4233.0,189499112
Pakistan,PAK,Asia,2009,64.21,4270.0,194376535
Pakistan,PAK,Asia,2010,64.38,4229.0,199239048
Pakistan,PAK,Asia,2011,64.66,4246.0,203746069
Pakistan,PAK,Asia,2012,64.88,4292.0,207667129
Pakistan,PAK,Asia,2013,65.13,4407.0,211073979
Pakistan,PAK,Asia,2014,65.37,4520.0,214264649
Pakistan,PAK,Asia,2015,65.64,4645.0,217290884
Pakistan,PAK,Asia,2016,65.94,4887.0,220138863
Pakistan,PAK,Asia,2017,66.22,5032.0,223273974
Pakistan,PAK,Asia,2018,66.48,5255.0,226928893
Pakistan,PAK,Asia,2019,66.73,5296.0,230800908
Pakistan,PAK,Asia,2020,65.7,5135.0,235001745
Pakistan,PAK,Asia,2021,65.77,5367.0,239477805
Pakistan,PAK,Asia,2022,67.42,5526.0,243700667
Palau,PLW,Oceania,2000,64.5,15410.0,19206
Palau,PLW,Oceania,2001,64.8,16393.0,19379
Palau,PLW,Oceania,2002,65.08,17033.0,19527
Palau,PLW,Oceania,2003,65.45,16539.0,19683
Palau,PLW,Oceania,2004,65.82,16974.0,19841
Palau,PLW,Oceania,2005,66.22,17465.0,19837
Palau,PLW,Oceania,2006,66.63,17706.0,19616
Palau,PLW,Oceania,2007,67.11,18097.0,19324
Palau,PLW,Oceania,2008,67.56,17355.0,19031
Palau,PLW,Oceania,2009,67.99,16541.0,18736
Palau,PLW,Oceania,2010,68.35,16313.0,18420
Palau,PLW,Oceania,2011,68.64,17355.0,18099
Palau,PLW,Oceania,2012,68.86,18025.0,17791
Palau,PLW,Oceania,2013,68.98,17891.0,17670
Palau,PLW,Oceania,2014,69.06,18575.0,17740
Palau,PLW,Oceania,2015,69.07,20104.0,17791
Palau,PLW,Oceania,2016,69.05,20408.0,17824
Palau,PLW,Oceania,2017,69.02,19693.0,17838
Palau,PLW,Oceania,2018,68.99,19609.0,17843
Palau,PLW,Oceania,2019,68.98,19686.0,17821
Palau,PLW,Oceania,2020,68.69,18509.0,17817
Palau,PLW,Oceania,2021,68.56,16312.0,17809
Palau,PLW,Oceania,2022,68.92,16259.0,17784
Palestine,PSE,Asia,2000,70.3,4521.0,3151800
Palestine,PSE,Asia,2001,69.75,3997.0,3242286
Palestine,PSE,Asia,2002,70.88,3409.0,3322369
Palestine,PSE,Asia,2003,70.97,3789.0,3398071
Palestine,PSE,Asia,2004,71.09,4503.0,3475178
Palestine,PSE,Asia,2005,72.0,4885.0,3557406
Palestine,PSE,Asia,2006,71.83,4714.0,3645096
Palestine,PSE,Asia,2007,72.06,4770.0,3736694
Palestine,PSE,Asia,2008,72.2,4985.0,3829039
Palestine,PSE,Asia,2009,72.31,5271.0,3921245
Palestine,PSE,Asia,2010,73.3,5432.0,4016918
Palestine,PSE,Asia,2011,73.56,5805.0,4115912
Palestine,PSE,Asia,2012,73.72,6009.0,4215318
Palestine,PSE,Asia,2013,74.14,6142.0,4315263
Palestine,PSE,Asia,2014,72.78,5990.0,4415887
Palestine,PSE,Asia,2015,74.58,6073.0,4521564
Palestine,PSE,Asia,2016,74.92,6464.0,4632743
Palestine,PSE,Asia,2017,75.22,6427.0,4742747
Palestine,PSE,Asia,2018,75.38,6343.0,4850593
Palestine,PSE,Asia,2019,75.81,6270.0,4957773
Palestine,PSE,Asia,2020,75.0,5424.0,5069692
Palestine,PSE,Asia,2021,73.89,5663.0,5185341
Palestine,PSE,Asia,2022,76.66,5753.0,5305274
Panama,PAN,North America,2000,73.44,14573.0,3010376
Panama,PAN,North America,2001,73.82,14428.0,3069545
Panama,PAN,North America,2002,74.19,14507.0,3129343
Panama,PAN,North America,2003,74.57,14958.0,3189813
Panama,PAN,North America,2004,74.85,15875.0,3251158
Panama,PAN,North America,2005,75.16,16868.0,3313024
Panama,PAN,North America,2006,75.43,18190.0,3375024
Panama,PAN,North America,2007,75.68,20209.0,3437490
Panama,PAN,North America,2008,75.94,21868.0,3500646
Panama,PAN,North America,2009,76.23,21823.0,3564383
Panama,PAN,North America,2010,76.42,22739.0,3628537
Panama,PAN,North America,2011,76.66,24999.0,3693509
Panama,PAN,North America,2012,76.88,26927.0,3759261
Panama,PAN,North America,2013,77.13,28135.0,3825333
Panama,PAN,North America,2014,77.36,28932.0,3892100
Panama,PAN,North America,2015,77.58,29933.0,3960034
Panama,PAN,North America,2016,77.77,30765.0,4029085
Panama,PAN,North America,2017,77.9,31980.0,4098704
Panama,PAN,North America,2018,78.27,32681.0,4167860
Panama,PAN,North America,2019,78.51,33164.0,4234698
Panama,PAN,North America,2020,76.33,26882.0,4293258
Panama,PAN,North America,2021,77.0,30933.0,4345410
Panama,PAN,North America,2022,79.32,33915.0,4400775
Papua New Guinea,PNG,Oceania,2000,61.61,3327.0,5537068
Papua New Guinea,PNG,Oceania,2001,61.65,3212.0,5728444
Papua New Guinea,PNG,Oceania,2002,61.64,3101.0,5924010
Papua New Guinea,PNG,Oceania,2003,61.74,3065.0,6124005
Papua New Guinea,PNG,Oceania,2004,61.8,3047.0,6328042
Papua New Guinea,PNG,Oceania,2005,61.87,3137.0,6535905
Papua New Guinea,PNG,Oceania,2006,62.02,3203.0,6747724
Papua New Guinea,PNG,Oceania,2007,62.21,3346.0,6963353
Papua New Guinea,PNG,Oceania,2008,62.51,3234.0,7183002
Papua New Guinea,PNG,Oceania,2009,62.77,3350.0,7406442
Papua New Guinea,PNG,Oceania,2010,63.06,3580.0,7633524
Papua New Guinea,PNG,Oceania,2011,63.38,3515.0,7859349
Papua New Guinea,PNG,Oceania,2012,63.64,3578.0,8081396
Papua New Guinea,PNG,Oceania,2013,63.93,3616.0,8302700
Papua New Guinea,PNG,Oceania,2014,64.2,3999.0,8523440
Papua New Guinea,PNG,Oceania,2015,64.47,4155.0,8743247
Papua New Guinea,PNG,Oceania,2016,64.7,4276.0,8961717
Papua New Guinea,PNG,Oceania,2017,64.92,4323.0,9178717
Papua New Guinea,PNG,Oceania,2018,65.11,4212.0,9394518
Papua New Guinea,PNG,Oceania,2019,65.33,4302.0,9609014
Papua New Guinea,PNG,Oceania,2020,65.08,4078.0,9815743
Papua New Guinea,PNG,Oceania,2021,64.36,3977.0,10012898
Papua New Guinea,PNG,Oceania,2022,65.27,4126.0,10203177
Paraguay,PRY,South America,2000,70.03,9997.0,5100875
Paraguay,PRY,South America,2001,70.28,9748.0,5187690
Paraguay,PRY,South America,2002,70.54,9610.0,5261334
Paraguay,PRY,South America,2003,70.79,9902.0,5326437
Paraguay,PRY,South America,2004,71.05,10186.0,5388181
Paraguay,PRY,South America,2005,71.32,10289.0,5448100
Paraguay,PRY,South America,2006,71.58,10672.0,5505145
Paraguay,PRY,South America,2007,71.82,11140.0,5559385
Paraguay,PRY,South America,2008,72.05,11750.0,5613577
Paraguay,PRY,South America,2009,72.28,11600.0,5671243
Paraguay,PRY,South America,2010,72.55,12737.0,5737973
Paraguay,PRY,South America,2011,72.79,13108.0,5814632
Paraguay,PRY,South America,2012,73.1,12833.0,5897011
Paraguay,PRY,South America,2013,73.29,13699.0,5982447
Paraguay,PRY,South America,2014,73.41,14218.0,6069819
Paraguay,PRY,South America,2015,73.45,14426.0,6159106
Paraguay,PRY,South America,2016,73.49,14825.0,6249129
Paraguay,PRY,South America,2017,73.45,15318.0,6338658
Paraguay,PRY,South America,2018,73.63,15591.0,6427382
Paraguay,PRY,South America,2019,73.67,15319.0,6515059
Paraguay,PRY,South America,2020,72.72,14990.0,6603741
Paraguay,PRY,South America,2021,68.11,15401.0,6684184
Paraguay,PRY,South America,2022,72.32,15223.0,6760460
Peru,PER,South America,2000,69.82,7668.0,26598328
Peru,PER,South America,2001,70.32,7611.0,26964610
Peru,PER,South America,2002,70.81,7931.0,27288211
Peru,PER,South America,2003,71.28,8173.0,27580485
Peru,PER,South America,2004,71.45,8495.0,27852190
Peru,PER,South America,2005,71.99,8949.0,28101175
Peru,PER,South America,2006,72.34,9547.0,28324488
Peru,PER,South America,2007,72.75,10285.0,28530704
Peru,PER,South America,2008,72.74,11150.0,28719038
Peru,PER,South America,2009,72.63,11203.0,28896819
Peru,PER,South America,2010,72.89,12057.0,29086021
Peru,PER,South America,2011,73.33,12725.0,29304083
Peru,PER,South America,2012,73.98,13394.0,29550367
Peru,PER,South America,2013,74.59,14050.0,29817908
Peru,PER,South America,2014,75.26,14243.0,30115825
Peru,PER,South America,2015,75.73,14541.0,30457598
Peru,PER,South America,2016,75.95,14915.0,30866497
Peru,PER,South America,2017,75.96,15067.0,31324639
Peru,PER,South America,2018,76.02,15384.0,31897590
Peru,PER,South America,2019,76.27,15461.0,32449302
Peru,PER,South America,2020,73.83,13608.0,32838577
Peru,PER,South America,2021,71.6,15286.0,33155883
Peru,PER,South America,2022,76.83,15567.0,33475436
Philippines,PHL,Asia,2000,67.79,4740.0,79625401
Philippines,PHL,Asia,2001,67.83,4778.0,81401488
Philippines,PHL,Asia,2002,67.89,4856.0,83068889
Philippines,PHL,Asia,2003,68.05,5003.0,84731836
Philippines,PHL,Asia,2004,68.3,5229.0,86394510
Philippines,PHL,Asia,2005,68.42,5387.0,88015959
Philippines,PHL,Asia,2006,68.17,5579.0,89508992
Philippines,PHL,Asia,2007,68.55,5840.0,91075180
Philippines,PHL,Asia,2008,68.64,5987.0,92699091
Philippines,PHL,Asia,2009,68.63,5965.0,94384256
Philippines,PHL,Asia,2010,68.88,6273.0,96337127
Philippines,PHL,Asia,2011,69.1,6388.0,98248614
Philippines,PHL,Asia,2012,69.24,6698.0,100175511
Philippines,PHL,Asia,2013,69.28,7017.0,102076334
Philippines,PHL,Asia,2014,69.31,7340.0,103767127
Philippines,PHL,Asia,2015,69.45,7692.0,105312988
Philippines,PHL,Asia,2016,69.49,8132.0,106735721
Philippines,PHL,Asia,2017,69.97,8584.0,108119691
Philippines,PHL,Asia,2018,69.76,9016.0,109465284
Philippines,PHL,Asia,2019,69.68,9452.0,110804685
Philippines,PHL,Asia,2020,70.1,8455.0,112081270
Philippines,PHL,Asia,2021,66.68,8858.0,113100947
Philippines,PHL,Asia,2022,69.47,9457.0,113964343
Poland,POL,Europe,2000,73.65,18566.0,38258077
Poland,POL,Europe,2001,74.18,18801.0,38247359
Poland,POL,Europe,2002,74.52,19167.0,38229407
Poland,POL,Europe,2003,74.77,19856.0,38203527
Poland,POL,Europe,2004,74.94,20879.0,38167568
Poland,POL,Europe,2005,75.13,21569.0,38124377
Poland,POL,Europe,2006,75.25,22921.0,38071169
Poland,POL,Europe,2007,75.41,24484.0,38020420
Poland,POL,Europe,2008,75.58,25554.0,37995902
Poland,POL,Europe,2009,75.91,26204.0,38002153
Poland,POL,Europe,2010,76.28,27112.0,38095356
Poland,POL,Europe,2011,76.57,28522.0,38208644
Poland,POL,Europe,2012,76.77,28953.0,38247867
Poland,POL,Europe,2013,77.08,29169.0,38259267
Poland,POL,Europe,2014,77.31,30335.0,38265113
Poland,POL,Europe,2015,77.59,31700.0,38266314
Poland,POL,Europe,2016,77.64,32675.0,38263260
Poland,POL,Europe,2017,77.72,34355.0,38254964
Poland,POL,Europe,2018,77.62,36500.0,38241070
Poland,POL,Europe,2019,77.92,38182.0,38225884
Poland,POL,Europe,2020,76.6,37853.0,38171005
Poland,POL,Europe,2021,75.64,41060.0,38040303
Poland,POL,Europe,2022,77.92,43405.0,38385734
Portugal,PRT,Europe,2000,76.83,35070.0,10283196
Portugal,PRT,Europe,2001,77.15,35500.0,10354329
Portugal,PRT,Europe,2002,77.37,35579.0,10413045
Portugal,PRT,Europe,2003,77.58,35115.0,10454246
Portugal,PRT,Europe,2004,78.43,35658.0,10481386
Portugal,PRT,Europe,2005,78.32,35870.0,10502993
Portugal,PRT,Europe,2006,79.09,36388.0,10524123
Portugal,PRT,Europe,2007,79.31,37226.0,10546822
Portugal,PRT,Europe,2008,79.6,37292.0,10564086
Portugal,PRT,Europe,2009,79.83,36093.0,10576265
Portugal,PRT,Europe,2010,80.11,36703.0,10578659
Portugal,PRT,Europe,2011,80.58,36127.0,10557050
Portugal,PRT,Europe,2012,80.55,34805.0,10513155
Portugal,PRT,Europe,2013,80.9,34652.0,10458287
Portugal,PRT,Europe,2014,81.31,35097.0,10406203
Portugal,PRT,Europe,2015,81.32,35803.0,10370264
Portugal,PRT,Europe,2016,81.36,36636.0,10346377
Portugal,PRT,Europe,2017,81.66,37943.0,10330838
Portugal,PRT,Europe,2018,81.59,39124.0,10325355
Portugal,PRT,Europe,2019,81.96,40188.0,10343218
Portugal,PRT,Europe,2020,81.37,36852.0,10370519
Portugal,PRT,Europe,2021,81.4,38658.0,10390957
Portugal,PRT,Europe,2022,81.19,41071.0,10417074
Puerto Rico,PRI,North America,2000,75.51,37299.0,3809868
Puerto Rico,PRI,North America,2001,75.97,39569.0,3813009
Puerto Rico,PRI,North America,2002,76.82,39880.0,3810715
Puerto Rico,PRI,North America,2003,76.94,39876.0,3806043
Puerto Rico,PRI,North America,2004,76.91,43356.0,3798659
Puerto Rico,PRI,North America,2005,76.7,42556.0,3788412
Puerto Rico,PRI,North America,2006,77.56,42134.0,3776220
Puerto Rico,PRI,North America,2007,77.66,41889.0,3763089
Puerto Rico,PRI,North America,2008,78.11,41358.0,3749130
Puerto Rico,PRI,North America,2009,78.38,40772.0,3735014
Puerto Rico,PRI,North America,2010,78.72,40778.0,3714834
Puerto Rico,PRI,North America,2011,78.77,40973.0,3683711
Puerto Rico,PRI,North America,2012,79.26,41347.0,3646423
Puerto Rico,PRI,North America,2013,80.32,41557.0,3606773
Puerto Rico,PRI,North America,2014,80.04,41594.0,3565367
Puerto Rico,PRI,North America,2015,80.68,41738.0,3521811
Puerto Rico,PRI,North America,2016,80.35,41858.0,3476008
Puerto Rico,PRI,North America,2017,79.07,41480.0,3371878
Puerto Rico,PRI,North America,2018,81.09,41119.0,3290068
Puerto Rico,PRI,North America,2019,81.44,41656.0,3288027
Puerto Rico,PRI,North America,2020,80.01,40171.0,3275800
Puerto Rico,PRI,North America,2021,79.77,40559.0,3253210
Puerto Rico,PRI,North America,2022,79.43,42311.0,3240972
Qatar,QAT,Asia,2000,75.25,98029.0,644993
Qatar,QAT,Asia,2001,75.49,96902.0,677934
Qatar,QAT,Asia,2002,75.77,99001.0,711215
Qatar,QAT,Asia,2003,76.1,98068.0,744690
Qatar,QAT,Asia,2004,76.48,112584.0,773341
Qatar,QAT,Asia,2005,76.91,113384.0,825419
Qatar,QAT,Asia,2006,77.32,121378.0,972841
Qatar,QAT,Asia,2007,77.74,115273.0,1208601
Qatar,QAT,Asia,2008,78.26,114879.0,1426942
Qatar,QAT,Asia,2009,78.84,114070.0,1586052
Qatar,QAT,Asia,2010,79.44,132502.0,1709238
Qatar,QAT,Asia,2011,79.99,149025.0,1810960
Qatar,QAT,Asia,2012,80.5,147077.0,1907122
Qatar,QAT,Asia,2013,80.97,138047.0,2032650
Qatar,QAT,Asia,2014,81.4,128014.0,2218378
Qatar,QAT,Asia,2015,81.78,123071.0,2427340
Qatar,QAT,Asia,2016,82.15,120054.0,2599382
Qatar,QAT,Asia,2017,82.46,115065.0,2706716
Qatar,QAT,Asia,2018,82.71,114910.0,2761144
Qatar,QAT,Asia,2019,82.95,113161.0,2797927
Qatar,QAT,Asia,2020,80.41,103062.0,2803375
Qatar,QAT,Asia,2021,81.08,116833.0,2814988
Qatar,QAT,Asia,2022,81.86,114740.0,2892466
Reunion,REU,Africa,2000,77.01,,763148
Reunion,REU,Africa,2001,77.14,,772242
Reunion,REU,Africa,2002,77.35,,781307
Reunion,REU,Africa,2003,77.56,,790570
Reunion,REU,Africa,2004,77.75,,797012
Reunion,REU,Africa,2005,77.95,,800227
Reunion,REU,Africa,2006,78.34,,806686
Reunion,REU,Africa,2007,78.93,,818729
Reunion,REU,Africa,2008,79.5,,830496
Reunion,REU,Africa,2009,80.03,,838473
Reunion,REU,Africa,2010,80.47,,844480
Reunion,REU,Africa,2011,80.97,,846790
Reunion,REU,Africa,2012,81.35,,845062
Reunion,REU,Africa,2013,81.62,,847600
Reunion,REU,Africa,2014,81.78,,858677
Reunion,REU,Africa,2015,81.91,,865016
Reunion,REU,Africa,2016,82.03,,862861
Reunion,REU,Africa,2017,82.13,,858761
Reunion,REU,Africa,2018,82.2,,856946
Reunion,REU,Africa,2019,82.32,,857327
Reunion,REU,Africa,2020,82.58,,861452
Reunion,REU,Africa,2021,81.5,,868085
Reunion,REU,Africa,2022,81.5,,871543
Romania,ROU,Europe,2000,71.16,14854.0,22046264
Romania,ROU,Europe,2001,71.12,15848.0,21919916
Romania,ROU,Europe,2002,70.83,17062.0,21770020
Romania,ROU,Europe,2003,70.82,17587.0,21593448
Romania,ROU,Europe,2004,71.1,19532.0,21403215
Romania,ROU,Europe,2005,71.58,20571.0,21213395
Romania,ROU,Europe,2006,72.17,22355.0,21035732
Romania,ROU,Europe,2007,72.79,24328.0,20870714
Romania,ROU,Europe,2008,73.22,27040.0,20718745
Romania,ROU,Europe,2009,73.46,25762.0,20576922
Romania,ROU,Europe,2010,73.58,24903.0,20432575
Romania,ROU,Europe,2011,74.29,26151.0,20282009
Romania,ROU,Europe,2012,74.31,26767.0,20158451
Romania,ROU,Europe,2013,74.92,26942.0,20062913
Romania,ROU,Europe,2014,74.77,28156.0,19968179
Romania,ROU,Europe,2015,74.74,29182.0,19871018
Romania,ROU,Europe,2016,75.02,30189.0,19777049
Romania,ROU,Europe,2017,75.02,32853.0,19689405
Romania,ROU,Europe,2018,75.1,34829.0,19597874
Romania,ROU,Europe,2019,75.33,36399.0,19501542
Romania,ROU,Europe,2020,74.05,35284.0,19392467
Romania,ROU,Europe,2021,72.74,37534.0,19248159
Romania,ROU,Europe,2022,75.26,39257.0,19166776
Russia,RUS,Europe,2000,65.0,20105.0,146717784
Russia,RUS,Europe,2001,65.02,21220.0,146117290
Russia,RUS,Europe,2002,64.73,22320.0,145939502
Russia,RUS,Europe,2003,64.72,24058.0,145794230
Russia,RUS,Europe,2004,65.15,25894.0,145180091
Russia,RUS,Europe,2005,65.22,27657.0,144597886
Russia,RUS,Europe,2006,66.55,30023.0,144102948
Russia,RUS,Europe,2007,67.47,32630.0,143859767
Russia,RUS,Europe,2008,67.86,34342.0,143811837
Russia,RUS,Europe,2009,68.66,31654.0,143869128
Russia,RUS,Europe,2010,68.15,33064.0,143934468
Russia,RUS,Europe,2011,69.73,34445.0,144043751
Russia,RUS,Europe,2012,70.12,35741.0,144291025
Russia,RUS,Europe,2013,70.64,36260.0,144604105
Russia,RUS,Europe,2014,70.8,35853.0,144925639
Russia,RUS,Europe,2015,71.34,35037.0,145307612
Russia,RUS,Europe,2016,71.91,35005.0,145778668
Russia,RUS,Europe,2017,72.84,35571.0,146186798
Russia,RUS,Europe,2018,72.94,36537.0,146430146
Russia,RUS,Europe,2019,73.07,37319.0,146533063
Russia,RUS,Europe,2020,71.17,36376.0,146371295
Russia,RUS,Europe,2021,69.81,38638.0,145836172
Russia,RUS,Europe,2022,72.52,38215.0,145579889
Rwanda,RWA,Africa,2000,47.8,1055.0,8213936
Rwanda,RWA,Africa,2001,49.49,1135.0,8287091
Rwanda,RWA,Africa,2002,51.26,1267.0,8400185
Rwanda,RWA,Africa,2003,53.53,1267.0,8586878
Rwanda,RWA,Africa,2004,55.52,1326.0,8816849
Rwanda,RWA,Africa,2005,56.97,1412.0,9054532
Rwanda,RWA,Africa,2006,58.34,1502.0,9299251
Rwanda,RWA,Africa,2007,59.5,1574.0,9549940
Rwanda,RWA,Africa,2008,60.64,1704.0,9804268
Rwanda,RWA,Africa,2009,61.81,1765.0,10060438
Rwanda,RWA,Africa,2010,62.8,1847.0,10317560
Rwanda,RWA,Africa,2011,63.48,1946.0,10573742
Rwanda,RWA,Africa,2012,64.19,2064.0,10829904
Rwanda,RWA,Africa,2013,64.65,2110.0,11093340
Rwanda,RWA,Africa,2014,65.09,2176.0,11364758
Rwanda,RWA,Africa,2015,65.42,2313.0,11640026
Rwanda,RWA,Africa,2016,65.73,2387.0,11919183
Rwanda,RWA,Africa,2017,66.14,2441.0,12202062
Rwanda,RWA,Africa,2018,66.35,2578.0,12488000
Rwanda,RWA,Africa,2019,66.69,2754.0,12776102
Rwanda,RWA,Africa,2020,66.95,2618.0,13065838
Rwanda,RWA,Africa,2021,66.85,2776.0,13355260
Rwanda,RWA,Africa,2022,67.53,2983.0,13651025
Saint Barthelemy,BLM,North America,2000,79.34,,7103
Saint Barthelemy,BLM,North America,2001,79.62,,7297
Saint Barthelemy,BLM,North America,2002,79.9,,7489
Saint Barthelemy,BLM,North America,2003,80.18,,7684
Saint Barthelemy,BLM,North America,2004,80.5,,7869
Saint Barthelemy,BLM,North America,2005,80.82,,8054
Saint Barthelemy,BLM,North America,2006,81.13,,8245
Saint Barthelemy,BLM,North America,2007,81.42,,8433
Saint Barthelemy,BLM,North America,2008,81.66,,8627
Saint Barthelemy,BLM,North America,2009,81.76,,8821
Saint Barthelemy,BLM,North America,2010,81.88,,8989
Saint Barthelemy,BLM,North America,2011,82.07,,9112
Saint Barthelemy,BLM,North America,2012,82.32,,9227
Saint Barthelemy,BLM,North America,2013,82.48,,9343
Saint Barthelemy,BLM,North America,2014,82.79,,9471
Saint Barthelemy,BLM,North America,2015,82.97,,9617
Saint Barthelemy,BLM,North America,2016,83.15,,9776
Saint Barthelemy,BLM,North America,2017,81.76,,9954
Saint Barthelemy,BLM,North America,2018,83.6,,10135
Saint Barthelemy,BLM,North America,2019,83.82,,10325
Saint Barthelemy,BLM,North America,2020,84.07,,10566
Saint Barthelemy,BLM,North America,2021,84.19,,10790
Saint Barthelemy,BLM,North America,2022,84.28,,10948
Saint Helena,SHN,Africa,2000,75.75,,6045
Saint Helena,SHN,Africa,2001,76.06,,5963
Saint Helena,SHN,Africa,2002,75.83,,5879
Saint Helena,SHN,Africa,2003,76.37,,5775
Saint Helena,SHN,Africa,2004,77.13,,5678
Saint Helena,SHN,Africa,2005,77.17,,5570
Saint Helena,SHN,Africa,2006,76.82,,5457
Saint Helena,SHN,Africa,2007,75.73,,5346
Saint Helena,SHN,Africa,2008,75.79,,5295
Saint Helena,SHN,Africa,2009,76.13,,5320
Saint Helena,SHN,Africa,2010,76.51,,5352
Saint Helena,SHN,Africa,2011,76.56,,5385
Saint Helena,SHN,Africa,2012,76.23,,5428
Saint Helena,SHN,Africa,2013,76.24,,5462
Saint Helena,SHN,Africa,2014,75.57,,5493
Saint Helena,SHN,Africa,2015,75.2,,5529
Saint Helena,SHN,Africa,2016,75.81,,5544
Saint Helena,SHN,Africa,2017,76.34,,5528
Saint Helena,SHN,Africa,2018,76.4,,5507
Saint Helena,SHN,Africa,2019,76.68,,5485
Saint Helena,SHN,Africa,2020,76.89,,5451
Saint Helena,SHN,Africa,2021,76.77,,5415
Saint Helena,SHN,Africa,2022,76.74,,5369
Saint Kitts and Nevis,KNA,North America,2000,69.25,19841.0,45272
Saint Kitts and Nevis,KNA,North America,2001,69.77,20649.0,45785
Saint Kitts and Nevis,KNA,North America,2002,70.19,20813.0,46048
Saint Kitts and Nevis,KNA,North America,2003,70.61,19927.0,46200
Saint Kitts and Nevis,KNA,North America,2004,70.92,20661.0,46337
Saint Kitts and Nevis,KNA,North America,2005,71.15,22613.0,46459
Saint Kitts and Nevis,KNA,North America,2006,71.36,23259.0,46592
Saint Kitts and Nevis,KNA,North America,2007,71.44,23330.0,46734
Saint Kitts and Nevis,KNA,North America,2008,71.48,25899.0,46857
Saint Kitts and Nevis,KNA,North America,2009,71.49,24974.0,46941
Saint Kitts and Nevis,KNA,North America,2010,71.45,24998.0,46871
Saint Kitts and Nevis,KNA,North America,2011,71.4,25380.0,46917
Saint Kitts and Nevis,KNA,North America,2012,71.36,25114.0,47056
Saint Kitts and Nevis,KNA,North America,2013,71.29,26532.0,47092
Saint Kitts and Nevis,KNA,North America,2014,71.23,28530.0,47112
Saint Kitts and Nevis,KNA,North America,2015,71.21,28730.0,47108
Saint Kitts and Nevis,KNA,North America,2016,71.23,29867.0,47099
Saint Kitts and Nevis,KNA,North America,2017,71.28,29949.0,47075
Saint Kitts and Nevis,KNA,North America,2018,71.34,30576.0,47032
Saint Kitts and Nevis,KNA,North America,2019,71.54,31512.0,46976
Saint Kitts and Nevis,KNA,North America,2020,71.18,26737.0,46896
Saint Kitts and Nevis,KNA,North America,2021,69.27,26897.0,46786
Saint Kitts and Nevis,KNA,North America,2022,70.31,29750.0,46732
Saint Lucia,LCA,North America,2000,70.78,18638.0,158624
Saint Lucia,LCA,North America,2001,71.37,17821.0,160247
Saint Lucia,LCA,North America,2002,71.71,17740.0,161655
Saint Lucia,LCA,North America,2003,72.19,18345.0,162985
Saint Lucia,LCA,North America,2004,72.45,19526.0,164250
Saint Lucia,LCA,North America,2005,72.54,19304.0,165460
Saint Lucia,LCA,North America,2006,72.79,20354.0,166657
Saint Lucia,LCA,North America,2007,72.86,20560.0,167766
Saint Lucia,LCA,North America,2008,72.96,21443.0,168816
Saint Lucia,LCA,North America,2009,72.95,20707.0,169880
Saint Lucia,LCA,North America,2010,72.77,20649.0,170921
Saint Lucia,LCA,North America,2011,72.96,21430.0,171814
Saint Lucia,LCA,North America,2012,72.86,21309.0,172595
Saint Lucia,LCA,North America,2013,72.69,20827.0,173380
Saint Lucia,LCA,North America,2014,72.68,21011.0,174145
Saint Lucia,LCA,North America,2015,72.93,20940.0,174919
Saint Lucia,LCA,North America,2016,72.55,21566.0,175651
Saint Lucia,LCA,North America,2017,72.52,22207.0,176352
Saint Lucia,LCA,North America,2018,72.65,22761.0,177032
Saint Lucia,LCA,North America,2019,72.25,22445.0,177675
Saint Lucia,LCA,North America,2020,72.31,17248.0,178261
Saint Lucia,LCA,North America,2021,69.12,19141.0,178540
Saint Lucia,LCA,North America,2022,72.67,22811.0,178794
Saint Martin (French part),MAF,North America,2000,76.79,,30020
Saint Martin (French part),MAF,North America,2001,77.01,,30827
Saint Martin (French part),MAF,North America,2002,77.22,,31629
Saint Martin (French part),MAF,North America,2003,77.42,,32420
Saint Martin (French part),MAF,North America,2004,77.61,,33196
Saint Martin (French part),MAF,North America,2005,77.8,,33952
Saint Martin (French part),MAF,North America,2006,77.99,,34680
Saint Martin (French part),MAF,North America,2007,78.16,,35361
Saint Martin (French part),MAF,North America,2008,78.33,,35978
Saint Martin (French part),MAF,North America,2009,78.51,,36523
Saint Martin (French part),MAF,North America,2010,78.75,,36875
Saint Martin (French part),MAF,North America,2011,79.02,,37094
Saint Martin (French part),MAF,North America,2012,79.3,,37299
Saint Martin (French part),MAF,North America,2013,79.53,,37439
Saint Martin (French part),MAF,North America,2014,79.73,,37472
Saint Martin (French part),MAF,North America,2015,79.83,,37386
Saint Martin (French part),MAF,North America,2016,79.89,,37201
Saint Martin (French part),MAF,North America,2017,78.76,,36863
Saint Martin (French part),MAF,North America,2018,80.03,,36036
Saint Martin (French part),MAF,North America,2019,80.08,,34290
Saint Martin (French part),MAF,North America,2020,80.08,,31811
Saint Martin (French part),MAF,North America,2021,80.21,,29986
Saint Martin (French part),MAF,North America,2022,80.24,,28899
Saint Pierre and Miquelon,SPM,North America,2000,74.88,,6317
Saint Pierre and Miquelon,SPM,North America,2001,75.11,,6299
Saint Pierre and Miquelon,SPM,North America,2002,75.33,,6273
Saint Pierre and Miquelon,SPM,North America,2003,75.5,,6234
Saint Pierre and Miquelon,SPM,North America,2004,75.68,,6191
Saint Pierre and Miquelon,SPM,North America,2005,75.8,,6139
Saint Pierre and Miquelon,SPM,North America,2006,75.92,,6094
Saint Pierre and Miquelon,SPM,North America,2007,76.05,,6074
Saint Pierre and Miquelon,SPM,North America,2008,76.18,,6063
Saint Pierre and Miquelon,SPM,North America,2009,76.27,,6054
Saint Pierre and Miquelon,SPM,North America,2010,76.35,,6047
Saint Pierre and Miquelon,SPM,North America,2011,76.41,,6036
Saint Pierre and Miquelon,SPM,North America,2012,76.46,,6019
Saint Pierre and Miquelon,SPM,North America,2013,76.48,,5999
Saint Pierre and Miquelon,SPM,North America,2014,76.47,,5984
Saint Pierre and Miquelon,SPM,North America,2015,76.48,,5971
Saint Pierre and Miquelon,SPM,North America,2016,76.51,,5957
Saint Pierre and Miquelon,SPM,North America,2017,76.55,,5946
Saint Pierre and Miquelon,SPM,North America,2018,76.59,,5932
Saint Pierre and Miquelon,SPM,North America,2019,76.61,,5899
Saint Pierre and Miquelon,SPM,North America,2020,76.62,,5852
Saint Pierre and Miquelon,SPM,North America,2021,76.67,,5802
Saint Pierre and Miquelon,SPM,North America,2022,76.7,,5760
Saint Vincent and the Grenadines,VCT,North America,2000,70.35,9999.0,113561
Saint Vincent and the Grenadines,VCT,North America,2001,70.38,10178.0,113506
Saint Vincent and the Grenadines,VCT,North America,2002,70.66,10736.0,113365
Saint Vincent and the Grenadines,VCT,North America,2003,70.43,11475.0,113149
Saint Vincent and the Grenadines,VCT,North America,2004,70.45,11980.0,112856
Saint Vincent and the Grenadines,VCT,North America,2005,70.45,12320.0,112465
Saint Vincent and the Grenadines,VCT,North America,2006,70.43,13233.0,112027
Saint Vincent and the Grenadines,VCT,North America,2007,70.45,13732.0,111544
Saint Vincent and the Grenadines,VCT,North America,2008,70.61,13850.0,111047
Saint Vincent and the Grenadines,VCT,North America,2009,70.71,13724.0,110521
Saint Vincent and the Grenadines,VCT,North America,2010,70.66,13176.0,109974
Saint Vincent and the Grenadines,VCT,North America,2011,70.61,13169.0,109367
Saint Vincent and the Grenadines,VCT,North America,2012,70.54,13398.0,108753
Saint Vincent and the Grenadines,VCT,North America,2013,70.09,13804.0,108156
Saint Vincent and the Grenadines,VCT,North America,2014,70.35,14040.0,107555
Saint Vincent and the Grenadines,VCT,North America,2015,70.46,14509.0,106975
Saint Vincent and the Grenadines,VCT,North America,2016,70.7,15198.0,106365
Saint Vincent and the Grenadines,VCT,North America,2017,71.01,15533.0,105674
Saint Vincent and the Grenadines,VCT,North America,2018,71.02,16139.0,104939
Saint Vincent and the Grenadines,VCT,North America,2019,70.99,16365.0,104183
Saint Vincent and the Grenadines,VCT,North America,2020,69.61,15764.0,103540
Saint Vincent and the Grenadines,VCT,North America,2021,69.13,16201.0,102848
Saint Vincent and the Grenadines,VCT,North America,2022,71.19,16835.0,102063
Samoa,WSM,Oceania,2000,70.79,4639.0,181695
Samoa,WSM,Oceania,2001,71.03,4942.0,183174
Samoa,WSM,Oceania,2002,71.23,5184.0,184482
Samoa,WSM,Oceania,2003,71.44,5426.0,185447
Samoa,WSM,Oceania,2004,71.51,5569.0,186265
Samoa,WSM,Oceania,2005,71.49,5916.0,186993
Samoa,WSM,Oceania,2006,71.62,6018.0,187724
Samoa,WSM,Oceania,2007,71.6,6014.0,188766
Samoa,WSM,Oceania,2008,71.53,6184.0,190117
Samoa,WSM,Oceania,2009,69.49,6105.0,191530
Samoa,WSM,Oceania,2010,71.45,6428.0,193035
Samoa,WSM,Oceania,2011,71.39,6618.0,194726
Samoa,WSM,Oceania,2012,71.16,6313.0,196518
Samoa,WSM,Oceania,2013,71.23,6263.0,198284
Samoa,WSM,Oceania,2014,71.14,6249.0,200051
Samoa,WSM,Oceania,2015,71.06,6433.0,201794
Samoa,WSM,Oceania,2016,71.0,6888.0,203509
Samoa,WSM,Oceania,2017,70.99,6920.0,205423
Samoa,WSM,Oceania,2018,71.05,6806.0,207595
Samoa,WSM,Oceania,2019,70.27,7034.0,209794
Samoa,WSM,Oceania,2020,70.73,6746.0,211957
Samoa,WSM,Oceania,2021,71.1,6351.0,213792
Samoa,WSM,Oceania,2022,71.55,6450.0,215270
San Marino,SMR,Europe,2000,80.5,77149.0,26823
San Marino,SMR,Europe,2001,80.8,80421.0,27173
San Marino,SMR,Europe,2002,81.06,79650.0,27515
San Marino,SMR,Europe,2003,81.33,81688.0,27871
San Marino,SMR,Europe,2004,81.59,80725.0,28230
San Marino,SMR,Europe,2005,81.93,81632.0,28600
San Marino,SMR,Europe,2006,82.26,83782.0,28966
San Marino,SMR,Europe,2007,82.6,86785.0,29334
San Marino,SMR,Europe,2008,82.89,85120.0,29721
San Marino,SMR,Europe,2009,83.22,73094.0,30115
San Marino,SMR,Europe,2010,83.46,68669.0,30648
San Marino,SMR,Europe,2011,83.71,64214.0,32194
San Marino,SMR,Europe,2012,83.94,58176.0,33494
San Marino,SMR,Europe,2013,84.17,58468.0,33641
San Marino,SMR,Europe,2014,84.39,58744.0,33753
San Marino,SMR,Europe,2015,84.6,59648.0,33927
San Marino,SMR,Europe,2016,84.78,60670.0,34188
San Marino,SMR,Europe,2017,84.93,59525.0,34405
San Marino,SMR,Europe,2018,85.09,59194.0,34557
San Marino,SMR,Europe,2019,85.26,60171.0,34674
San Marino,SMR,Europe,2020,82.65,55998.0,34796
San Marino,SMR,Europe,2021,83.54,64745.0,34599
San Marino,SMR,Europe,2022,85.71,70888.0,34113
Sao Tome and Principe,STP,Africa,2000,61.21,3853.0,144029
Sao Tome and Principe,STP,Africa,2001,61.5,3907.0,146386
Sao Tome and Principe,STP,Africa,2002,61.83,3943.0,149932
Sao Tome and Principe,STP,Africa,2003,62.16,4162.0,153824
Sao Tome and Principe,STP,Africa,2004,62.56,4203.0,157721
Sao Tome and Principe,STP,Africa,2005,62.43,4371.0,161650
Sao Tome and Principe,STP,Africa,2006,63.04,4644.0,165651
Sao Tome and Principe,STP,Africa,2007,63.34,4698.0,169709
Sao Tome and Principe,STP,Africa,2008,63.45,4873.0,173808
Sao Tome and Principe,STP,Africa,2009,63.67,4919.0,177866
Sao Tome and Principe,STP,Africa,2010,63.87,4882.0,181810
Sao Tome and Principe,STP,Africa,2011,64.12,4876.0,185665
Sao Tome and Principe,STP,Africa,2012,64.51,4920.0,189452
Sao Tome and Principe,STP,Africa,2013,64.93,5072.0,193158
Sao Tome and Principe,STP,Africa,2014,65.48,5223.0,196780
Sao Tome and Principe,STP,Africa,2015,66.02,5210.0,200308
Sao Tome and Principe,STP,Africa,2016,66.56,5389.0,203702
Sao Tome and Principe,STP,Africa,2017,67.07,5521.0,206986
Sao Tome and Principe,STP,Africa,2018,67.6,5675.0,210198
Sao Tome and Principe,STP,Africa,2019,68.04,5702.0,213405
Sao Tome and Principe,STP,Africa,2020,67.98,5743.0,217450
Sao Tome and Principe,STP,Africa,2021,68.03,5733.0,221975
Sao Tome and Principe,STP,Africa,2022,69.24,5632.0,226313
Saudi Arabia,SAU,Asia,2000,72.61,55962.0,16177733
Saudi Arabia,SAU,Asia,2001,72.95,53309.0,17041405
Saudi Arabia,SAU,Asia,2002,73.3,50372.0,17910909
Saudi Arabia,SAU,Asia,2003,73.66,52235.0,18786771
Saudi Arabia,SAU,Asia,2004,74.03,54197.0,19669486
Saudi Arabia,SAU,Asia,2005,74.4,54932.0,20559886
Saudi Arabia,SAU,Asia,2006,74.76,54374.0,21459141
Saudi Arabia,SAU,Asia,2007,75.07,53318.0,22368313
Saudi Arabia,SAU,Asia,2008,75.3,54408.0,23287884
Saudi Arabia,SAU,Asia,2009,75.45,51761.0,24217656
Saudi Arabia,SAU,Asia,2010,75.62,54912.0,25157134
Saudi Arabia,SAU,Asia,2011,75.81,58645.0,26105636
Saudi Arabia,SAU,Asia,2012,76.09,59472.0,27062447
Saudi Arabia,SAU,Asia,2013,76.52,57998.0,28026825
Saudi Arabia,SAU,Asia,2014,77.12,58872.0,28998127
Saudi Arabia,SAU,Asia,2015,77.78,58499.0,29974944
Saudi Arabia,SAU,Asia,2016,78.35,57308.0,30717804
Saudi Arabia,SAU,Asia,2017,78.72,57943.0,30782400
Saudi Arabia,SAU,Asia,2018,78.75,61359.0,30365119
Saudi Arabia,SAU,Asia,2019,78.31,62648.0,30472809
Saudi Arabia,SAU,Asia,2020,77.6,57421.0,30991206
Saudi Arabia,SAU,Asia,2021,77.09,62690.0,31328374
Saudi Arabia,SAU,Asia,2022,77.31,67179.0,32175351
Senegal,SEN,Africa,2000,57.62,3093.0,9968262
Senegal,SEN,Africa,2001,58.16,3149.0,10212941
Senegal,SEN,Africa,2002,58.91,3075.0,10466216
Senegal,SEN,Africa,2003,59.47,3170.0,10721176
Senegal,SEN,Africa,2004,60.31,3240.0,10975711
Senegal,SEN,Africa,2005,60.98,3302.0,11235473
Senegal,SEN,Africa,2006,61.8,3301.0,11500094
Senegal,SEN,Africa,2007,62.65,3316.0,11770348
Senegal,SEN,Africa,2008,63.2,3360.0,12048963
Senegal,SEN,Africa,2009,63.75,3371.0,12337390
Senegal,SEN,Africa,2010,64.22,3404.0,12635418
Senegal,SEN,Africa,2011,64.8,3363.0,12958902
Senegal,SEN,Africa,2012,65.23,3405.0,13310499
Senegal,SEN,Africa,2013,65.64,3385.0,13710857
Senegal,SEN,Africa,2014,66.0,3484.0,14152103
Senegal,SEN,Africa,2015,66.45,3594.0,14593335
Senegal,SEN,Africa,2016,66.72,3710.0,15034517
Senegal,SEN,Africa,2017,67.06,3871.0,15475001
Senegal,SEN,Africa,2018,67.38,3998.0,15914495
Senegal,SEN,Africa,2019,67.67,4071.0,16352926
Senegal,SEN,Africa,2020,67.5,4018.0,16789217
Senegal,SEN,Africa,2021,66.87,4174.0,17220866
Senegal,SEN,Africa,2022,67.79,4229.0,17651099
Serbia,SRB,Europe,2000,72.33,11106.0,7694608
Serbia,SRB,Europe,2001,72.27,11879.0,7651927
Serbia,SRB,Europe,2002,72.6,12662.0,7616741
Serbia,SRB,Europe,2003,72.72,13274.0,7590946
Serbia,SRB,Europe,2004,72.87,14194.0,7565843
Serbia,SRB,Europe,2005,73.12,15078.0,7539139
Serbia,SRB,Europe,2006,73.4,15727.0,7511395
Serbia,SRB,Europe,2007,73.72,17028.0,7482996
Serbia,SRB,Europe,2008,73.9,17983.0,7454285
Serbia,SRB,Europe,2009,74.11,17488.0,7425346
Serbia,SRB,Europe,2010,74.38,17841.0,7395872
Serbia,SRB,Europe,2011,74.72,17987.0,7364858
Serbia,SRB,Europe,2012,75.09,17994.0,7324624
Serbia,SRB,Europe,2013,75.35,18163.0,7276183
Serbia,SRB,Europe,2014,75.48,17922.0,7227203
Serbia,SRB,Europe,2015,75.65,18248.0,7177257
Serbia,SRB,Europe,2016,75.74,18889.0,7126083
Serbia,SRB,Europe,2017,75.79,19439.0,7073507
Serbia,SRB,Europe,2018,76.04,20454.0,7020014
Serbia,SRB,Europe,2019,76.06,21541.0,6966155
Serbia,SRB,Europe,2020,74.51,21479.0,6907814
Serbia,SRB,Europe,2021,72.85,23406.0,6835429
Serbia,SRB,Europe,2022,75.48,24652.0,6791215
Seychelles,SYC,Africa,2000,71.31,20634.0,83339
Seychelles,SYC,Africa,2001,71.43,20147.0,84621
Seychelles,SYC,Africa,2002,71.55,19778.0,85878
Seychelles,SYC,Africa,2003,71.68,18825.0,87056
Seychelles,SYC,Africa,2004,71.71,18356.0,88175
Seychelles,SYC,Africa,2005,71.92,19917.0,89288
Seychelles,SYC,Africa,2006,72.05,21342.0,90391
Seychelles,SYC,Africa,2007,72.16,23118.0,91483
Seychelles,SYC,Africa,2008,72.32,21990.0,92563
Seychelles,SYC,Africa,2009,72.41,21361.0,93644
Seychelles,SYC,Africa,2010,72.48,21709.0,94993
Seychelles,SYC,Africa,2011,72.51,24406.0,97041
Seychelles,SYC,Africa,2012,72.49,24920.0,99565
Seychelles,SYC,Africa,2013,72.43,24771.0,102108
Seychelles,SYC,Africa,2014,72.35,25379.0,104663
Seychelles,SYC,Africa,2015,72.29,27032.0,107247
Seychelles,SYC,Africa,2016,72.25,29905.0,109836
Seychelles,SYC,Africa,2017,72.23,31596.0,112443
Seychelles,SYC,Africa,2018,72.18,32841.0,115053
Seychelles,SYC,Africa,2019,72.12,34346.0,117662
Seychelles,SYC,Africa,2020,74.09,30056.0,120299
Seychelles,SYC,Africa,2021,71.22,29980.0,123000
Seychelles,SYC,Africa,2022,71.25,27276.0,125533
Sierra Leone,SLE,Africa,2000,44.83,1982.0,4423615
Sierra Leone,SLE,Africa,2001,45.45,1749.0,4692715
Sierra Leone,SLE,Africa,2002,46.17,2089.0,4971435
Sierra Leone,SLE,Africa,2003,46.78,2196.0,5177686
Sierra Leone,SLE,Africa,2004,47.49,2261.0,5355715
Sierra Leone,SLE,Africa,2005,48.31,2297.0,5501707
Sierra Leone,SLE,Africa,2006,49.55,2343.0,5624464
Sierra Leone,SLE,Africa,2007,50.02,2378.0,5749353
Sierra Leone,SLE,Africa,2008,50.69,2405.0,5894728
Sierra Leone,SLE,Africa,2009,51.31,2377.0,6055655
Sierra Leone,SLE,Africa,2010,51.93,2460.0,6222715
Sierra Leone,SLE,Africa,2011,52.59,2591.0,6387258
Sierra Leone,SLE,Africa,2012,53.16,2793.0,6551078
Sierra Leone,SLE,Africa,2013,54.05,3125.0,6714057
Sierra Leone,SLE,Africa,2014,54.28,2813.0,6876385
Sierra Leone,SLE,Africa,2015,55.45,2628.0,7037660
Sierra Leone,SLE,Africa,2016,56.94,2732.0,7205339
Sierra Leone,SLE,Africa,2017,57.76,2753.0,7379300
Sierra Leone,SLE,Africa,2018,59.06,2767.0,7554568
Sierra Leone,SLE,Africa,2019,59.59,2853.0,7731994
Sierra Leone,SLE,Africa,2020,59.69,2753.0,7912557
Sierra Leone,SLE,Africa,2021,60.26,2849.0,8094603
Sierra Leone,SLE,Africa,2022,61.27,2935.0,8276809
Singapore,SGP,Asia,2000,77.75,68904.0,4035251
Singapore,SGP,Asia,2001,78.27,66352.0,4116169
Singapore,SGP,Asia,2002,78.74,68329.0,4146898
Singapore,SGP,Asia,2003,79.18,72498.0,4138241
Singapore,SGP,Asia,2004,79.66,78713.0,4172767
Singapore,SGP,Asia,2005,80.27,82547.0,4268363
Singapore,SGP,Asia,2006,80.64,87210.0,4407064
Singapore,SGP,Asia,2007,80.88,91198.0,4596516
Singapore,SGP,Asia,2008,81.1,88083.0,4806742
Singapore,SGP,Asia,2009,81.43,85576.0,4968574
Singapore,SGP,Asia,2010,81.65,96280.0,5077020
Singapore,SGP,Asia,2011,81.94,100154.0,5182242
Singapore,SGP,Asia,2012,82.21,102061.0,5293345
Singapore,SGP,Asia,2013,82.47,105260.0,5385589
Singapore,SGP,Asia,2014,82.61,107991.0,5457899
Singapore,SGP,Asia,2015,82.75,109894.0,5525343
Singapore,SGP,Asia,2016,82.9,112720.0,5577936
Singapore,SGP,Asia,2017,83.09,117493.0,5604087
Singapore,SGP,Asia,2018,83.38,120669.0,5634366
Singapore,SGP,Asia,2019,83.66,120678.0,5669562
Singapore,SGP,Asia,2020,83.66,116684.0,5620151
Singapore,SGP,Asia,2021,83.48,133990.0,5546291
Singapore,SGP,Asia,2022,82.92,134828.0,5649888
Sint Maarten (Dutch part),SXM,North America,2000,74.41,,30796
Sint Maarten (Dutch part),SXM,North America,2001,74.52,,30751
Sint Maarten (Dutch part),SXM,North America,2002,74.58,,30986
Sint Maarten (Dutch part),SXM,North America,2003,74.59,,31346
Sint Maarten (Dutch part),SXM,North America,2004,74.62,,31714
Sint Maarten (Dutch part),SXM,North America,2005,74.68,,32083
Sint Maarten (Dutch part),SXM,North America,2006,74.78,,32448
Sint Maarten (Dutch part),SXM,North America,2007,74.81,,32811
Sint Maarten (Dutch part),SXM,North America,2008,74.85,,33165
Sint Maarten (Dutch part),SXM,North America,2009,74.8,50981.0,33514
Sint Maarten (Dutch part),SXM,North America,2010,74.82,52141.0,33814
Sint Maarten (Dutch part),SXM,North America,2011,74.87,53786.0,34288
Sint Maarten (Dutch part),SXM,North America,2012,75.13,53357.0,35040
Sint Maarten (Dutch part),SXM,North America,2013,75.39,52801.0,35871
Sint Maarten (Dutch part),SXM,North America,2014,75.73,52439.0,36695
Sint Maarten (Dutch part),SXM,North America,2015,75.9,51376.0,37490
Sint Maarten (Dutch part),SXM,North America,2016,75.95,50818.0,38274
Sint Maarten (Dutch part),SXM,North America,2017,75.46,46088.0,39012
Sint Maarten (Dutch part),SXM,North America,2018,75.69,42154.0,39736
Sint Maarten (Dutch part),SXM,North America,2019,75.68,45997.0,40410
Sint Maarten (Dutch part),SXM,North America,2020,75.0,39266.0,41027
Sint Maarten (Dutch part),SXM,North America,2021,74.5,40507.0,41593
Sint Maarten (Dutch part),SXM,North America,2022,76.18,45516.0,42163
Slovakia,SVK,Europe,2000,73.14,18336.0,5380001
Slovakia,SVK,Europe,2001,73.57,18907.0,5379439
Slovakia,SVK,Europe,2002,73.76,19749.0,5377685
Slovakia,SVK,Europe,2003,73.82,20722.0,5376197
Slovakia,SVK,Europe,2004,74.22,21843.0,5376038
Slovakia,SVK,Europe,2005,74.16,23257.0,5376697
Slovakia,SVK,Europe,2006,74.42,25332.0,5376847
Slovakia,SVK,Europe,2007,74.49,28064.0,5376993
Slovakia,SVK,Europe,2008,74.86,29544.0,5379127
Slovakia,SVK,Europe,2009,75.22,27880.0,5385074
Slovakia,SVK,Europe,2010,75.5,29746.0,5391857
Slovakia,SVK,Europe,2011,76.02,30469.0,5398105
Slovakia,SVK,Europe,2012,76.18,30894.0,5404877
Slovakia,SVK,Europe,2013,76.51,31078.0,5410422
Slovakia,SVK,Europe,2014,76.85,31889.0,5415238
Slovakia,SVK,Europe,2015,76.65,33508.0,5420278
Slovakia,SVK,Europe,2016,77.22,34116.0,5427262
Slovakia,SVK,Europe,2017,77.22,35043.0,5435702
Slovakia,SVK,Europe,2018,77.26,36416.0,5443229
Slovakia,SVK,Europe,2019,77.69,37194.0,5450627
Slovakia,SVK,Europe,2020,76.86,36201.0,5455028
Slovakia,SVK,Europe,2021,74.59,38330.0,5442766
Slovakia,SVK,Europe,2022,77.04,38649.0,5473195
Slovenia,SVN,Europe,2000,75.83,30061.0,1986817
Slovenia,SVN,Europe,2001,76.18,30863.0,1989684
Slovenia,SVN,Europe,2002,76.32,31837.0,1991571
Slovenia,SVN,Europe,2003,76.32,32834.0,1992499
Slovenia,SVN,Europe,2004,76.93,34305.0,1993548
Slovenia,SVN,Europe,2005,77.5,35565.0,1996915
Slovenia,SVN,Europe,2006,77.82,37546.0,2003116
Slovenia,SVN,Europe,2007,78.29,40003.0,2014159
Slovenia,SVN,Europe,2008,78.6,41286.0,2025090
Slovenia,SVN,Europe,2009,79.03,37809.0,2035610
Slovenia,SVN,Europe,2010,79.3,38063.0,2044611
Slovenia,SVN,Europe,2011,79.59,38233.0,2048805
Slovenia,SVN,Europe,2012,79.77,37041.0,2053322
Slovenia,SVN,Europe,2013,80.09,36686.0,2056452
Slovenia,SVN,Europe,2014,80.25,37662.0,2058395
Slovenia,SVN,Europe,2015,80.5,38535.0,2059946
Slovenia,SVN,Europe,2016,80.51,39675.0,2061379
Slovenia,SVN,Europe,2017,80.62,41701.0,2062410
Slovenia,SVN,Europe,2018,80.86,43369.0,2069484
Slovenia,SVN,Europe,2019,81.01,44578.0,2083438
Slovenia,SVN,Europe,2020,80.36,42472.0,2102421
Slovenia,SVN,Europe,2021,80.43,45923.0,2113495
Slovenia,SVN,Europe,2022,80.79,47059.0,2115231
Solomon Islands,SLB,Oceania,2000,67.12,2277.0,440481
Solomon Islands,SLB,Oceania,2001,67.24,2056.0,449137
Solomon Islands,SLB,Oceania,2002,67.35,1961.0,457676
Solomon Islands,SLB,Oceania,2003,67.48,2051.0,466164
Solomon Islands,SLB,Oceania,2004,67.63,2169.0,474618
Solomon Islands,SLB,Oceania,2005,67.79,2288.0,483090
Solomon Islands,SLB,Oceania,2006,67.97,2341.0,491602
Solomon Islands,SLB,Oceania,2007,67.85,2385.0,500168
Solomon Islands,SLB,Oceania,2008,68.34,2490.0,508802
Solomon Islands,SLB,Oceania,2009,68.4,2515.0,518150
Solomon Islands,SLB,Oceania,2010,68.67,2683.0,532976
Solomon Islands,SLB,Oceania,2011,68.82,2778.0,552958
Solomon Islands,SLB,Oceania,2012,68.96,2744.0,573623
Solomon Islands,SLB,Oceania,2013,69.01,2784.0,594952
Solomon Islands,SLB,Oceania,2014,68.98,2717.0,616915
Solomon Islands,SLB,Oceania,2015,69.32,2665.0,639423
Solomon Islands,SLB,Oceania,2016,69.5,2716.0,662387
Solomon Islands,SLB,Oceania,2017,69.65,2704.0,685677
Solomon Islands,SLB,Oceania,2018,69.81,2686.0,709109
Solomon Islands,SLB,Oceania,2019,69.98,2662.0,728156
Solomon Islands,SLB,Oceania,2020,69.26,2515.0,744505
Solomon Islands,SLB,Oceania,2021,68.89,2450.0,762594
Solomon Islands,SLB,Oceania,2022,70.41,2330.0,781075
Somalia,SOM,Africa,2000,50.75,703.0,8838714
Somalia,SOM,Africa,2001,50.83,723.0,9198495
Somalia,SOM,Africa,2002,50.82,750.0,9550069
Somalia,SOM,Africa,2003,50.72,778.0,9909161
Somalia,SOM,Africa,2004,50.68,803.0,10281001
Somalia,SOM,Africa,2005,50.89,831.0,10644234
Somalia,SOM,Africa,2006,50.92,858.0,10975502
Somalia,SOM,Africa,2007,50.89,887.0,11322581
Somalia,SOM,Africa,2008,51.46,919.0,11663090
Somalia,SOM,Africa,2009,52.1,956.0,11961205
Somalia,SOM,Africa,2010,48.9,995.0,12261761
Somalia,SOM,Africa,2011,32.45,1054.0,12348829
Somalia,SOM,Africa,2012,49.14,1115.0,12461163
Somalia,SOM,Africa,2013,54.02,1198.0,12869599
Somalia,SOM,Africa,2014,54.44,1259.0,13339497
Somalia,SOM,Africa,2015,55.06,1344.0,13806969
Somalia,SOM,Africa,2016,55.28,1384.0,14348741
Somalia,SOM,Africa,2017,52.19,1528.0,14916630
Somalia,SOM,Africa,2018,54.77,1505.0,15452489
Somalia,SOM,Africa,2019,57.25,1491.0,16030969
Somalia,SOM,Africa,2020,57.09,1396.0,16651200
Somalia,SOM,Africa,2021,55.7,1392.0,17271435
Somalia,SOM,Africa,2022,53.93,1388.0,17801895
South Africa,ZAF,Africa,2000,58.37,11184.0,47159715
South Africa,ZAF,Africa,2001,57.16,11387.0,47566805
South Africa,ZAF,Africa,2002,55.58,11698.0,48019414
South Africa,ZAF,Africa,2003,54.25,11923.0,48500351
South Africa,ZAF,Africa,2004,53.96,12341.0,48991420
South Africa,ZAF,Africa,2005,53.91,12862.0,49490041
South Africa,ZAF,Africa,2006,54.22,13444.0,49998271
South Africa,ZAF,Africa,2007,54.95,14016.0,50528575
South Africa,ZAF,Africa,2008,55.98,14298.0,51114595
South Africa,ZAF,Africa,2009,57.41,13911.0,51728518
South Africa,ZAF,Africa,2010,58.89,14165.0,52344047
South Africa,ZAF,Africa,2011,60.6,14434.0,52995212
South Africa,ZAF,Africa,2012,61.74,14564.0,53782570
South Africa,ZAF,Africa,2013,62.39,14681.0,54678789
South Africa,ZAF,Africa,2014,63.18,14643.0,55594840
South Africa,ZAF,Africa,2015,64.05,14542.0,56723536
South Africa,ZAF,Africa,2016,64.75,14501.0,57259550
South Africa,ZAF,Africa,2017,65.42,14574.0,57635158
South Africa,ZAF,Africa,2018,65.73,14554.0,58613001
South Africa,ZAF,Africa,2019,66.07,14353.0,59587880
South Africa,ZAF,Africa,2020,65.15,13251.0,60562374
South Africa,ZAF,Africa,2021,62.01,13682.0,61502602
South Africa,ZAF,Africa,2022,65.45,13767.0,62378417
South Korea,KOR,Asia,2000,76.24,26404.0,46766660
South Korea,KOR,Asia,2001,76.92,27441.0,47043467
South Korea,KOR,Asia,2002,77.23,29395.0,47299118
South Korea,KOR,Asia,2003,77.5,30142.0,47514158
South Korea,KOR,Asia,2004,77.96,31580.0,47697076
South Korea,KOR,Asia,2005,78.45,32886.0,47851646
South Korea,KOR,Asia,2006,79.03,34430.0,48006518
South Korea,KOR,Asia,2007,79.43,36257.0,48178122
South Korea,KOR,Asia,2008,80.0,37064.0,48356485
South Korea,KOR,Asia,2009,80.55,37176.0,48546690
South Korea,KOR,Asia,2010,80.72,39574.0,48769329
South Korea,KOR,Asia,2011,81.17,40719.0,49127640
South Korea,KOR,Asia,2012,81.31,41538.0,49599580
South Korea,KOR,Asia,2013,81.84,42710.0,50071168
South Korea,KOR,Asia,2014,82.36,43807.0,50539055
South Korea,KOR,Asia,2015,82.54,44849.0,50983909
South Korea,KOR,Asia,2016,82.92,46088.0,51297836
South Korea,KOR,Asia,2017,83.28,47537.0,51486268
South Korea,KOR,Asia,2018,83.34,48834.0,51640894
South Korea,KOR,Asia,2019,83.68,49791.0,51767844
South Korea,KOR,Asia,2020,83.68,49374.0,51858481
South Korea,KOR,Asia,2021,83.85,51718.0,51848401
South Korea,KOR,Asia,2022,82.73,53229.0,51782515
South Sudan,SSD,Africa,2000,47.59,,6032274
South Sudan,SSD,Africa,2001,48.55,,6308399
South Sudan,SSD,Africa,2002,49.39,,6596810
South Sudan,SSD,Africa,2003,52.32,,6903129
South Sudan,SSD,Africa,2004,53.05,,7233040
South Sudan,SSD,Africa,2005,53.96,,7590147
South Sudan,SSD,Africa,2006,54.65,,7976532
South Sudan,SSD,Africa,2007,55.42,,8388785
South Sudan,SSD,Africa,2008,56.28,,8817645
South Sudan,SSD,Africa,2009,56.85,,9243560
South Sudan,SSD,Africa,2010,57.48,,9745955
South Sudan,SSD,Africa,2011,57.67,,10288112
South Sudan,SSD,Africa,2012,58.24,,10756245
South Sudan,SSD,Africa,2013,58.29,,11166280
South Sudan,SSD,Africa,2014,45.62,,11235071
South Sudan,SSD,Africa,2015,39.76,,11107569
South Sudan,SSD,Africa,2016,36.72,,10830108
South Sudan,SSD,Africa,2017,35.35,,10259150
South Sudan,SSD,Africa,2018,51.9,,10122983
South Sudan,SSD,Africa,2019,58.13,,10423382
South Sudan,SSD,Africa,2020,57.65,,10698471
South Sudan,SSD,Africa,2021,57.05,,10865786
South Sudan,SSD,Africa,2022,57.2,,11021175
Spain,ESP,Europe,2000,79.41,39946.0,41019772
Spain,ESP,Europe,2001,79.74,41224.0,41245602
Spain,ESP,Europe,2002,79.82,41766.0,41755703
Spain,ESP,Europe,2003,79.75,42223.0,42506540
Spain,ESP,Europe,2004,80.33,42793.0,43234562
Spain,ESP,Europe,2005,80.32,43571.0,43958883
Spain,ESP,Europe,2006,80.96,44573.0,44695446
Spain,ESP,Europe,2007,80.97,45301.0,45516501
Spain,ESP,Europe,2008,81.28,44926.0,46235055
Spain,ESP,Europe,2009,81.63,42852.0,46635182
Spain,ESP,Europe,2010,82.01,42696.0,46840469
Spain,ESP,Europe,2011,82.18,42272.0,46998040
Spain,ESP,Europe,2012,82.19,41034.0,47018323
Spain,ESP,Europe,2013,82.69,40595.0,46860394
Spain,ESP,Europe,2014,82.83,41339.0,46720187
Spain,ESP,Europe,2015,82.61,43054.0,46683683
Spain,ESP,Europe,2016,83.0,44275.0,46732768
Spain,ESP,Europe,2017,82.99,45446.0,46868594
Spain,ESP,Europe,2018,83.1,46325.0,47092817
Spain,ESP,Europe,2019,83.48,46896.0,47435121
Spain,ESP,Europe,2020,82.24,41553.0,47679482
Spain,ESP,Europe,2021,82.95,44252.0,47735670
Spain,ESP,Europe,2022,82.37,46733.0,47828386
Sri Lanka,LKA,Asia,2000,71.18,6429.0,19293056
Sri Lanka,LKA,Asia,2001,71.8,6230.0,19600361
Sri Lanka,LKA,Asia,2002,72.27,6410.0,19805750
Sri Lanka,LKA,Asia,2003,72.44,6741.0,19951521
Sri Lanka,LKA,Asia,2004,68.02,7060.0,20087608
Sri Lanka,LKA,Asia,2005,73.07,7453.0,20216531
Sri Lanka,LKA,Asia,2006,72.82,7971.0,20352416
Sri Lanka,LKA,Asia,2007,72.98,8454.0,20492546
Sri Lanka,LKA,Asia,2008,72.56,8898.0,20629377
Sri Lanka,LKA,Asia,2009,70.3,9156.0,20756438
Sri Lanka,LKA,Asia,2010,74.46,9832.0,20879092
Sri Lanka,LKA,Asia,2011,74.74,10618.0,21009054
Sri Lanka,LKA,Asia,2012,75.19,11448.0,21169461
Sri Lanka,LKA,Asia,2013,75.55,12250.0,21358829
Sri Lanka,LKA,Asia,2014,75.76,12910.0,21547454
Sri Lanka,LKA,Asia,2015,75.99,13330.0,21729975
Sri Lanka,LKA,Asia,2016,76.14,13846.0,21910763
Sri Lanka,LKA,Asia,2017,76.24,14572.0,22087525
Sri Lanka,LKA,Asia,2018,76.49,14760.0,22253116
Sri Lanka,LKA,Asia,2019,76.7,14637.0,22410552
Sri Lanka,LKA,Asia,2020,76.93,13887.0,22561808
Sri Lanka,LKA,Asia,2021,76.28,14316.0,22700377
Sri Lanka,LKA,Asia,2022,77.3,13249.0,22834965
Sudan,SDN,Africa,2000,58.95,3576.0,27816748
Sudan,SDN,Africa,2001,59.26,3702.0,28516774
Sudan,SDN,Africa,2002,59.31,3814.0,29228728
Sudan,SDN,Africa,2003,58.32,3947.0,29896038
Sudan,SDN,Africa,2004,56.77,4041.0,30556641
Sudan,SDN,Africa,2005,57.23,4152.0,31262447
Sudan,SDN,Africa,2006,60.4,4300.0,31992438
Sudan,SDN,Africa,2007,61.44,4416.0,32764139
Sudan,SDN,Africa,2008,61.26,4446.0,33623980
Sudan,SDN,Africa,2009,62.68,4188.0,34569114
Sudan,SDN,Africa,2010,62.98,4220.0,35414403
Sudan,SDN,Africa,2011,63.18,4468.0,36140808
Sudan,SDN,Africa,2012,63.43,4146.0,36923175
Sudan,SDN,Africa,2013,63.44,4130.0,37785852
Sudan,SDN,Africa,2014,63.99,4208.0,38823324
Sudan,SDN,Africa,2015,64.37,4159.0,40024433
Sudan,SDN,Africa,2016,64.68,4175.0,41259892
Sudan,SDN,Africa,2017,65.15,4061.0,42714311
Sudan,SDN,Africa,2018,65.5,3817.0,44230597
Sudan,SDN,Africa,2019,65.8,3626.0,45548179
Sudan,SDN,Africa,2020,65.12,3401.0,46789237
Sudan,SDN,Africa,2021,64.46,3249.0,48066930
Sudan,SDN,Africa,2022,65.69,3132.0,49383344
Suriname,SUR,South America,2000,64.41,16220.0,476647
Suriname,SUR,South America,2001,64.82,16557.0,486566
Suriname,SUR,South America,2002,65.27,16678.0,496566
Suriname,SUR,South America,2003,65.78,17384.0,506421
Suriname,SUR,South America,2004,66.36,18586.0,513928
Suriname,SUR,South America,2005,67.0,19220.0,519321
Suriname,SUR,South America,2006,67.64,20114.0,525003
Suriname,SUR,South America,2007,68.31,20902.0,531026
Suriname,SUR,South America,2008,68.87,21516.0,537252
Suriname,SUR,South America,2009,69.32,21906.0,543580
Suriname,SUR,South America,2010,69.63,22772.0,549931
Suriname,SUR,South America,2011,69.82,23830.0,556279
Suriname,SUR,South America,2012,69.96,24194.0,562640
Suriname,SUR,South America,2013,70.11,24624.0,569024
Suriname,SUR,South America,2014,70.33,24414.0,575380
Suriname,SUR,South America,2015,70.57,23328.0,581634
Suriname,SUR,South America,2016,70.98,21950.0,587765
Suriname,SUR,South America,2017,71.25,22071.0,593720
Suriname,SUR,South America,2018,71.47,22939.0,599519
Suriname,SUR,South America,2019,71.77,22967.0,605779
Suriname,SUR,South America,2020,72.32,19091.0,612320
Suriname,SUR,South America,2021,68.94,18458.0,617905
Suriname,SUR,South America,2022,73.25,18743.0,623172
Sweden,SWE,Europe,2000,79.74,47869.0,8872099
Sweden,SWE,Europe,2001,79.84,48390.0,8896018
Sweden,SWE,Europe,2002,79.93,49331.0,8925045
Sweden,SWE,Europe,2003,80.2,50072.0,8958434
Sweden,SWE,Europe,2004,80.55,51961.0,8993805
Sweden,SWE,Europe,2005,80.62,53199.0,9029771
Sweden,SWE,Europe,2006,80.83,55374.0,9080628
Sweden,SWE,Europe,2007,80.97,56737.0,9148280
Sweden,SWE,Europe,2008,81.14,55777.0,9219903
Sweden,SWE,Europe,2009,81.36,52951.0,9298738
Sweden,SWE,Europe,2010,81.52,55520.0,9378234
Sweden,SWE,Europe,2011,81.76,56846.0,9449263
Sweden,SWE,Europe,2012,81.73,56193.0,9519477
Sweden,SWE,Europe,2013,81.94,56353.0,9600620
Sweden,SWE,Europe,2014,82.22,57078.0,9696438
Sweden,SWE,Europe,2015,82.18,58956.0,9799483
Sweden,SWE,Europe,2016,82.34,59460.0,9923281
Sweden,SWE,Europe,2017,82.44,59769.0,10057864
Sweden,SWE,Europe,2018,82.53,60125.0,10175400
Sweden,SWE,Europe,2019,83.05,61071.0,10279120
Sweden,SWE,Europe,2020,82.43,59458.0,10353682
Sweden,SWE,Europe,2021,83.02,62191.0,10416134
Sweden,SWE,Europe,2022,83.05,62544.0,10487335
Switzerland,CHE,Europe,2000,79.83,68835.0,7184003
Switzerland,CHE,Europe,2001,80.25,69490.0,7226391
Switzerland,CHE,Europe,2002,80.44,69228.0,7278744
Switzerland,CHE,Europe,2003,80.53,68521.0,7333451
Switzerland,CHE,Europe,2004,81.05,69812.0,7384196
Switzerland,CHE,Europe,2005,81.24,71414.0,7431824
Switzerland,CHE,Europe,2006,81.55,73902.0,7478514
Switzerland,CHE,Europe,2007,81.7,76162.0,7545386
Switzerland,CHE,Europe,2008,81.97,77104.0,7641730
Switzerland,CHE,Europe,2009,81.99,74673.0,7737644
Switzerland,CHE,Europe,2010,82.29,76309.0,7825750
Switzerland,CHE,Europe,2011,82.57,76527.0,7914379
Switzerland,CHE,Europe,2012,82.62,76570.0,7998927
Switzerland,CHE,Europe,2013,82.69,77085.0,8091199
Switzerland,CHE,Europe,2014,83.08,78087.0,8190238
Switzerland,CHE,Europe,2015,82.85,78326.0,8283940
Switzerland,CHE,Europe,2016,83.45,78956.0,8374903
Switzerland,CHE,Europe,2017,83.41,79334.0,8453630
Switzerland,CHE,Europe,2018,83.56,81372.0,8516341
Switzerland,CHE,Europe,2019,83.78,81695.0,8577525
Switzerland,CHE,Europe,2020,83.06,79271.0,8640582
Switzerland,CHE,Europe,2021,83.65,83525.0,8707019
Switzerland,CHE,Europe,2022,83.2,85762.0,8792180
Syria,SYR,Asia,2000,70.86,7974.0,16637884
Syria,SYR,Asia,2001,71.3,8076.0,17051337
Syria,SYR,Asia,2002,71.74,8502.0,17468335
Syria,SYR,Asia,2003,72.19,8351.0,17889297
Syria,SYR,Asia,2004,72.49,8710.0,18336879
Syria,SYR,Asia,2005,72.8,9017.0,18814092
Syria,SYR,Asia,2006,73.04,9075.0,19637016
Syria,SYR,Asia,2007,73.26,9017.0,20884136
Syria,SYR,Asia,2008,73.37,9093.0,21636566
Syria,SYR,Asia,2009,73.5,9482.0,21976971
Syria,SYR,Asia,2010,73.54,9750.0,22482417
Syria,SYR,Asia,2011,72.26,9854.0,22878104
Syria,SYR,Asia,2012,66.21,7296.0,22759763
Syria,SYR,Asia,2013,65.15,5649.0,21666921
Syria,SYR,Asia,2014,65.49,5414.0,20273661
Syria,SYR,Asia,2015,63.27,5415.0,19424615
Syria,SYR,Asia,2016,65.19,5129.0,19193835
Syria,SYR,Asia,2017,65.65,5084.0,19224671
Syria,SYR,Asia,2018,67.37,5061.0,19577849
Syria,SYR,Asia,2019,70.97,4928.0,20353536
Syria,SYR,Asia,2020,71.94,4811.0,21049431
Syria,SYR,Asia,2021,72.42,4766.0,21628837
Syria,SYR,Asia,2022,72.79,4579.0,22462170
Taiwan,TWN,Asia,2000,76.14,,22332873
Taiwan,TWN,Asia,2001,76.48,,22446254
Taiwan,TWN,Asia,2002,76.87,,22566898
Taiwan,TWN,Asia,2003,77.04,,22664130
Taiwan,TWN,Asia,2004,77.17,,22745432
Taiwan,TWN,Asia,2005,77.13,,22824932
Taiwan,TWN,Asia,2006,77.84,,22914644
Taiwan,TWN,Asia,2007,78.05,,23006921
Taiwan,TWN,Asia,2008,78.3,,23086238
Taiwan,TWN,Asia,2009,78.7,,23164353
Taiwan,TWN,Asia,2010,79.04,,23224049
Taiwan,TWN,Asia,2011,78.88,,23273078
Taiwan,TWN,Asia,2012,79.18,,23345963
Taiwan,TWN,Asia,2013,79.6,,23416870
Taiwan,TWN,Asia,2014,79.47,,23472811
Taiwan,TWN,Asia,2015,79.88,,23529260
Taiwan,TWN,Asia,2016,79.7,,23586140
Taiwan,TWN,Asia,2017,80.06,,23632950
Taiwan,TWN,Asia,2018,80.43,,23659308
Taiwan,TWN,Asia,2019,80.6,,23674137
Taiwan,TWN,Asia,2020,81.11,,23663461
Taiwan,TWN,Asia,2021,80.78,,23558330
Taiwan,TWN,Asia,2022,80.16,,23420107
Tajikistan,TJK,Asia,2000,63.54,1365.0,6284737
Tajikistan,TJK,Asia,2001,64.2,1467.0,6407376
Tajikistan,TJK,Asia,2002,64.9,1595.0,6531674
Tajikistan,TJK,Asia,2003,65.87,1737.0,6658575
Tajikistan,TJK,Asia,2004,66.6,1878.0,6790555
Tajikistan,TJK,Asia,2005,66.53,1965.0,6924722
Tajikistan,TJK,Asia,2006,67.0,2063.0,7057566
Tajikistan,TJK,Asia,2007,67.4,2182.0,7194479
Tajikistan,TJK,Asia,2008,67.92,2308.0,7338402
Tajikistan,TJK,Asia,2009,68.25,2350.0,7490232
Tajikistan,TJK,Asia,2010,68.37,2449.0,7652144
Tajikistan,TJK,Asia,2011,68.7,2572.0,7824788
Tajikistan,TJK,Asia,2012,69.13,2700.0,8014087
Tajikistan,TJK,Asia,2013,69.58,2828.0,8216733
Tajikistan,TJK,Asia,2014,69.7,2943.0,8425559
Tajikistan,TJK,Asia,2015,69.66,3041.0,8643839
Tajikistan,TJK,Asia,2016,69.98,3170.0,8865623
Tajikistan,TJK,Asia,2017,70.52,3313.0,9085942
Tajikistan,TJK,Asia,2018,70.74,3480.0,9307345
Tajikistan,TJK,Asia,2019,70.96,3650.0,9529970
Tajikistan,TJK,Asia,2020,68.61,3725.0,9749312
Tajikistan,TJK,Asia,2021,69.59,3986.0,9966912
Tajikistan,TJK,Asia,2022,71.56,4214.0,10182228
Tanzania,TZA,Africa,2000,53.24,1840.0,34260142
Tanzania,TZA,Africa,2001,54.12,1900.0,35198303
Tanzania,TZA,Africa,2002,54.94,1983.0,36121301
Tanzania,TZA,Africa,2003,55.93,2060.0,37089555
Tanzania,TZA,Africa,2004,56.84,2155.0,38109666
Tanzania,TZA,Africa,2005,57.68,2253.0,39182083
Tanzania,TZA,Africa,2006,58.51,2334.0,40294900
Tanzania,TZA,Africa,2007,59.26,2424.0,41435508
Tanzania,TZA,Africa,2008,59.9,2493.0,42570728
Tanzania,TZA,Africa,2009,60.49,2561.0,43633975
Tanzania,TZA,Africa,2010,61.13,2655.0,44758491
Tanzania,TZA,Africa,2011,61.62,2780.0,46029371
Tanzania,TZA,Africa,2012,62.29,2822.0,47374261
Tanzania,TZA,Africa,2013,62.79,2925.0,48824134
Tanzania,TZA,Africa,2014,63.36,3028.0,50351506
Tanzania,TZA,Africa,2015,63.93,3111.0,52020958
Tanzania,TZA,Africa,2016,64.4,3214.0,53824012
Tanzania,TZA,Africa,2017,64.96,3318.0,55652888
Tanzania,TZA,Africa,2018,65.49,3393.0,57437134
Tanzania,TZA,Africa,2019,66.01,3485.0,59174889
Tanzania,TZA,Africa,2020,66.77,3450.0,60972803
Tanzania,TZA,Africa,2021,66.13,3493.0,62830410
Tanzania,TZA,Africa,2022,66.88,3547.0,64711822
Thailand,THA,Asia,2000,71.21,11624.0,63007815
Thailand,THA,Asia,2001,71.52,11903.0,63651137
Thailand,THA,Asia,2002,71.77,12514.0,64266433
Thailand,THA,Asia,2003,72.1,13289.0,64868164
Thailand,THA,Asia,2004,72.1,13999.0,65452049
Thailand,THA,Asia,2005,72.89,14460.0,66017415
Thailand,THA,Asia,2006,73.34,15053.0,66567685
Thailand,THA,Asia,2007,73.78,15744.0,67102388
Thailand,THA,Asia,2008,74.22,15894.0,67619835
Thailand,THA,Asia,2009,74.67,15668.0,68121077
Thailand,THA,Asia,2010,75.01,16732.0,68579443
Thailand,THA,Asia,2011,75.3,16768.0,69007212
Thailand,THA,Asia,2012,75.59,17872.0,69436091
Thailand,THA,Asia,2013,75.96,18244.0,69845112
Thailand,THA,Asia,2014,76.28,18327.0,70216362
Thailand,THA,Asia,2015,76.56,18814.0,70540787
Thailand,THA,Asia,2016,76.77,19373.0,70859835
Thailand,THA,Asia,2017,76.99,20097.0,71160183
Thailand,THA,Asia,2018,77.19,20882.0,71376081
Thailand,THA,Asia,2019,77.2,21280.0,71522264
Thailand,THA,Asia,2020,77.33,19950.0,71641484
Thailand,THA,Asia,2021,77.61,20237.0,71727338
Thailand,THA,Asia,2022,75.29,20768.0,71735321
Togo,TGO,Africa,2000,54.58,2322.0,4783721
Togo,TGO,Africa,2001,54.75,2284.0,4904135
Togo,TGO,Africa,2002,55.03,2313.0,5027128
Togo,TGO,Africa,2003,55.3,2408.0,5154113
Togo,TGO,Africa,2004,55.59,2327.0,5281320
Togo,TGO,Africa,2005,55.92,2164.0,5413151
Togo,TGO,Africa,2006,56.14,2159.0,5569659
Togo,TGO,Africa,2007,56.38,2067.0,5748437
Togo,TGO,Africa,2008,56.65,2083.0,5936140
Togo,TGO,Africa,2009,56.93,2126.0,6130944
Togo,TGO,Africa,2010,57.23,2182.0,6325791
Togo,TGO,Africa,2011,57.61,2247.0,6500577
Togo,TGO,Africa,2012,57.94,2333.0,6653719
Togo,TGO,Africa,2013,58.34,2416.0,6798851
Togo,TGO,Africa,2014,58.77,2501.0,6937647
Togo,TGO,Africa,2015,59.22,2588.0,7071500
Togo,TGO,Africa,2016,59.67,2649.0,7200883
Togo,TGO,Africa,2017,60.14,2709.0,7324379
Togo,TGO,Africa,2018,60.6,2788.0,7458205
Togo,TGO,Africa,2019,61.06,2863.0,7619916
Togo,TGO,Africa,2020,61.12,2861.0,7788058
Togo,TGO,Africa,2021,61.33,2952.0,7936185
Togo,TGO,Africa,2022,62.29,3086.0,8068616
Tokelau,TKL,Oceania,2000,72.2,,1866
Tokelau,TKL,Oceania,2001,72.43,,1887
Tokelau,TKL,Oceania,2002,72.65,,1864
Tokelau,TKL,Oceania,2003,72.89,,1793
Tokelau,TKL,Oceania,2004,73.12,,1726
Tokelau,TKL,Oceania,2005,73.34,,1652
Tokelau,TKL,Oceania,2006,73.56,,1593
Tokelau,TKL,Oceania,2007,73.78,,1573
Tokelau,TKL,Oceania,2008,74.02,,1585
Tokelau,TKL,Oceania,2009,74.27,,1597
Tokelau,TKL,Oceania,2010,74.51,,1610
Tokelau,TKL,Oceania,2011,74.76,,1625
Tokelau,TKL,Oceania,2012,75.01,,1681
Tokelau,TKL,Oceania,2013,75.27,,1749
Tokelau,TKL,Oceania,2014,75.47,,1748
Tokelau,TKL,Oceania,2015,75.71,,1719
Tokelau,TKL,Oceania,2016,75.93,,1703
Tokelau,TKL,Oceania,2017,76.06,,1767
Tokelau,TKL,Oceania,2018,76.24,,1902
Tokelau,TKL,Oceania,2019,76.45,,2038
Tokelau,TKL,Oceania,2020,76.62,,2152
Tokelau,TKL,Oceania,2021,76.72,,2225
Tokelau,TKL,Oceania,2022,76.89,,2312
Tonga,TON,Oceania,2000,69.63,5809.0,102695
Tonga,TON,Oceania,2001,69.8,5861.0,103305
Tonga,TON,Oceania,2002,70.03,6086.0,103888
Tonga,TON,Oceania,2003,70.23,6055.0,104481
Tonga,TON,Oceania,2004,70.43,5901.0,105088
Tonga,TON,Oceania,2005,70.56,5829.0,105684
Tonga,TON,Oceania,2006,70.71,5672.0,106266
Tonga,TON,Oceania,2007,70.89,5507.0,106744
Tonga,TON,Oceania,2008,71.04,5759.0,107036
Tonga,TON,Oceania,2009,70.95,5455.0,107219
Tonga,TON,Oceania,2010,71.32,5489.0,107415
Tonga,TON,Oceania,2011,71.44,5848.0,107584
Tonga,TON,Oceania,2012,71.55,5908.0,107476
Tonga,TON,Oceania,2013,71.65,5952.0,107093
Tonga,TON,Oceania,2014,71.72,6098.0,106627
Tonga,TON,Oceania,2015,71.85,6195.0,106110
Tonga,TON,Oceania,2016,71.95,6640.0,105536
Tonga,TON,Oceania,2017,72.07,6864.0,105373
Tonga,TON,Oceania,2018,72.17,6886.0,105590
Tonga,TON,Oceania,2019,72.29,6860.0,105688
Tonga,TON,Oceania,2020,72.38,6981.0,105721
Tonga,TON,Oceania,2021,72.13,6930.0,105504
Tonga,TON,Oceania,2022,72.64,6811.0,105053
Trinidad and Tobago,TTO,North America,2000,68.63,19638.0,1319781
Trinidad and Tobago,TTO,North America,2001,68.87,20367.0,1325573
Trinidad and Tobago,TTO,North America,2002,69.23,21877.0,1332017
Trinidad and Tobago,TTO,North America,2003,69.45,24911.0,1338718
Trinidad and Tobago,TTO,North America,2004,69.88,26758.0,1345386
Trinidad and Tobago,TTO,North America,2005,70.18,29536.0,1352040
Trinidad and Tobago,TTO,North America,2006,70.44,33349.0,1358706
Trinidad and Tobago,TTO,North America,2007,70.8,34794.0,1365381
Trinidad and Tobago,TTO,North America,2008,71.12,35825.0,1372090
Trinidad and Tobago,TTO,North America,2009,71.4,34212.0,1379056
Trinidad and Tobago,TTO,North America,2010,71.81,35145.0,1386657
Trinidad and Tobago,TTO,North America,2011,72.23,34770.0,1394990
Trinidad and Tobago,TTO,North America,2012,72.51,36904.0,1403814
Trinidad and Tobago,TTO,North America,2013,72.79,37994.0,1412658
Trinidad and Tobago,TTO,North America,2014,72.9,39249.0,1421135
Trinidad and Tobago,TTO,North America,2015,72.88,38964.0,1429190
Trinidad and Tobago,TTO,North America,2016,72.93,35915.0,1437031
Trinidad and Tobago,TTO,North America,2017,72.98,34096.0,1445265
Trinidad and Tobago,TTO,North America,2018,72.66,33710.0,1470522
Trinidad and Tobago,TTO,North America,2019,72.84,33749.0,1484898
Trinidad and Tobago,TTO,North America,2020,72.64,30721.0,1481026
Trinidad and Tobago,TTO,North America,2021,71.11,30482.0,1487715
Trinidad and Tobago,TTO,North America,2022,73.33,30784.0,1495923
Tunisia,TUN,Africa,2000,72.6,9134.0,9764940
Tunisia,TUN,Africa,2001,72.82,9381.0,9869679
Tunisia,TUN,Africa,2002,73.07,9408.0,9971521
Tunisia,TUN,Africa,2003,73.3,9752.0,10071638
Tunisia,TUN,Africa,2004,73.52,10264.0,10166170
Tunisia,TUN,Africa,2005,73.71,10529.0,10255474
Tunisia,TUN,Africa,2006,73.89,10984.0,10346408
Tunisia,TUN,Africa,2007,74.04,11614.0,10441705
Tunisia,TUN,Africa,2008,74.19,11990.0,10542637
Tunisia,TUN,Africa,2009,74.32,12230.0,10650682
Tunisia,TUN,Africa,2010,74.44,12458.0,10765984
Tunisia,TUN,Africa,2011,74.47,12069.0,10886041
Tunisia,TUN,Africa,2012,74.6,12436.0,11009649
Tunisia,TUN,Africa,2013,74.67,12588.0,11141365
Tunisia,TUN,Africa,2014,74.78,12824.0,11274295
Tunisia,TUN,Africa,2015,74.87,12803.0,11402270
Tunisia,TUN,Africa,2016,75.01,12804.0,11528676
Tunisia,TUN,Africa,2017,75.18,12955.0,11650504
Tunisia,TUN,Africa,2018,75.37,13163.0,11765515
Tunisia,TUN,Africa,2019,75.6,13244.0,11875084
Tunisia,TUN,Africa,2020,75.0,11956.0,11974058
Tunisia,TUN,Africa,2021,72.89,12444.0,12048625
Tunisia,TUN,Africa,2022,76.05,12712.0,12119338
Turkey,TUR,Asia,2000,71.93,14857.0,65425957
Turkey,TUR,Asia,2001,72.27,13872.0,66245125
Turkey,TUR,Asia,2002,72.6,14588.0,67048792
Turkey,TUR,Asia,2003,72.91,15256.0,67831735
Turkey,TUR,Asia,2004,73.22,16584.0,68592621
Turkey,TUR,Asia,2005,73.51,17903.0,69329557
Turkey,TUR,Asia,2006,73.8,18972.0,70045351
Turkey,TUR,Asia,2007,74.13,19909.0,70750593
Turkey,TUR,Asia,2008,74.38,19840.0,71562343
Turkey,TUR,Asia,2009,74.68,18612.0,72464846
Turkey,TUR,Asia,2010,74.96,19897.0,73346766
Turkey,TUR,Asia,2011,74.82,21760.0,74215203
Turkey,TUR,Asia,2012,75.55,22518.0,75197196
Turkey,TUR,Asia,2013,76.17,24117.0,76403032
Turkey,TUR,Asia,2014,76.45,24889.0,78036154
Turkey,TUR,Asia,2015,76.54,25985.0,80014222
Turkey,TUR,Asia,2016,76.59,26490.0,81652087
Turkey,TUR,Asia,2017,77.04,28195.0,83083667
Turkey,TUR,Asia,2018,77.45,28780.0,84415966
Turkey,TUR,Asia,2019,77.74,28741.0,85357670
Turkey,TUR,Asia,2020,76.53,28977.0,86091691
Turkey,TUR,Asia,2021,75.72,32106.0,86686254
Turkey,TUR,Asia,2022,77.59,33521.0,87058469
Turkmenistan,TKM,Asia,2000,64.93,5064.0,4582675
Turkmenistan,TKM,Asia,2001,65.32,5179.0,4675416
Turkmenistan,TKM,Asia,2002,65.59,5090.0,4769473
Turkmenistan,TKM,Asia,2003,65.85,5155.0,4863871
Turkmenistan,TKM,Asia,2004,66.05,5310.0,4958091
Turkmenistan,TKM,Asia,2005,66.27,5890.0,5052260
Turkmenistan,TKM,Asia,2006,66.57,6416.0,5147103
Turkmenistan,TKM,Asia,2007,67.02,6994.0,5244047
Turkmenistan,TKM,Asia,2008,67.58,7870.0,5345033
Turkmenistan,TKM,Asia,2009,68.16,8187.0,5451597
Turkmenistan,TKM,Asia,2010,68.61,8759.0,5564356
Turkmenistan,TKM,Asia,2011,68.87,9838.0,5683413
Turkmenistan,TKM,Asia,2012,68.96,10689.0,5808548
Turkmenistan,TKM,Asia,2013,68.97,11516.0,5939348
Turkmenistan,TKM,Asia,2014,69.0,12424.0,6075286
Turkmenistan,TKM,Asia,2015,69.06,12927.0,6215773
Turkmenistan,TKM,Asia,2016,69.14,13420.0,6360041
Turkmenistan,TKM,Asia,2017,69.19,13963.0,6507065
Turkmenistan,TKM,Asia,2018,69.27,14499.0,6655523
Turkmenistan,TKM,Asia,2019,69.4,15081.0,6803943
Turkmenistan,TKM,Asia,2020,68.85,15631.0,6949915
Turkmenistan,TKM,Asia,2021,69.35,16260.0,7092042
Turkmenistan,TKM,Asia,2022,69.91,16944.0,7230197
Turks and Caicos Islands,TCA,North America,2000,73.97,,18754
Turks and Caicos Islands,TCA,North America,2001,74.41,,19603
Turks and Caicos Islands,TCA,North America,2002,74.84,,20619
Turks and Caicos Islands,TCA,North America,2003,75.26,,21749
Turks and Caicos Islands,TCA,North America,2004,75.63,,22881
Turks and Caicos Islands,TCA,North America,2005,75.95,,24011
Turks and Caicos Islands,TCA,North America,2006,76.2,,25146
Turks and Caicos Islands,TCA,North America,2007,76.43,21879.0,26290
Turks and Caicos Islands,TCA,North America,2008,76.08,22689.0,27452
Turks and Caicos Islands,TCA,North America,2009,76.67,17512.0,28610
Turks and Caicos Islands,TCA,North America,2010,76.78,17000.0,29763
Turks and Caicos Islands,TCA,North America,2011,76.87,17147.0,30870
Turks and Caicos Islands,TCA,North America,2012,76.97,16025.0,32152
Turks and Caicos Islands,TCA,North America,2013,77.1,15462.0,33675
Turks and Caicos Islands,TCA,North America,2014,77.21,16139.0,35077
Turks and Caicos Islands,TCA,North America,2015,77.32,17202.0,36632
Turks and Caicos Islands,TCA,North America,2016,77.44,17626.0,38342
Turks and Caicos Islands,TCA,North America,2017,77.51,29540.0,39931
Turks and Caicos Islands,TCA,North America,2018,77.6,30286.0,41580
Turks and Caicos Islands,TCA,North America,2019,77.69,30611.0,43191
Turks and Caicos Islands,TCA,North America,2020,77.5,19703.0,44405
Turks and Caicos Islands,TCA,North America,2021,77.23,25056.0,45262
Turks and Caicos Islands,TCA,North America,2022,77.92,28210.0,45869
Tuvalu,TUV,Oceania,2000,63.54,3893.0,9566
Tuvalu,TUV,Oceania,2001,63.71,3903.0,9608
Tuvalu,TUV,Oceania,2002,63.82,4212.0,9645
Tuvalu,TUV,Oceania,2003,63.9,3998.0,9715
Tuvalu,TUV,Oceania,2004,63.99,3875.0,9839
Tuvalu,TUV,Oceania,2005,64.1,3683.0,9964
Tuvalu,TUV,Oceania,2006,64.25,3688.0,10078
Tuvalu,TUV,Oceania,2007,64.4,3894.0,10204
Tuvalu,TUV,Oceania,2008,64.52,4094.0,10344
Tuvalu,TUV,Oceania,2009,64.69,3812.0,10479
Tuvalu,TUV,Oceania,2010,64.83,3664.0,10635
Tuvalu,TUV,Oceania,2011,64.96,3879.0,10804
Tuvalu,TUV,Oceania,2012,65.08,3716.0,10960
Tuvalu,TUV,Oceania,2013,65.17,3833.0,11028
Tuvalu,TUV,Oceania,2014,65.28,3903.0,11007
Tuvalu,TUV,Oceania,2015,65.37,4278.0,10985
Tuvalu,TUV,Oceania,2016,65.51,4496.0,10951
Tuvalu,TUV,Oceania,2017,65.68,4669.0,10892
Tuvalu,TUV,Oceania,2018,65.87,4785.0,10775
Tuvalu,TUV,Oceania,2019,66.11,5516.0,10603
Tuvalu,TUV,Oceania,2020,66.36,5442.0,10423
Tuvalu,TUV,Oceania,2021,65.82,5552.0,10214
Tuvalu,TUV,Oceania,2022,66.85,5045.0,10012
Uganda,UGA,Africa,2000,49.64,1487.0,24000158
Uganda,UGA,Africa,2001,50.58,1517.0,24745678
Uganda,UGA,Africa,2002,51.44,1599.0,25532872
Uganda,UGA,Africa,2003,52.41,1649.0,26352124
Uganda,UGA,Africa,2004,53.7,1709.0,27154513
Uganda,UGA,Africa,2005,54.93,1765.0,27963287
Uganda,UGA,Africa,2006,56.12,1899.0,28794005
Uganda,UGA,Africa,2007,57.25,1999.0,29653437
Uganda,UGA,Africa,2008,58.25,2110.0,30539547
Uganda,UGA,Africa,2009,59.16,2188.0,31451147
Uganda,UGA,Africa,2010,59.96,2245.0,32390801
Uganda,UGA,Africa,2011,60.79,2384.0,33354541
Uganda,UGA,Africa,2012,61.58,2405.0,34337436
Uganda,UGA,Africa,2013,62.35,2421.0,35337050
Uganda,UGA,Africa,2014,63.06,2471.0,36395542
Uganda,UGA,Africa,2015,63.83,2520.0,37531444
Uganda,UGA,Africa,2016,64.49,2554.0,38799153
Uganda,UGA,Africa,2017,65.17,2544.0,40177384
Uganda,UGA,Africa,2018,65.78,2614.0,41565839
Uganda,UGA,Africa,2019,66.35,2689.0,42999636
Uganda,UGA,Africa,2020,66.41,2678.0,44457148
Uganda,UGA,Africa,2021,66.45,2685.0,45910931
Uganda,UGA,Africa,2022,67.67,2725.0,47312718
Ukraine,UKR,Europe,2000,67.79,10364.0,49556654
Ukraine,UKR,Europe,2001,67.68,11379.0,49106854
Ukraine,UKR,Europe,2002,67.7,12093.0,48677280
Ukraine,UKR,Europe,2003,67.64,13343.0,48315133
Ukraine,UKR,Europe,2004,67.47,15021.0,47979502
Ukraine,UKR,Europe,2005,67.52,15611.0,47585558
Ukraine,UKR,Europe,2006,67.49,16902.0,47278691
Ukraine,UKR,Europe,2007,67.71,18374.0,47062802
Ukraine,UKR,Europe,2008,68.26,18884.0,46819168
Ukraine,UKR,Europe,2009,69.16,16093.0,46623731
Ukraine,UKR,Europe,2010,70.19,16812.0,46455997
Ukraine,UKR,Europe,2011,70.71,17784.0,46307854
Ukraine,UKR,Europe,2012,71.09,17849.0,46210051
Ukraine,UKR,Europe,2013,71.47,17889.0,46126760
Ukraine,UKR,Europe,2014,71.8,16979.0,45972379
Ukraine,UKR,Europe,2015,72.69,15404.0,45784904
Ukraine,UKR,Europe,2016,73.39,15857.0,45616831
Ukraine,UKR,Europe,2017,73.99,16310.0,45436037
Ukraine,UKR,Europe,2018,73.57,16979.0,45208903
Ukraine,UKR,Europe,2019,73.92,17637.0,44957451
Ukraine,UKR,Europe,2020,73.28,17093.0,44680008
Ukraine,UKR,Europe,2021,71.63,17846.0,44298642
Ukraine,UKR,Europe,2022,72.66,13787.0,41048768
United Arab Emirates,ARE,Asia,2000,76.35,95391.0,3493583
United Arab Emirates,ARE,Asia,2001,77.62,90750.0,3723596
United Arab Emirates,ARE,Asia,2002,78.72,87479.0,3956829
United Arab Emirates,ARE,Asia,2003,79.6,89828.0,4192465
United Arab Emirates,ARE,Asia,2004,80.27,93166.0,4428964
United Arab Emirates,ARE,Asia,2005,80.78,92751.0,4664797
United Arab Emirates,ARE,Asia,2006,81.16,94873.0,5009106
United Arab Emirates,ARE,Asia,2007,81.44,87181.0,5624640
United Arab Emirates,ARE,Asia,2008,81.59,80285.0,6302669
United Arab Emirates,ARE,Asia,2009,81.68,71489.0,6707063
United Arab Emirates,ARE,Asia,2010,81.89,70914.0,6938372
United Arab Emirates,ARE,Asia,2011,81.9,73190.0,7199436
United Arab Emirates,ARE,Asia,2012,81.91,73644.0,7497122
United Arab Emirates,ARE,Asia,2013,81.95,74237.0,7831851
United Arab Emirates,ARE,Asia,2014,81.99,74145.0,8236880
United Arab Emirates,ARE,Asia,2015,82.08,75239.0,8674633
United Arab Emirates,ARE,Asia,2016,82.19,75671.0,9030873
United Arab Emirates,ARE,Asia,2017,82.39,72529.0,9234330
United Arab Emirates,ARE,Asia,2018,82.45,72671.0,9346870
United Arab Emirates,ARE,Asia,2019,82.6,72823.0,9377855
United Arab Emirates,ARE,Asia,2020,81.94,66809.0,9448529
United Arab Emirates,ARE,Asia,2021,79.08,68580.0,9789055
United Arab Emirates,ARE,Asia,2022,80.49,70076.0,10242085
United Kingdom,GBR,Europe,2000,77.85,43818.0,59057333
United Kingdom,GBR,Europe,2001,78.12,44694.0,59288095
United Kingdom,GBR,Europe,2002,78.24,45265.0,59540764
United Kingdom,GBR,Europe,2003,78.33,46505.0,59820385
United Kingdom,GBR,Europe,2004,78.9,47317.0,60169964
United Kingdom,GBR,Europe,2005,79.11,48305.0,60596107
United Kingdom,GBR,Europe,2006,79.35,49001.0,61051093
United Kingdom,GBR,Europe,2007,79.53,50046.0,61535859
United Kingdom,GBR,Europe,2008,79.66,49629.0,62027303
United Kingdom,GBR,Europe,2009,80.16,46996.0,62506222
United Kingdom,GBR,Europe,2010,80.39,47683.0,63006482
United Kingdom,GBR,Europe,2011,80.8,47714.0,63509285
United Kingdom,GBR,Europe,2012,80.86,48100.0,63960488
United Kingdom,GBR,Europe,2013,80.92,48601.0,64389386
United Kingdom,GBR,Europe,2014,81.15,49763.0,64865914
United Kingdom,GBR,Europe,2015,80.92,50463.0,65382107
United Kingdom,GBR,Europe,2016,81.07,51168.0,65893359
United Kingdom,GBR,Europe,2017,81.16,52429.0,66354473
United Kingdom,GBR,Europe,2018,81.12,52983.0,66752473
United Kingdom,GBR,Europe,2019,81.44,53374.0,67110958
United Kingdom,GBR,Europe,2020,80.39,47931.0,67351860
United Kingdom,GBR,Europe,2021,80.71,51840.0,67668788
United Kingdom,GBR,Europe,2022,81.07,53980.0,68179315
United States,USA,North America,2000,76.81,55046.0,281484126
United States,USA,North America,2001,76.92,55024.0,284279634
United States,USA,North America,2002,76.99,55443.0,287084335
United States,USA,North America,2003,77.14,56505.0,289908091
United States,USA,North America,2004,77.54,58139.0,292786248
United States,USA,North America,2005,77.53,59612.0,295716666
United States,USA,North America,2006,77.8,60684.0,298730208
United States,USA,North America,2007,78.05,61314.0,301844223
United States,USA,North America,2008,78.13,60806.0,304970325
United States,USA,North America,2009,78.48,58722.0,308023452
United States,USA,North America,2010,78.67,59797.0,311062785
United States,USA,North America,2011,78.7,60253.0,314105075
United States,USA,North America,2012,78.82,61142.0,317115349
United States,USA,North America,2013,78.82,61967.0,320110752
United States,USA,North America,2014,78.88,63027.0,323115377
United States,USA,North America,2015,78.72,64368.0,326126496
United States,USA,North America,2016,78.69,65026.0,329179423
United States,USA,North America,2017,78.65,66164.0,332204657
United States,USA,North America,2018,78.8,67728.0,335056492
United States,USA,North America,2019,78.92,69121.0,337790069
United States,USA,North America,2020,77.01,67407.0,339436156
United States,USA,North America,2021,76.38,71441.0,340161438
United States,USA,North America,2022,77.98,72829.0,341534041
United States Virgin Islands,VIR,North America,2000,71.8,,108591
United States Virgin Islands,VIR,North America,2001,72.22,,108535
United States Virgin Islands,VIR,North America,2002,72.05,54299.0,108433
United States Virgin Islands,VIR,North America,2003,72.01,54086.0,108186
United States Virgin Islands,VIR,North America,2004,71.83,55883.0,107851
United States Virgin Islands,VIR,North America,2005,72.23,57838.0,107622
United States Virgin Islands,VIR,North America,2006,72.48,59912.0,107463
United States Virgin Islands,VIR,North America,2007,72.59,62333.0,107238
United States Virgin Islands,VIR,North America,2008,72.66,63058.0,106971
United States Virgin Islands,VIR,North America,2009,72.92,58895.0,106767
United States Virgin Islands,VIR,North America,2010,73.24,59272.0,106325
United States Virgin Islands,VIR,North America,2011,73.4,54443.0,105398
United States Virgin Islands,VIR,North America,2012,73.7,46422.0,104307
United States Virgin Islands,VIR,North America,2013,73.95,43564.0,103168
United States Virgin Islands,VIR,North America,2014,74.2,42854.0,102012
United States Virgin Islands,VIR,North America,2015,74.31,42739.0,100251
United States Virgin Islands,VIR,North America,2016,74.42,43502.0,97795
United States Virgin Islands,VIR,North America,2017,74.37,43277.0,95124
United States Virgin Islands,VIR,North America,2018,74.68,44205.0,92317
United States Virgin Islands,VIR,North America,2019,74.88,45633.0,89390
United States Virgin Islands,VIR,North America,2020,74.71,45056.0,87724
United States Virgin Islands,VIR,North America,2021,74.61,46894.0,87238
United States Virgin Islands,VIR,North America,2022,75.04,46479.0,86521
Uruguay,URY,South America,2000,74.69,18752.0,3266212
Uruguay,URY,South America,2001,74.99,17987.0,3274257
Uruguay,URY,South America,2002,74.98,16573.0,3278868
Uruguay,URY,South America,2003,75.09,16694.0,3281188
Uruguay,URY,South America,2004,75.32,17519.0,3283157
Uruguay,URY,South America,2005,75.83,18811.0,3285776
Uruguay,URY,South America,2006,75.89,19560.0,3289508
Uruguay,URY,South America,2007,76.15,20804.0,3295155
Uruguay,URY,South America,2008,76.27,22249.0,3302184
Uruguay,URY,South America,2009,76.67,23138.0,3310093
Uruguay,URY,South America,2010,76.69,24880.0,3318581
Uruguay,URY,South America,2011,76.61,26099.0,3326829
Uruguay,URY,South America,2012,76.69,26953.0,3335406
Uruguay,URY,South America,2013,76.95,28119.0,3345335
Uruguay,URY,South America,2014,77.19,28935.0,3356343
Uruguay,URY,South America,2015,77.28,28942.0,3368022
Uruguay,URY,South America,2016,77.35,29333.0,3379279
Uruguay,URY,South America,2017,77.62,29762.0,3388444
Uruguay,URY,South America,2018,77.53,29758.0,3394538
Uruguay,URY,South America,2019,77.5,30011.0,3397206
Uruguay,URY,South America,2020,78.38,27788.0,3398966
Uruguay,URY,South America,2021,75.43,29432.0,3396693
Uruguay,URY,South America,2022,76.47,30840.0,3390913
Uzbekistan,UZB,Asia,2000,65.46,3431.0,24787052
Uzbekistan,UZB,Asia,2001,65.85,3531.0,25090289
Uzbekistan,UZB,Asia,2002,66.38,3626.0,25399987
Uzbekistan,UZB,Asia,2003,66.85,3734.0,25711261
Uzbekistan,UZB,Asia,2004,67.2,3963.0,26029350
Uzbekistan,UZB,Asia,2005,67.48,4186.0,26356977
Uzbekistan,UZB,Asia,2006,67.91,4440.0,26699046
Uzbekistan,UZB,Asia,2007,68.48,4793.0,27076013
Uzbekistan,UZB,Asia,2008,69.03,5146.0,27494780
Uzbekistan,UZB,Asia,2009,69.52,5472.0,27939333
Uzbekistan,UZB,Asia,2010,69.84,5795.0,28385509
Uzbekistan,UZB,Asia,2011,70.14,6171.0,28823194
Uzbekistan,UZB,Asia,2012,70.41,6525.0,29261908
Uzbekistan,UZB,Asia,2013,70.69,6933.0,29724065
Uzbekistan,UZB,Asia,2014,70.97,7344.0,30222994
Uzbekistan,UZB,Asia,2015,71.33,7792.0,30749349
Uzbekistan,UZB,Asia,2016,71.58,8173.0,31284565
Uzbekistan,UZB,Asia,2017,71.74,8413.0,31819172
Uzbekistan,UZB,Asia,2018,72.0,8743.0,32373489
Uzbekistan,UZB,Asia,2019,72.09,9169.0,32964700
Uzbekistan,UZB,Asia,2020,71.46,9145.0,33586373
Uzbekistan,UZB,Asia,2021,71.68,9706.0,34243696
Uzbekistan,UZB,Asia,2022,72.15,10091.0,34938953
Vanuatu,VUT,Oceania,2000,68.59,3806.0,186290
Vanuatu,VUT,Oceania,2001,68.72,3585.0,191047
Vanuatu,VUT,Oceania,2002,68.84,3315.0,195871
Vanuatu,VUT,Oceania,2003,68.93,3373.0,200760
Vanuatu,VUT,Oceania,2004,68.98,3423.0,205720
Vanuatu,VUT,Oceania,2005,69.17,3518.0,210772
Vanuatu,VUT,Oceania,2006,69.13,3724.0,215939
Vanuatu,VUT,Oceania,2007,69.14,3739.0,221291
Vanuatu,VUT,Oceania,2008,69.3,3850.0,226908
Vanuatu,VUT,Oceania,2009,69.42,3868.0,232740
Vanuatu,VUT,Oceania,2010,69.57,3826.0,238256
Vanuatu,VUT,Oceania,2011,69.73,3861.0,243483
Vanuatu,VUT,Oceania,2012,69.9,3815.0,248894
Vanuatu,VUT,Oceania,2013,69.99,3749.0,254495
Vanuatu,VUT,Oceania,2014,70.04,3780.0,260247
Vanuatu,VUT,Oceania,2015,70.16,3826.0,266115
Vanuatu,VUT,Oceania,2016,70.4,3877.0,272097
Vanuatu,VUT,Oceania,2017,70.5,3948.0,278518
Vanuatu,VUT,Oceania,2018,70.63,3951.0,285273
Vanuatu,VUT,Oceania,2019,70.78,3987.0,291995
Vanuatu,VUT,Oceania,2020,70.38,3672.0,298867
Vanuatu,VUT,Oceania,2021,69.95,3546.0,305882
Vanuatu,VUT,Oceania,2022,71.3,3659.0,313061
Vatican,VAT,Europe,2000,79.34,,701
Vatican,VAT,Europe,2001,79.85,,691
Vatican,VAT,Europe,2002,79.95,,684
Vatican,VAT,Europe,2003,79.85,,674
Vatican,VAT,Europe,2004,80.19,,667
Vatican,VAT,Europe,2005,80.65,,667
Vatican,VAT,Europe,2006,81.22,,664
Vatican,VAT,Europe,2007,81.3,,657
Vatican,VAT,Europe,2008,81.37,,648
Vatican,VAT,Europe,2009,81.3,,637
Vatican,VAT,Europe,2010,81.54,,629
Vatican,VAT,Europe,2011,81.71,,624
Vatican,VAT,Europe,2012,81.98,,612
Vatican,VAT,Europe,2013,82.47,,598
Vatican,VAT,Europe,2014,82.63,,587
Vatican,VAT,Europe,2015,82.46,,579
Vatican,VAT,Europe,2016,82.88,,571
Vatican,VAT,Europe,2017,82.72,,563
Vatican,VAT,Europe,2018,83.31,,552
Vatican,VAT,Europe,2019,83.62,,543
Vatican,VAT,Europe,2020,82.99,,536
Vatican,VAT,Europe,2021,82.95,,527
Vatican,VAT,Europe,2022,83.34,,513
Venezuela,VEN,South America,2000,72.39,,24526707
Venezuela,VEN,South America,2001,71.02,,24979934
Venezuela,VEN,South America,2002,72.82,,25435674
Venezuela,VEN,South America,2003,72.06,,25892710
Venezuela,VEN,South America,2004,72.75,,26340843
Venezuela,VEN,South America,2005,73.08,,26785797
Venezuela,VEN,South America,2006,72.97,,27224691
Venezuela,VEN,South America,2007,73.35,,27649369
Venezuela,VEN,South America,2008,72.58,,28053694
Venezuela,VEN,South America,2009,72.79,,28438296
Venezuela,VEN,South America,2010,73.09,,28813101
Venezuela,VEN,South America,2011,73.09,,29185220
Venezuela,VEN,South America,2012,73.09,,29553829
Venezuela,VEN,South America,2013,73.08,,29912195
Venezuela,VEN,South America,2014,72.84,,30254080
Venezuela,VEN,South America,2015,73.0,,30573968
Venezuela,VEN,South America,2016,72.0,,30765719
Venezuela,VEN,South America,2017,71.9,,30565331
Venezuela,VEN,South America,2018,72.64,,29807591
Venezuela,VEN,South America,2019,72.77,,28938096
Venezuela,VEN,South America,2020,72.37,,28444080
Venezuela,VEN,South America,2021,71.54,,28237830
Venezuela,VEN,South America,2022,72.57,,28213015
Vietnam,VNM,Asia,2000,72.75,4349.0,77154016
Vietnam,VNM,Asia,2001,72.98,4570.0,77969357
Vietnam,VNM,Asia,2002,73.14,4810.0,78772227
Vietnam,VNM,Asia,2003,73.24,5090.0,79563778
Vietnam,VNM,Asia,2004,73.06,5421.0,80338977
Vietnam,VNM,Asia,2005,73.2,5776.0,81088309
Vietnam,VNM,Asia,2006,73.29,6098.0,82167901
Vietnam,VNM,Asia,2007,73.39,6419.0,83633374
Vietnam,VNM,Asia,2008,73.46,6659.0,85175789
Vietnam,VNM,Asia,2009,73.53,6914.0,86460023
Vietnam,VNM,Asia,2010,73.61,7275.0,87455148
Vietnam,VNM,Asia,2011,73.71,7653.0,88468315
Vietnam,VNM,Asia,2012,73.76,7980.0,89510355
Vietnam,VNM,Asia,2013,73.82,8324.0,90573103
Vietnam,VNM,Asia,2014,73.89,8752.0,91679582
Vietnam,VNM,Asia,2015,73.96,9248.0,92823254
Vietnam,VNM,Asia,2016,73.98,9743.0,94000115
Vietnam,VNM,Asia,2017,74.03,10291.0,95176978
Vietnam,VNM,Asia,2018,74.1,10937.0,96237319
Vietnam,VNM,Asia,2019,74.21,11629.0,97173778
Vietnam,VNM,Asia,2020,75.38,11851.0,98079196
Vietnam,VNM,Asia,2021,74.14,12049.0,98935101
Vietnam,VNM,Asia,2022,74.5,12980.0,99680656
Wallis and Futuna,WLF,Oceania,2000,75.39,,14804
Wallis and Futuna,WLF,Oceania,2001,75.64,,14931
Wallis and Futuna,WLF,Oceania,2002,75.72,,15048
Wallis and Futuna,WLF,Oceania,2003,75.76,,15071
Wallis and Futuna,WLF,Oceania,2004,75.93,,14916
Wallis and Futuna,WLF,Oceania,2005,76.14,,14635
Wallis and Futuna,WLF,Oceania,2006,76.32,,14333
Wallis and Futuna,WLF,Oceania,2007,76.54,,14020
Wallis and Futuna,WLF,Oceania,2008,76.72,,13706
Wallis and Futuna,WLF,Oceania,2009,76.79,,13436
Wallis and Futuna,WLF,Oceania,2010,76.81,,13189
Wallis and Futuna,WLF,Oceania,2011,76.93,,12942
Wallis and Futuna,WLF,Oceania,2012,77.05,,12709
Wallis and Futuna,WLF,Oceania,2013,77.16,,12500
Wallis and Futuna,WLF,Oceania,2014,77.29,,12328
Wallis and Futuna,WLF,Oceania,2015,77.45,,12185
Wallis and Futuna,WLF,Oceania,2016,77.54,,12057
Wallis and Futuna,WLF,Oceania,2017,77.63,,11945
Wallis and Futuna,WLF,Oceania,2018,77.76,,11827
Wallis and Futuna,WLF,Oceania,2019,77.99,,11711
Wallis and Futuna,WLF,Oceania,2020,78.16,,11640
Wallis and Futuna,WLF,Oceania,2021,77.46,,11590
Wallis and Futuna,WLF,Oceania,2022,78.5,,11501
Western Sahara,ESH,Africa,2000,62.73,,271946
Western Sahara,ESH,Africa,2001,63.22,,285197
Western Sahara,ESH,Africa,2002,63.74,,298468
Western Sahara,ESH,Africa,2003,64.23,,311791
Western Sahara,ESH,Africa,2004,64.74,,325197
Western Sahara,ESH,Africa,2005,65.22,,338704
Western Sahara,ESH,Africa,2006,65.67,,352658
Western Sahara,ESH,Africa,2007,66.14,,366874
Western Sahara,ESH,Africa,2008,66.58,,380834
Western Sahara,ESH,Africa,2009,67.06,,394959
Western Sahara,ESH,Africa,2010,67.49,,409722
Western Sahara,ESH,Africa,2011,67.88,,425093
Western Sahara,ESH,Africa,2012,68.24,,441033
Western Sahara,ESH,Africa,2013,68.62,,457436
Western Sahara,ESH,Africa,2014,68.95,,472591
Western Sahara,ESH,Africa,2015,69.28,,486232
Western Sahara,ESH,Africa,2016,69.6,,499658
Western Sahara,ESH,Africa,2017,69.88,,512851
Western Sahara,ESH,Africa,2018,70.14,,525790
Western Sahara,ESH,Africa,2019,70.38,,538450
Western Sahara,ESH,Africa,2020,70.61,,549374
Western Sahara,ESH,Africa,2021,70.89,,558625
Western Sahara,ESH,Africa,2022,71.14,,568746
Yemen,YEM,Asia,2000,62.76,,19624139
Yemen,YEM,Asia,2001,63.29,,20226146
Yemen,YEM,Asia,2002,63.81,,20835092
Yemen,YEM,Asia,2003,64.41,,21456379
Yemen,YEM,Asia,2004,64.88,,22095161
Yemen,YEM,Asia,2005,65.36,,22790082
Yemen,YEM,Asia,2006,65.8,,23543090
Yemen,YEM,Asia,2007,66.23,,24318090
Yemen,YEM,Asia,2008,66.61,,25111941
Yemen,YEM,Asia,2009,66.91,,25927723
Yemen,YEM,Asia,2010,67.22,,26754383
Yemen,YEM,Asia,2011,67.41,,27582902
Yemen,YEM,Asia,2012,67.57,,28433655
Yemen,YEM,Asia,2013,67.96,,29312955
Yemen,YEM,Asia,2014,68.0,,30226311
Yemen,YEM,Asia,2015,66.76,,31159378
Yemen,YEM,Asia,2016,67.11,,32109023
Yemen,YEM,Asia,2017,67.12,,33090923
Yemen,YEM,Asia,2018,65.92,,34085181
Yemen,YEM,Asia,2019,66.57,,35111416
Yemen,YEM,Asia,2020,66.44,,36134867
Yemen,YEM,Asia,2021,66.02,,37140234
Yemen,YEM,Asia,2022,67.95,,38222878
Zambia,ZMB,Africa,2000,46.58,2221.0,10017633
Zambia,ZMB,Africa,2001,47.41,2269.0,10325186
Zambia,ZMB,Africa,2002,48.46,2299.0,10647955
Zambia,ZMB,Africa,2003,49.62,2384.0,10983604
Zambia,ZMB,Africa,2004,50.54,2472.0,11338201
Zambia,ZMB,Africa,2005,51.61,2564.0,11718819
Zambia,ZMB,Africa,2006,52.69,2673.0,12129560
Zambia,ZMB,Africa,2007,53.73,2796.0,12565093
Zambia,ZMB,Africa,2008,54.84,2908.0,13021327
Zambia,ZMB,Africa,2009,55.89,3066.0,13490395
Zambia,ZMB,Africa,2010,56.9,3267.0,13965592
Zambia,ZMB,Africa,2011,57.84,3336.0,14437796
Zambia,ZMB,Africa,2012,58.7,3475.0,14913631
Zambia,ZMB,Africa,2013,59.45,3535.0,15399000
Zambia,ZMB,Africa,2014,60.11,3586.0,15895320
Zambia,ZMB,Africa,2015,60.73,3577.0,16399092
Zambia,ZMB,Africa,2016,61.13,3598.0,16914428
Zambia,ZMB,Africa,2017,61.56,3613.0,17441328
Zambia,ZMB,Africa,2018,62.14,3647.0,17973574
Zambia,ZMB,Africa,2019,62.91,3592.0,18513839
Zambia,ZMB,Africa,2020,63.36,3392.0,19059394
Zambia,ZMB,Africa,2021,62.36,3503.0,19603610
Zambia,ZMB,Africa,2022,65.28,3585.0,20152935
Zimbabwe,ZWE,Africa,2000,46.03,6170.0,11892055
Zimbabwe,ZWE,Africa,2001,44.52,6217.0,11971904
Zimbabwe,ZWE,Africa,2002,45.94,5610.0,12087661
Zimbabwe,ZWE,Africa,2003,45.37,4602.0,12232324
Zimbabwe,ZWE,Africa,2004,46.04,4288.0,12365901
Zimbabwe,ZWE,Africa,2005,46.57,4005.0,12483433
Zimbabwe,ZWE,Africa,2006,47.06,3819.0,12636442
Zimbabwe,ZWE,Africa,2007,47.58,3632.0,12804062
Zimbabwe,ZWE,Africa,2008,48.46,2954.0,12959154
Zimbabwe,ZWE,Africa,2009,49.75,3299.0,13142791
Zimbabwe,ZWE,Africa,2010,51.93,3885.0,13356551
Zimbabwe,ZWE,Africa,2011,53.91,4359.0,13595421
Zimbabwe,ZWE,Africa,2012,55.39,5004.0,13817887
Zimbabwe,ZWE,Africa,2013,56.84,5032.0,14013811
Zimbabwe,ZWE,Africa,2014,58.11,5081.0,14207367
Zimbabwe,ZWE,Africa,2015,58.99,5103.0,14399008
Zimbabwe,ZWE,Africa,2016,59.76,5070.0,14600297
Zimbabwe,ZWE,Africa,2017,60.26,5234.0,14812484
Zimbabwe,ZWE,Africa,2018,60.91,5415.0,15034457
Zimbabwe,ZWE,Africa,2019,61.06,4994.0,15271377
Zimbabwe,ZWE,Africa,2020,61.53,4528.0,15526887
Zimbabwe,ZWE,Africa,2021,60.13,4827.0,15797220
Zimbabwe,ZWE,Africa,2022,62.36,5037.0,16069061
