country,code,year,gdp_per_capita
Afghanistan,AFG,2000,1618.0
Afghanistan,AFG,2001,1454.0
Afghanistan,AFG,2002,1774.0
Afghanistan,AFG,2003,1816.0
Afghanistan,AFG,2004,1777.0
Afghanistan,AFG,2005,1908.0
Afghanistan,AFG,2006,1930.0
Afghanistan,AFG,2007,2155.0
Afghanistan,AFG,2008,2192.0
Afghanistan,AFG,2009,2565.0
Afghanistan,AFG,2010,2849.0
Afghanistan,AFG,2011,2757.0
Afghanistan,AFG,2012,2985.0
Afghanistan,AFG,2013,3047.0
Afghanistan,AFG,2014,3018.0
Afghanistan,AFG,2015,2968.0
Afghanistan,AFG,2016,2959.0
Afghanistan,AFG,2017,2953.0
Afghanistan,AFG,2018,2902.0
Afghanistan,AFG,2019,2927.0
Afghanistan,AFG,2020,2770.0
Afghanistan,AFG,2021,2144.0
Afghanistan,AFG,2022,1982.0
Albania,ALB,2000,6582.0
Albania,ALB,2001,7233.0
Albania,ALB,2002,7590.0
Albania,ALB,2003,8025.0
Albania,ALB,2004,8483.0
Albania,ALB,2005,8964.0
Albania,ALB,2006,9564.0
Albania,ALB,2007,10263.0
Albania,ALB,2008,11056.0
Albania,ALB,2009,11431.0
Albania,ALB,2010,11829.0
Albania,ALB,2011,12153.0
Albania,ALB,2012,12464.0
Albania,ALB,2013,12873.0
Albania,ALB,2014,13367.0
Albania,ALB,2015,13877.0
Albania,ALB,2016,14643.0
Albania,ALB,2017,15359.0
Albania,ALB,2018,16171.0
Albania,ALB,2019,16761.0
Albania,ALB,2020,16458.0
Albania,ALB,2021,18213.0
Albania,ALB,2022,19389.0
Algeria,DZA,2000,11558.0
Algeria,DZA,2001,11743.0
Algeria,DZA,2002,12213.0
Algeria,DZA,2003,12835.0
Algeria,DZA,2004,13227.0
Algeria,DZA,2005,13738.0
Algeria,DZA,2006,13921.0
Algeria,DZA,2007,14115.0
Algeria,DZA,2008,14207.0
Algeria,DZA,2009,14104.0
Algeria,DZA,2010,14496.0
Algeria,DZA,2011,14642.0
Algeria,DZA,2012,14698.0
Algeria,DZA,2013,14778.0
Algeria,DZA,2014,15074.0
Algeria,DZA,2015,15240.0
Algeria,DZA,2016,15512.0
Algeria,DZA,2017,15428.0
Algeria,DZA,2018,15343.0
Algeria,DZA,2019,15199.0
Algeria,DZA,2020,14194.0
Algeria,DZA,2021,14497.0
Algeria,DZA,2022,14782.0
Andorra,AND,2000,54809.0
Andorra,AND,2001,59109.0
Andorra,AND,2002,61189.0
Andorra,AND,2003,63656.0
Andorra,AND,2004,64353.0
Andorra,AND,2005,65115.0
Andorra,AND,2006,66390.0
Andorra,AND,2007,65534.0
Andorra,AND,2008,60692.0
Andorra,AND,2009,57204.0
Andorra,AND,2010,58285.0
Andorra,AND,2011,60470.0
Andorra,AND,2012,58172.0
Andorra,AND,2013,57332.0
Andorra,AND,2014,59929.0
Andorra,AND,2015,62105.0
Andorra,AND,2016,64403.0
Andorra,AND,2017,63240.0
Andorra,AND,2018,63049.0
Andorra,AND,2019,63216.0
Andorra,AND,2020,55488.0
Andorra,AND,2021,59332.0
Andorra,AND,2022,63913.0
Angola,AGO,2000,6795.0
Angola,AGO,2001,6847.0
Angola,AGO,2002,7522.0
Angola,AGO,2003,7517.0
Angola,AGO,2004,8080.0
Angola,AGO,2005,8893.0
Angola,AGO,2006,9586.0
Angola,AGO,2007,10435.0
Angola,AGO,2008,11132.0
Angola,AGO,2009,10930.0
Angola,AGO,2010,11074.0
Angola,AGO,2011,11035.0
Angola,AGO,2012,11517.0
Angola,AGO,2013,11623.0
Angola,AGO,2014,11718.0
Angola,AGO,2015,11390.0
Angola,AGO,2016,10964.0
Angola,AGO,2017,10565.0
Angola,AGO,2018,10155.0
Angola,AGO,2019,9713.0
Angola,AGO,2020,8905.0
Angola,AGO,2021,8720.0
Angola,AGO,2022,8751.0
Antigua and Barbuda,ATG,2000,25548.0
Antigua and Barbuda,ATG,2001,24015.0
Antigua and Barbuda,ATG,2002,23958.0
Antigua and Barbuda,ATG,2003,25136.0
Antigua and Barbuda,ATG,2004,26304.0
Antigua and Barbuda,ATG,2005,27693.0
Antigua and Barbuda,ATG,2006,30827.0
Antigua and Barbuda,ATG,2007,33245.0
Antigua and Barbuda,ATG,2008,32756.0
Antigua and Barbuda,ATG,2009,28406.0
Antigua and Barbuda,ATG,2010,25827.0
Antigua and Barbuda,ATG,2011,25024.0
Antigua and Barbuda,ATG,2012,25593.0
Antigua and Barbuda,ATG,2013,25207.0
Antigua and Barbuda,ATG,2014,25558.0
Antigua and Barbuda,ATG,2015,25734.0
Antigua and Barbuda,ATG,2016,26628.0
Antigua and Barbuda,ATG,2017,27199.0
Antigua and Barbuda,ATG,2018,28879.0
Antigua and Barbuda,ATG,2019,29652.0
Antigua and Barbuda,ATG,2020,23931.0
Antigua and Barbuda,ATG,2021,25745.0
Antigua and Barbuda,ATG,2022,27786.0
Argentina,ARG,2000,22281.0
Argentina,ARG,2001,21066.0
Argentina,ARG,2002,18572.0
Argentina,ARG,2003,20005.0
Argentina,ARG,2004,21591.0
Argentina,ARG,2005,23262.0
Argentina,ARG,2006,24877.0
Argentina,ARG,2007,26851.0
Argentina,ARG,2008,27658.0
Argentina,ARG,2009,25747.0
Argentina,ARG,2010,28056.0
Argentina,ARG,2011,29426.0
Argentina,ARG,2012,28826.0
Argentina,ARG,2013,29228.0
Argentina,ARG,2014,28201.0
Argentina,ARG,2015,28669.0
Argentina,ARG,2016,27802.0
Argentina,ARG,2017,28335.0
Argentina,ARG,2018,27367.0
Argentina,ARG,2019,26630.0
Argentina,ARG,2020,23877.0
Argentina,ARG,2021,26300.0
Argentina,ARG,2022,27825.0
Armenia,ARM,2000,4589.0
Armenia,ARM,2001,5044.0
Armenia,ARM,2002,5731.0
Armenia,ARM,2003,6569.0
Armenia,ARM,2004,7299.0
Armenia,ARM,2005,8363.0
Armenia,ARM,2006,9525.0
Armenia,ARM,2007,10899.0
Armenia,ARM,2008,11727.0
Armenia,ARM,2009,10143.0
Armenia,ARM,2010,10439.0
Armenia,ARM,2011,10990.0
Armenia,ARM,2012,11796.0
Armenia,ARM,2013,12194.0
Armenia,ARM,2014,12667.0
Armenia,ARM,2015,13113.0
Armenia,ARM,2016,13193.0
Armenia,ARM,2017,14244.0
Armenia,ARM,2018,15037.0
Armenia,ARM,2019,16215.0
Armenia,ARM,2020,15053.0
Armenia,ARM,2021,15922.0
Armenia,ARM,2022,17886.0
Aruba,ABW,2000,37619.0
Aruba,ABW,2001,38827.0
Aruba,ABW,2002,38195.0
Aruba,ABW,2003,38182.0
Aruba,ABW,2004,40102.0
Aruba,ABW,2005,38926.0
Aruba,ABW,2006,38664.0
Aruba,ABW,2007,39562.0
Aruba,ABW,2008,39983.0
Aruba,ABW,2009,35075.0
Aruba,ABW,2010,34038.0
Aruba,ABW,2011,34926.0
Aruba,ABW,2012,34058.0
Aruba,ABW,2013,35712.0
Aruba,ABW,2014,35837.0
Aruba,ABW,2015,36753.0
Aruba,ABW,2016,36926.0
Aruba,ABW,2017,38213.0
Aruba,ABW,2018,39378.0
Aruba,ABW,2019,39755.0
Aruba,ABW,2020,30409.0
Aruba,ABW,2021,35207.0
Aruba,ABW,2022,39083.0
Australia,AUS,2000,45099.0
Australia,AUS,2001,45428.0
Australia,AUS,2002,46688.0
Australia,AUS,2003,47581.0
Australia,AUS,2004,49061.0
Australia,AUS,2005,49997.0
Australia,AUS,2006,50694.0
Australia,AUS,2007,51663.0
Australia,AUS,2008,52473.0
Australia,AUS,2009,52408.0
Australia,AUS,2010,52739.0
Australia,AUS,2011,53257.0
Australia,AUS,2012,54404.0
Australia,AUS,2013,54895.0
Australia,AUS,2014,55489.0
Australia,AUS,2015,55880.0
Australia,AUS,2016,56530.0
Australia,AUS,2017,56882.0
Australia,AUS,2018,57648.0
Australia,AUS,2019,58049.0
Australia,AUS,2020,57260.0
Australia,AUS,2021,58327.0
Australia,AUS,2022,60029.0
Austria,AUT,2000,53534.0
Austria,AUT,2001,54032.0
Austria,AUT,2002,54565.0
Austria,AUT,2003,54920.0
Austria,AUT,2004,55980.0
Austria,AUT,2005,56890.0
Austria,AUT,2006,58460.0
Austria,AUT,2007,60471.0
Austria,AUT,2008,61158.0
Austria,AUT,2009,58810.0
Austria,AUT,2010,59730.0
Austria,AUT,2011,61272.0
Austria,AUT,2012,61377.0
Austria,AUT,2013,60863.0
Austria,AUT,2014,60846.0
Austria,AUT,2015,60952.0
Austria,AUT,2016,61573.0
Austria,AUT,2017,62536.0
Austria,AUT,2018,63778.0
Austria,AUT,2019,64609.0
Austria,AUT,2020,60276.0
Austria,AUT,2021,62969.0
Austria,AUT,2022,65694.0
Azerbaijan,AZE,2000,5657.0
Azerbaijan,AZE,2001,6169.0
Azerbaijan,AZE,2002,6701.0
Azerbaijan,AZE,2003,7329.0
Azerbaijan,AZE,2004,7938.0
Azerbaijan,AZE,2005,10054.0
Azerbaijan,AZE,2006,13372.0
Azerbaijan,AZE,2007,16587.0
Azerbaijan,AZE,2008,17963.0
Azerbaijan,AZE,2009,19242.0
Azerbaijan,AZE,2010,19925.0
Azerbaijan,AZE,2011,19358.0
Azerbaijan,AZE,2012,19523.0
Azerbaijan,AZE,2013,20399.0
Azerbaijan,AZE,2014,20709.0
Azerbaijan,AZE,2015,20679.0
Azerbaijan,AZE,2016,19822.0
Azerbaijan,AZE,2017,19659.0
Azerbaijan,AZE,2018,19782.0
Azerbaijan,AZE,2019,20101.0
Azerbaijan,AZE,2020,19126.0
Azerbaijan,AZE,2021,20111.0
Azerbaijan,AZE,2022,21051.0
Bahamas,BHS,2000,34597.0
Bahamas,BHS,2001,35072.0
Bahamas,BHS,2002,35611.0
Bahamas,BHS,2003,34741.0
Bahamas,BHS,2004,34618.0
Bahamas,BHS,2005,35365.0
Bahamas,BHS,2006,35789.0
Bahamas,BHS,2007,35797.0
Bahamas,BHS,2008,34498.0
Bahamas,BHS,2009,32630.0
Bahamas,BHS,2010,32711.0
Bahamas,BHS,2011,32536.0
Bahamas,BHS,2012,33668.0
Bahamas,BHS,2013,32403.0
Bahamas,BHS,2014,32713.0
Bahamas,BHS,2015,32778.0
Bahamas,BHS,2016,32172.0
Bahamas,BHS,2017,33050.0
Bahamas,BHS,2018,33650.0
Bahamas,BHS,2019,33202.0
Bahamas,BHS,2020,26453.0
Bahamas,BHS,2021,31065.0
Bahamas,BHS,2022,34343.0
Bahrain,BHR,2000,57969.0
Bahrain,BHR,2001,57281.0
Bahrain,BHR,2002,55097.0
Bahrain,BHR,2003,54432.0
Bahrain,BHR,2004,54045.0
Bahrain,BHR,2005,53478.0
Bahrain,BHR,2006,52692.0
Bahrain,BHR,2007,52732.0
Bahrain,BHR,2008,52765.0
Bahrain,BHR,2009,50666.0
Bahrain,BHR,2010,50705.0
Bahrain,BHR,2011,53132.0
Bahrain,BHR,2012,54517.0
Bahrain,BHR,2013,55376.0
Bahrain,BHR,2014,55066.0
Bahrain,BHR,2015,54150.0
Bahrain,BHR,2016,54107.0
Bahrain,BHR,2017,53860.0
Bahrain,BHR,2018,54893.0
Bahrain,BHR,2019,56750.0
Bahrain,BHR,2020,53814.0
Bahrain,BHR,2021,54955.0
Bahrain,BHR,2022,57573.0
Bangladesh,BGD,2000,2713.0
Bangladesh,BGD,2001,2804.0
Bangladesh,BGD,2002,2866.0
Bangladesh,BGD,2003,2959.0
Bangladesh,BGD,2004,3072.0
Bangladesh,BGD,2005,3232.0
Bangladesh,BGD,2006,3407.0
Bangladesh,BGD,2007,3609.0
Bangladesh,BGD,2008,3788.0
Bangladesh,BGD,2009,3942.0
Bangladesh,BGD,2010,4125.0
Bangladesh,BGD,2011,4352.0
Bangladesh,BGD,2012,4592.0
Bangladesh,BGD,2013,4823.0
Bangladesh,BGD,2014,5069.0
Bangladesh,BGD,2015,5353.0
Bangladesh,BGD,2016,5683.0
Bangladesh,BGD,2017,6006.0
Bangladesh,BGD,2018,6393.0
Bangladesh,BGD,2019,6838.0
Bangladesh,BGD,2020,7015.0
Bangladesh,BGD,2021,7441.0
Bangladesh,BGD,2022,7888.0
Barbados,BRB,2000,21316.0
Barbados,BRB,2001,20783.0
Barbados,BRB,2002,20810.0
Barbados,BRB,2003,21132.0
Barbados,BRB,2004,21309.0
Barbados,BRB,2005,22035.0
Barbados,BRB,2006,23261.0
Barbados,BRB,2007,23632.0
Barbados,BRB,2008,23657.0
Barbados,BRB,2009,22355.0
Barbados,BRB,2010,20465.0
Barbados,BRB,2011,20383.0
Barbados,BRB,2012,19744.0
Barbados,BRB,2013,19730.0
Barbados,BRB,2014,19841.0
Barbados,BRB,2015,19642.0
Barbados,BRB,2016,19877.0
Barbados,BRB,2017,19966.0
Barbados,BRB,2018,19878.0
Barbados,BRB,2019,19890.0
Barbados,BRB,2020,16400.0
Barbados,BRB,2021,17687.0
Barbados,BRB,2022,20495.0
Belarus,BLR,2000,11182.0
Belarus,BLR,2001,11771.0
Belarus,BLR,2002,12444.0
Belarus,BLR,2003,13414.0
Belarus,BLR,2004,15052.0
Belarus,BLR,2005,16580.0
Belarus,BLR,2006,18350.0
Belarus,BLR,2007,20020.0
Belarus,BLR,2008,22138.0
Belarus,BLR,2009,22237.0
Belarus,BLR,2010,24013.0
Belarus,BLR,2011,25405.0
Belarus,BLR,2012,25879.0
Belarus,BLR,2013,26148.0
Belarus,BLR,2014,26564.0
Belarus,BLR,2015,25513.0
Belarus,BLR,2016,24847.0
Belarus,BLR,2017,25504.0
Belarus,BLR,2018,26363.0
Belarus,BLR,2019,26799.0
Belarus,BLR,2020,26731.0
Belarus,BLR,2021,27611.0
Belarus,BLR,2022,26538.0
Belgium,BEL,2000,50456.0
Belgium,BEL,2001,50835.0
Belgium,BEL,2002,51472.0
Belgium,BEL,2003,51789.0
Belgium,BEL,2004,53407.0
Belgium,BEL,2005,54347.0
Belgium,BEL,2006,55368.0
Belgium,BEL,2007,56983.0
Belgium,BEL,2008,56788.0
Belgium,BEL,2009,55259.0
Belgium,BEL,2010,56240.0
Belgium,BEL,2011,56585.0
Belgium,BEL,2012,56357.0
Belgium,BEL,2013,56263.0
Belgium,BEL,2014,57003.0
Belgium,BEL,2015,57509.0
Belgium,BEL,2016,57901.0
Belgium,BEL,2017,58529.0
Belgium,BEL,2018,59358.0
Belgium,BEL,2019,60480.0
Belgium,BEL,2020,57334.0
Belgium,BEL,2021,60669.0
Belgium,BEL,2022,62603.0
Belize,BLZ,2000,11364.0
Belize,BLZ,2001,11567.0
Belize,BLZ,2002,11828.0
Belize,BLZ,2003,12589.0
Belize,BLZ,2004,12807.0
Belize,BLZ,2005,12715.0
Belize,BLZ,2006,12913.0
Belize,BLZ,2007,12973.0
Belize,BLZ,2008,12416.0
Belize,BLZ,2009,12034.0
Belize,BLZ,2010,11914.0
Belize,BLZ,2011,11642.0
Belize,BLZ,2012,11843.0
Belize,BLZ,2013,12065.0
Belize,BLZ,2014,12272.0
Belize,BLZ,2015,12349.0
Belize,BLZ,2016,12063.0
Belize,BLZ,2017,11572.0
Belize,BLZ,2018,11452.0
Belize,BLZ,2019,11766.0
Belize,BLZ,2020,10045.0
Belize,BLZ,2021,11716.0
Belize,BLZ,2022,12565.0
Benin,BEN,2000,2536.0
Benin,BEN,2001,2591.0
Benin,BEN,2002,2630.0
Benin,BEN,2003,2639.0
Benin,BEN,2004,2673.0
Benin,BEN,2005,2632.0
Benin,BEN,2006,2652.0
Benin,BEN,2007,2729.0
Benin,BEN,2008,2778.0
Benin,BEN,2009,2758.0
Benin,BEN,2010,2734.0
Benin,BEN,2011,2732.0
Benin,BEN,2012,2780.0
Benin,BEN,2013,2893.0
Benin,BEN,2014,2987.0
Benin,BEN,2015,2952.0
Benin,BEN,2016,2963.0
Benin,BEN,2017,3042.0
Benin,BEN,2018,3155.0
Benin,BEN,2019,3281.0
Benin,BEN,2020,3318.0
Benin,BEN,2021,3464.0
Benin,BEN,2022,3588.0
Bermuda,BMU,2000,98024.0
Bermuda,BMU,2001,104565.0
Bermuda,BMU,2002,102564.0
Bermuda,BMU,2003,105647.0
Bermuda,BMU,2004,107808.0
Bermuda,BMU,2005,109340.0
Bermuda,BMU,2006,115176.0
Bermuda,BMU,2007,118696.0
Bermuda,BMU,2008,115948.0
Bermuda,BMU,2009,108967.0
Bermuda,BMU,2010,105973.0
Bermuda,BMU,2011,101994.0
Bermuda,BMU,2012,96715.0
Bermuda,BMU,2013,96554.0
Bermuda,BMU,2014,93046.0
Bermuda,BMU,2015,93864.0
Bermuda,BMU,2016,93269.0
Bermuda,BMU,2017,96441.0
Bermuda,BMU,2018,95643.0
Bermuda,BMU,2019,95524.0
Bermuda,BMU,2020,88485.0
Bermuda,BMU,2021,92320.0
Bermuda,BMU,2022,97943.0
Bhutan,BTN,2000,5288.0
Bhutan,BTN,2001,5546.0
Bhutan,BTN,2002,5991.0
Bhutan,BTN,2003,6324.0
Bhutan,BTN,2004,6518.0
Bhutan,BTN,2005,6851.0
Bhutan,BTN,2006,7141.0
Bhutan,BTN,2007,8195.0
Bhutan,BTN,2008,8470.0
Bhutan,BTN,2009,9019.0
Bhutan,BTN,2010,9985.0
Bhutan,BTN,2011,10715.0
Bhutan,BTN,2012,11144.0
Bhutan,BTN,2013,11212.0
Bhutan,BTN,2014,11745.0
Bhutan,BTN,2015,12400.0
Bhutan,BTN,2016,13321.0
Bhutan,BTN,2017,13482.0
Bhutan,BTN,2018,13855.0
Bhutan,BTN,2019,14555.0
Bhutan,BTN,2020,12980.0
Bhutan,BTN,2021,13459.0
Bhutan,BTN,2022,14061.0
Bolivia,BOL,2000,7492.0
Bolivia,BOL,2001,7491.0
Bolivia,BOL,2002,7550.0
Bolivia,BOL,2003,7626.0
Bolivia,BOL,2004,7812.0
Bolivia,BOL,2005,8021.0
Bolivia,BOL,2006,8263.0
Bolivia,BOL,2007,8494.0
Bolivia,BOL,2008,8865.0
Bolivia,BOL,2009,9012.0
Bolivia,BOL,2010,9230.0
Bolivia,BOL,2011,9554.0
Bolivia,BOL,2012,9884.0
Bolivia,BOL,2013,10391.0
Bolivia,BOL,2014,10791.0
Bolivia,BOL,2015,11145.0
Bolivia,BOL,2016,11448.0
Bolivia,BOL,2017,11755.0
Bolivia,BOL,2018,11920.0
Bolivia,BOL,2019,11931.0
Bolivia,BOL,2020,10286.0
Bolivia,BOL,2021,11202.0
Bolivia,BOL,2022,11488.0
Bosnia and Herzegovina,BIH,2000,7831.0
Bosnia and Herzegovina,BIH,2001,7983.0
Bosnia and Herzegovina,BIH,2002,8367.0
Bosnia and Herzegovina,BIH,2003,8710.0
Bosnia and Herzegovina,BIH,2004,9345.0
Bosnia and Herzegovina,BIH,2005,9814.0
Bosnia and Herzegovina,BIH,2006,10430.0
Bosnia and Herzegovina,BIH,2007,11179.0
Bosnia and Herzegovina,BIH,2008,11984.0
Bosnia and Herzegovina,BIH,2009,11827.0
Bosnia and Herzegovina,BIH,2010,12143.0
Bosnia and Herzegovina,BIH,2011,12488.0
Bosnia and Herzegovina,BIH,2012,12627.0
Bosnia and Herzegovina,BIH,2013,13136.0
Bosnia and Herzegovina,BIH,2014,13459.0
Bosnia and Herzegovina,BIH,2015,14220.0
Bosnia and Herzegovina,BIH,2016,14874.0
Bosnia and Herzegovina,BIH,2017,15555.0
Bosnia and Herzegovina,BIH,2018,16349.0
Bosnia and Herzegovina,BIH,2019,17029.0
Bosnia and Herzegovina,BIH,2020,16747.0
Bosnia and Herzegovina,BIH,2021,18287.0
Bosnia and Herzegovina,BIH,2022,19298.0
Botswana,BWA,2000,13186.0
Botswana,BWA,2001,12950.0
Botswana,BWA,2002,13480.0
Botswana,BWA,2003,13857.0
Botswana,BWA,2004,13985.0
Botswana,BWA,2005,14362.0
Botswana,BWA,2006,15276.0
Botswana,BWA,2007,15850.0
Botswana,BWA,2008,16040.0
Botswana,BWA,2009,13490.0
Botswana,BWA,2010,14545.0
Botswana,BWA,2011,15237.0
Botswana,BWA,2012,14958.0
Botswana,BWA,2013,16369.0
Botswana,BWA,2014,17052.0
Botswana,BWA,2015,15995.0
Botswana,BWA,2016,16906.0
Botswana,BWA,2017,17353.0
Botswana,BWA,2018,17825.0
Botswana,BWA,2019,18106.0
Botswana,BWA,2020,16289.0
Botswana,BWA,2021,17961.0
Botswana,BWA,2022,18647.0
Brazil,BRA,2000,14005.0
Brazil,BRA,2001,14016.0
Brazil,BRA,2002,14266.0
Brazil,BRA,2003,14259.0
Brazil,BRA,2004,14911.0
Brazil,BRA,2005,15221.0
Brazil,BRA,2006,15657.0
Brazil,BRA,2007,16441.0
Brazil,BRA,2008,17113.0
Brazil,BRA,2009,16939.0
Brazil,BRA,2010,18062.0
Brazil,BRA,2011,18628.0
Brazil,BRA,2012,18832.0
Brazil,BRA,2013,19242.0
Brazil,BRA,2014,19183.0
Brazil,BRA,2015,18357.0
Brazil,BRA,2016,17621.0
Brazil,BRA,2017,17724.0
Brazil,BRA,2018,17918.0
Brazil,BRA,2019,18019.0
Brazil,BRA,2020,17328.0
Brazil,BRA,2021,18076.0
Brazil,BRA,2022,18554.0
Brunei,BRN,2000,100323.0
Brunei,BRN,2001,99681.0
Brunei,BRN,2002,101572.0
Brunei,BRN,2003,103227.0
Brunei,BRN,2004,101498.0
Brunei,BRN,2005,99796.0
Brunei,BRN,2006,102249.0
Brunei,BRN,2007,96753.0
Brunei,BRN,2008,91276.0
Brunei,BRN,2009,87876.0
Brunei,BRN,2010,88587.0
Brunei,BRN,2011,90280.0
Brunei,BRN,2012,89718.0
Brunei,BRN,2013,86607.0
Brunei,BRN,2014,83311.0
Brunei,BRN,2015,81910.0
Brunei,BRN,2016,78881.0
Brunei,BRN,2017,78967.0
Brunei,BRN,2018,78099.0
Brunei,BRN,2019,80228.0
Brunei,BRN,2020,80281.0
Brunei,BRN,2021,78249.0
Brunei,BRN,2022,76358.0
Bulgaria,BGR,2000,12564.0
Bulgaria,BGR,2001,13307.0
Bulgaria,BGR,2002,14397.0
Bulgaria,BGR,2003,15271.0
Bulgaria,BGR,2004,16389.0
Bulgaria,BGR,2005,17678.0
Bulgaria,BGR,2006,19025.0
Bulgaria,BGR,2007,20440.0
Bulgaria,BGR,2008,21846.0
Bulgaria,BGR,2009,21251.0
Bulgaria,BGR,2010,21724.0
Bulgaria,BGR,2011,22321.0
Bulgaria,BGR,2012,22619.0
Bulgaria,BGR,2013,22954.0
Bulgaria,BGR,2014,23455.0
Bulgaria,BGR,2015,24563.0
Bulgaria,BGR,2016,25637.0
Bulgaria,BGR,2017,26692.0
Bulgaria,BGR,2018,27691.0
Bulgaria,BGR,2019,29150.0
Bulgaria,BGR,2020,28521.0
Bulgaria,BGR,2021,30959.0
Bulgaria,BGR,2022,32434.0
Burkina Faso,BFA,2000,1429.0
Burkina Faso,BFA,2001,1477.0
Burkina Faso,BFA,2002,1495.0
Burkina Faso,BFA,2003,1562.0
Burkina Faso,BFA,2004,1581.0
Burkina Faso,BFA,2005,1665.0
Burkina Faso,BFA,2006,1715.0
Burkina Faso,BFA,2007,1732.0
Burkina Faso,BFA,2008,1779.0
Burkina Faso,BFA,2009,1779.0
Burkina Faso,BFA,2010,1874.0
Burkina Faso,BFA,2011,1940.0
Burkina Faso,BFA,2012,2004.0
Burkina Faso,BFA,2013,2057.0
Burkina Faso,BFA,2014,2083.0
Burkina Faso,BFA,2015,2102.0
Burkina Faso,BFA,2016,2163.0
Burkina Faso,BFA,2017,2232.0
Burkina Faso,BFA,2018,2316.0
Burkina Faso,BFA,2019,2392.0
Burkina Faso,BFA,2020,2381.0
Burkina Faso,BFA,2021,2486.0
Burkina Faso,BFA,2022,2469.0
Burundi,BDI,2000,1030.0
Burundi,BDI,2001,1025.0
Burundi,BDI,2002,1041.0
Burundi,BDI,2003,997.0
Burundi,BDI,2004,1007.0
Burundi,BDI,2005,979.0
Burundi,BDI,2006,995.0
Burundi,BDI,2007,992.0
Burundi,BDI,2008,999.0
Burundi,BDI,2009,985.0
Burundi,BDI,2010,988.0
Burundi,BDI,2011,992.0
Burundi,BDI,2012,999.0
Burundi,BDI,2013,1011.0
Burundi,BDI,2014,1019.0
Burundi,BDI,2015,992.0
Burundi,BDI,2016,1007.0
Burundi,BDI,2017,1021.0
Burundi,BDI,2018,1043.0
Burundi,BDI,2019,1055.0
Burundi,BDI,2020,1028.0
Burundi,BDI,2021,1032.0
Burundi,BDI,2022,1028.0
Cambodia,KHM,2000,1922.0
Cambodia,KHM,2001,2032.0
Cambodia,KHM,2002,2126.0
Cambodia,KHM,2003,2310.0
Cambodia,KHM,2004,2491.0
Cambodia,KHM,2005,2782.0
Cambodia,KHM,2006,3041.0
Cambodia,KHM,2007,3308.0
Cambodia,KHM,2008,3502.0
Cambodia,KHM,2009,3588.0
Cambodia,KHM,2010,3712.0
Cambodia,KHM,2011,3922.0
Cambodia,KHM,2012,4159.0
Cambodia,KHM,2013,4419.0
Cambodia,KHM,2014,4703.0
Cambodia,KHM,2015,4969.0
Cambodia,KHM,2016,5284.0
Cambodia,KHM,2017,5632.0
Cambodia,KHM,2018,6051.0
Cambodia,KHM,2019,6449.0
Cambodia,KHM,2020,6129.0
Cambodia,KHM,2021,6226.0
Cambodia,KHM,2022,6458.0
Cameroon,CMR,2000,3823.0
Cameroon,CMR,2001,3885.0
Cameroon,CMR,2002,3951.0
Cameroon,CMR,2003,4055.0
Cameroon,CMR,2004,4223.0
Cameroon,CMR,2005,4200.0
Cameroon,CMR,2006,4242.0
Cameroon,CMR,2007,4303.0
Cameroon,CMR,2008,4300.0
Cameroon,CMR,2009,4287.0
Cameroon,CMR,2010,4287.0
Cameroon,CMR,2011,4308.0
Cameroon,CMR,2012,4382.0
Cameroon,CMR,2013,4474.0
Cameroon,CMR,2014,4588.0
Cameroon,CMR,2015,4699.0
Cameroon,CMR,2016,4767.0
Cameroon,CMR,2017,4798.0
Cameroon,CMR,2018,4851.0
Cameroon,CMR,2019,4882.0
Cameroon,CMR,2020,4763.0
Cameroon,CMR,2021,4794.0
Cameroon,CMR,2022,4844.0
Canada,CAN,2000,48399.0
Canada,CAN,2001,48774.0
Canada,CAN,2002,49695.0
Canada,CAN,2003,50140.0
Canada,CAN,2004,51211.0
Canada,CAN,2005,52357.0
Canada,CAN,2006,53196.0
Canada,CAN,2007,53762.0
Canada,CAN,2008,53712.0
Canada,CAN,2009,51552.0
Canada,CAN,2010,52558.0
Canada,CAN,2011,53681.0
Canada,CAN,2012,54035.0
Canada,CAN,2013,54712.0
Canada,CAN,2014,55723.0
Canada,CAN,2015,55661.0
Canada,CAN,2016,55606.0
Canada,CAN,2017,56612.0
Canada,CAN,2018,57337.0
Canada,CAN,2019,57584.0
Canada,CAN,2020,54093.0
Canada,CAN,2021,56995.0
Canada,CAN,2022,58583.0
Cape Verde,CPV,2000,4510.0
Cape Verde,CPV,2001,4541.0
Cape Verde,CPV,2002,4710.0
Cape Verde,CPV,2003,4841.0
Cape Verde,CPV,2004,5268.0
Cape Verde,CPV,2005,5566.0
Cape Verde,CPV,2006,5941.0
Cape Verde,CPV,2007,6767.0
Cape Verde,CPV,2008,7169.0
Cape Verde,CPV,2009,6995.0
Cape Verde,CPV,2010,7072.0
Cape Verde,CPV,2011,7326.0
Cape Verde,CPV,2012,7398.0
Cape Verde,CPV,2013,7441.0
Cape Verde,CPV,2014,7491.0
Cape Verde,CPV,2015,7560.0
Cape Verde,CPV,2016,7881.0
Cape Verde,CPV,2017,8235.0
Cape Verde,CPV,2018,8531.0
Cape Verde,CPV,2019,9112.0
Cape Verde,CPV,2020,7208.0
Cape Verde,CPV,2021,7685.0
Cape Verde,CPV,2022,8850.0
Cayman Islands,CYM,2006,92213.0
Cayman Islands,CYM,2007,92344.0
Cayman Islands,CYM,2008,89380.0
Cayman Islands,CYM,2009,80632.0
Cayman Islands,CYM,2010,76295.0
Cayman Islands,CYM,2011,75095.0
Cayman Islands,CYM,2012,73983.0
Cayman Islands,CYM,2013,72989.0
Cayman Islands,CYM,2014,73052.0
Cayman Islands,CYM,2015,73315.0
Cayman Islands,CYM,2016,73942.0
Cayman Islands,CYM,2017,74600.0
Cayman Islands,CYM,2018,76125.0
Cayman Islands,CYM,2019,77477.0
Cayman Islands,CYM,2020,72183.0
Cayman Islands,CYM,2021,74160.0
Cayman Islands,CYM,2022,76735.0
Central African Republic,CAF,2000,1246.0
Central African Republic,CAF,2001,1273.0
Central African Republic,CAF,2002,1290.0
Central African Republic,CAF,2003,1192.0
Central African Republic,CAF,2004,1236.0
Central African Republic,CAF,2005,1220.0
Central African Republic,CAF,2006,1252.0
Central African Republic,CAF,2007,1285.0
Central African Republic,CAF,2008,1283.0
Central African Republic,CAF,2009,1403.0
Central African Republic,CAF,2010,1479.0
Central African Republic,CAF,2011,1517.0
Central African Republic,CAF,2012,1578.0
Central African Republic,CAF,2013,997.0
Central African Republic,CAF,2014,1002.0
Central African Republic,CAF,2015,1044.0
Central African Republic,CAF,2016,1074.0
Central African Republic,CAF,2017,1104.0
Central African Republic,CAF,2018,1126.0
Central African Republic,CAF,2019,1145.0
Central African Republic,CAF,2020,1137.0
Central African Republic,CAF,2021,1129.0
Central African Republic,CAF,2022,1137.0
Chad,TCD,2000,1507.0
Chad,TCD,2001,1627.0
Chad,TCD,2002,1704.0
Chad,TCD,2003,1879.0
Chad,TCD,2004,2401.0
Chad,TCD,2005,2706.0
Chad,TCD,2006,2596.0
Chad,TCD,2007,2613.0
Chad,TCD,2008,2601.0
Chad,TCD,2009,2475.0
Chad,TCD,2010,2717.0
Chad,TCD,2011,2741.0
Chad,TCD,2012,2886.0
Chad,TCD,2013,2864.0
Chad,TCD,2014,2821.0
Chad,TCD,2015,2823.0
Chad,TCD,2016,2623.0
Chad,TCD,2017,2496.0
Chad,TCD,2018,2552.0
Chad,TCD,2019,2605.0
Chad,TCD,2020,2513.0
Chad,TCD,2021,2435.0
Chad,TCD,2022,2449.0
Chile,CHL,2000,17529.0
Chile,CHL,2001,17875.0
Chile,CHL,2002,18245.0
Chile,CHL,2003,18907.0
Chile,CHL,2004,19967.0
Chile,CHL,2005,20923.0
Chile,CHL,2006,21974.0
Chile,CHL,2007,22884.0
Chile,CHL,2008,23515.0
Chile,CHL,2009,23019.0
Chile,CHL,2010,24122.0
Chile,CHL,2011,25372.0
Chile,CHL,2012,26677.0
Chile,CHL,2013,27298.0
Chile,CHL,2014,27512.0
Chile,CHL,2015,27818.0
Chile,CHL,2016,27965.0
Chile,CHL,2017,27900.0
Chile,CHL,2018,28499.0
Chile,CHL,2019,28228.0
Chile,CHL,2020,26258.0
Chile,CHL,2021,29107.0
Chile,CHL,2022,29560.0
China,CHN,2000,4066.0
China,CHN,2001,4372.0
China,CHN,2002,4744.0
China,CHN,2003,5192.0
China,CHN,2004,5684.0
China,CHN,2005,6298.0
China,CHN,2006,7057.0
China,CHN,2007,8014.0
China,CHN,2008,8744.0
China,CHN,2009,9519.0
China,CHN,2010,10476.0
China,CHN,2011,11405.0
China,CHN,2012,12218.0
China,CHN,2013,13081.0
China,CHN,2014,13969.0
China,CHN,2015,14857.0
China,CHN,2016,15773.0
China,CHN,2017,16758.0
China,CHN,2018,17807.0
China,CHN,2019,18821.0
China,CHN,2020,19215.0
China,CHN,2021,20843.0
China,CHN,2022,21499.0
Colombia,COL,2000,10813.0
Colombia,COL,2001,10823.0
Colombia,COL,2002,10925.0
Colombia,COL,2003,11183.0
Colombia,COL,2004,11608.0
Colombia,COL,2005,11999.0
Colombia,COL,2006,12637.0
Colombia,COL,2007,13318.0
Colombia,COL,2008,13591.0
Colombia,COL,2009,13587.0
Colombia,COL,2010,14037.0
Colombia,COL,2011,14852.0
Colombia,COL,2012,15279.0
Colombia,COL,2013,15912.0
Colombia,COL,2014,16480.0
Colombia,COL,2015,16821.0
Colombia,COL,2016,17003.0
Colombia,COL,2017,16986.0
Colombia,COL,2018,17104.0
Colombia,COL,2019,17337.0
Colombia,COL,2020,15862.0
Colombia,COL,2021,17383.0
Colombia,COL,2022,18459.0
Comoros,COM,2000,2918.0
Comoros,COM,2001,3013.0
Comoros,COM,2002,3086.0
Comoros,COM,2003,3086.0
Comoros,COM,2004,3122.0
Comoros,COM,2005,3232.0
Comoros,COM,2006,3112.0
Comoros,COM,2007,3075.0
Comoros,COM,2008,3134.0
Comoros,COM,2009,3172.0
Comoros,COM,2010,3227.0
Comoros,COM,2011,3294.0
Comoros,COM,2012,3331.0
Comoros,COM,2013,3406.0
Comoros,COM,2014,3403.0
Comoros,COM,2015,3371.0
Comoros,COM,2016,3412.0
Comoros,COM,2017,3472.0
Comoros,COM,2018,3529.0
Comoros,COM,2019,3523.0
Comoros,COM,2020,3447.0
Comoros,COM,2021,3449.0
Comoros,COM,2022,3466.0
Congo,COG,2000,7571.0
Congo,COG,2001,7567.0
Congo,COG,2002,7729.0
Congo,COG,2003,7577.0
Congo,COG,2004,7577.0
Congo,COG,2005,7876.0
Congo,COG,2006,8193.0
Congo,COG,2007,7376.0
Congo,COG,2008,7587.0
Congo,COG,2009,8138.0
Congo,COG,2010,8584.0
Congo,COG,2011,8492.0
Congo,COG,2012,9080.0
Congo,COG,2013,8798.0
Congo,COG,2014,9159.0
Congo,COG,2015,8978.0
Congo,COG,2016,8002.0
Congo,COG,2017,7373.0
Congo,COG,2018,7029.0
Congo,COG,2019,6939.0
Congo,COG,2020,6351.0
Congo,COG,2021,6263.0
Congo,COG,2022,6205.0
Costa Rica,CRI,2000,14026.0
Costa Rica,CRI,2001,14258.0
Costa Rica,CRI,2002,14503.0
Costa Rica,CRI,2003,14899.0
Costa Rica,CRI,2004,15331.0
Costa Rica,CRI,2005,15712.0
Costa Rica,CRI,2006,16628.0
Costa Rica,CRI,2007,17752.0
Costa Rica,CRI,2008,18343.0
Costa Rica,CRI,2009,17942.0
Costa Rica,CRI,2010,18670.0
Costa Rica,CRI,2011,19264.0
Costa Rica,CRI,2012,19971.0
Costa Rica,CRI,2013,20242.0
Costa Rica,CRI,2014,20735.0
Costa Rica,CRI,2015,21265.0
Costa Rica,CRI,2016,21936.0
Costa Rica,CRI,2017,22634.0
Costa Rica,CRI,2018,23070.0
Costa Rica,CRI,2019,23497.0
Costa Rica,CRI,2020,22368.0
Costa Rica,CRI,2021,24084.0
Costa Rica,CRI,2022,25290.0
Cote d'Ivoire,CIV,2000,4838.0
Cote d'Ivoire,CIV,2001,4609.0
Cote d'Ivoire,CIV,2002,4369.0
Cote d'Ivoire,CIV,2003,4060.0
Cote d'Ivoire,CIV,2004,4089.0
Cote d'Ivoire,CIV,2005,4032.0
Cote d'Ivoire,CIV,2006,4049.0
Cote d'Ivoire,CIV,2007,4000.0
Cote d'Ivoire,CIV,2008,4097.0
Cote d'Ivoire,CIV,2009,4151.0
Cote d'Ivoire,CIV,2010,4339.0
Cote d'Ivoire,CIV,2011,4017.0
Cote d'Ivoire,CIV,2012,4234.0
Cote d'Ivoire,CIV,2013,4597.0
Cote d'Ivoire,CIV,2014,4908.0
Cote d'Ivoire,CIV,2015,5111.0
Cote d'Ivoire,CIV,2016,5321.0
Cote d'Ivoire,CIV,2017,5556.0
Cote d'Ivoire,CIV,2018,5670.0
Cote d'Ivoire,CIV,2019,5895.0
Cote d'Ivoire,CIV,2020,5788.0
Cote d'Ivoire,CIV,2021,6045.0
Cote d'Ivoire,CIV,2022,6272.0
Croatia,HRV,2000,21302.0
Croatia,HRV,2001,22827.0
Croatia,HRV,2002,24137.0
Croatia,HRV,2003,25474.0
Croatia,HRV,2004,26529.0
Croatia,HRV,2005,27641.0
Croatia,HRV,2006,29036.0
Croatia,HRV,2007,30508.0
Croatia,HRV,2008,31114.0
Croatia,HRV,2009,29025.0
Croatia,HRV,2010,28702.0
Croatia,HRV,2011,28769.0
Croatia,HRV,2012,28259.0
Croatia,HRV,2013,28398.0
Croatia,HRV,2014,28456.0
Croatia,HRV,2015,29466.0
Croatia,HRV,2016,30821.0
Croatia,HRV,2017,32349.0
Croatia,HRV,2018,33730.0
Croatia,HRV,2019,35123.0
Croatia,HRV,2020,32493.0
Croatia,HRV,2021,36930.0
Croatia,HRV,2022,39864.0
Curacao,CUW,2000,34307.0
Curacao,CUW,2001,35339.0
Curacao,CUW,2002,35436.0
Curacao,CUW,2003,34813.0
Curacao,CUW,2004,34289.0
Curacao,CUW,2005,33652.0
Curacao,CUW,2006,33335.0
Curacao,CUW,2007,33490.0
Curacao,CUW,2008,33795.0
Curacao,CUW,2009,33397.0
Curacao,CUW,2010,33005.0
Curacao,CUW,2011,32704.0
Curacao,CUW,2012,32321.0
Curacao,CUW,2013,31753.0
Curacao,CUW,2014,31129.0
Curacao,CUW,2015,30861.0
Curacao,CUW,2016,30210.0
Curacao,CUW,2017,29729.0
Curacao,CUW,2018,29257.0
Curacao,CUW,2019,28660.0
Curacao,CUW,2020,23670.0
Curacao,CUW,2021,24906.0
Curacao,CUW,2022,26735.0
Cyprus,CYP,2000,36122.0
Cyprus,CYP,2001,37147.0
Cyprus,CYP,2002,38091.0
Cyprus,CYP,2003,38618.0
Cyprus,CYP,2004,40020.0
Cyprus,CYP,2005,41362.0
Cyprus,CYP,2006,42595.0
Cyprus,CYP,2007,43824.0
Cyprus,CYP,2008,44296.0
Cyprus,CYP,2009,42253.0
Cyprus,CYP,2010,42102.0
Cyprus,CYP,2011,41213.0
Cyprus,CYP,2012,39190.0
Cyprus,CYP,2013,36651.0
Cyprus,CYP,2014,36105.0
Cyprus,CYP,2015,37258.0
Cyprus,CYP,2016,39501.0
Cyprus,CYP,2017,41418.0
Cyprus,CYP,2018,43510.0
Cyprus,CYP,2019,45454.0
Cyprus,CYP,2020,43402.0
Cyprus,CYP,2021,47633.0
Cyprus,CYP,2022,50841.0
Czechia,CZE,2000,29427.0
Czechia,CZE,2001,30400.0
Czechia,CZE,2002,30920.0
Czechia,CZE,2003,31949.0
Czechia,CZE,2004,33452.0
Czechia,CZE,2005,35536.0
Czechia,CZE,2006,37787.0
Czechia,CZE,2007,39629.0
Czechia,CZE,2008,40328.0
Czechia,CZE,2009,38175.0
Czechia,CZE,2010,39097.0
Czechia,CZE,2011,39708.0
Czechia,CZE,2012,39347.0
Czechia,CZE,2013,39318.0
Czechia,CZE,2014,40158.0
Czechia,CZE,2015,42067.0
Czechia,CZE,2016,43069.0
Czechia,CZE,2017,45178.0
Czechia,CZE,2018,46301.0
Czechia,CZE,2019,47764.0
Czechia,CZE,2020,45120.0
Czechia,CZE,2021,47796.0
Czechia,CZE,2022,48391.0
Democratic Republic of Congo,COD,2000,981.0
Democratic Republic of Congo,COD,2001,931.0
Democratic Republic of Congo,COD,2002,929.0
Democratic Republic of Congo,COD,2003,953.0
Democratic Republic of Congo,COD,2004,988.0
Democratic Republic of Congo,COD,2005,1017.0
Democratic Republic of Congo,COD,2006,1036.0
Democratic Republic of Congo,COD,2007,1092.0
Democratic Republic of Congo,COD,2008,1138.0
Democratic Republic of Congo,COD,2009,1109.0
Democratic Republic of Congo,COD,2010,1167.0
Democratic Republic of Congo,COD,2011,1125.0
Democratic Republic of Congo,COD,2012,1182.0
Democratic Republic of Congo,COD,2013,1343.0
Democratic Republic of Congo,COD,2014,1393.0
Democratic Republic of Congo,COD,2015,1433.0
Democratic Republic of Congo,COD,2016,1389.0
Democratic Republic of Congo,COD,2017,1396.0
Democratic Republic of Congo,COD,2018,1432.0
Democratic Republic of Congo,COD,2019,1395.0
Democratic Republic of Congo,COD,2020,1361.0
Democratic Republic of Congo,COD,2021,1402.0
Democratic Republic of Congo,COD,2022,1484.0
Denmark,DNK,2000,57586.0
Denmark,DNK,2001,57925.0
Denmark,DNK,2002,58004.0
Denmark,DNK,2003,58101.0
Denmark,DNK,2004,59560.0
Denmark,DNK,2005,60798.0
Denmark,DNK,2006,62911.0
Denmark,DNK,2007,63251.0
Denmark,DNK,2008,62618.0
Denmark,DNK,2009,59186.0
Denmark,DNK,2010,59856.0
Denmark,DNK,2011,60392.0
Denmark,DNK,2012,60162.0
Denmark,DNK,2013,60746.0
Denmark,DNK,2014,61211.0
Denmark,DNK,2015,62059.0
Denmark,DNK,2016,63469.0
Denmark,DNK,2017,64989.0
Denmark,DNK,2018,65871.0
Denmark,DNK,2019,66759.0
Denmark,DNK,2020,65379.0
Denmark,DNK,2021,69328.0
Denmark,DNK,2022,69089.0
Djibouti,DJI,2013,4469.0
Djibouti,DJI,2014,4705.0
Djibouti,DJI,2015,4962.0
Djibouti,DJI,2016,5227.0
Djibouti,DJI,2017,5422.0
Djibouti,DJI,2018,5591.0
Djibouti,DJI,2019,5809.0
Djibouti,DJI,2020,5791.0
Djibouti,DJI,2021,5960.0
Djibouti,DJI,2022,6181.0
Dominica,DMA,2000,14055.0
Dominica,DMA,2001,14092.0
Dominica,DMA,2002,13641.0
Dominica,DMA,2003,14398.0
Dominica,DMA,2004,14962.0
Dominica,DMA,2005,15081.0
Dominica,DMA,2006,15728.0
Dominica,DMA,2007,16561.0
Dominica,DMA,2008,17738.0
Dominica,DMA,2009,17534.0
Dominica,DMA,2010,17517.0
Dominica,DMA,2011,17475.0
Dominica,DMA,2012,17431.0
Dominica,DMA,2013,17283.0
Dominica,DMA,2014,17521.0
Dominica,DMA,2015,16921.0
Dominica,DMA,2016,17364.0
Dominica,DMA,2017,16314.0
Dominica,DMA,2018,16877.0
Dominica,DMA,2019,17619.0
Dominica,DMA,2020,14920.0
Dominica,DMA,2021,15809.0
Dominica,DMA,2022,17551.0
Dominican Republic,DOM,2000,10896.0
Dominican Republic,DOM,2001,10991.0
Dominican Republic,DOM,2002,11313.0
Dominican Republic,DOM,2003,11001.0
Dominican Republic,DOM,2004,11131.0
Dominican Republic,DOM,2005,12023.0
Dominican Republic,DOM,2006,12962.0
Dominican Republic,DOM,2007,13755.0
Dominican Republic,DOM,2008,14030.0
Dominican Republic,DOM,2009,13992.0
Dominican Republic,DOM,2010,14975.0
Dominican Republic,DOM,2011,15258.0
Dominican Republic,DOM,2012,15487.0
Dominican Republic,DOM,2013,16055.0
Dominican Republic,DOM,2014,16994.0
Dominican Republic,DOM,2015,17973.0
Dominican Republic,DOM,2016,18969.0
Dominican Republic,DOM,2017,19502.0
Dominican Republic,DOM,2018,20663.0
Dominican Republic,DOM,2019,21451.0
Dominican Republic,DOM,2020,19545.0
Dominican Republic,DOM,2021,22053.0
Dominican Republic,DOM,2022,22987.0
East Timor,TLS,2000,3784.0
East Timor,TLS,2001,4038.0
East Timor,TLS,2002,3481.0
East Timor,TLS,2003,3265.0
East Timor,TLS,2004,3235.0
East Timor,TLS,2005,3264.0
East Timor,TLS,2006,3039.0
East Timor,TLS,2007,3257.0
East Timor,TLS,2008,3531.0
East Timor,TLS,2009,3792.0
East Timor,TLS,2010,4047.0
East Timor,TLS,2011,4190.0
East Timor,TLS,2012,4298.0
East Timor,TLS,2013,4340.0
East Timor,TLS,2014,4445.0
East Timor,TLS,2015,4468.0
East Timor,TLS,2016,4515.0
East Timor,TLS,2017,4290.0
East Timor,TLS,2018,4189.0
East Timor,TLS,2019,5103.0
East Timor,TLS,2020,6595.0
East Timor,TLS,2021,6825.0
East Timor,TLS,2022,5348.0
Ecuador,ECU,2000,9183.0
Ecuador,ECU,2001,9405.0
Ecuador,ECU,2002,9698.0
Ecuador,ECU,2003,9803.0
Ecuador,ECU,2004,10291.0
Ecuador,ECU,2005,10660.0
Ecuador,ECU,2006,10933.0
Ecuador,ECU,2007,10953.0
Ecuador,ECU,2008,11475.0
Ecuador,ECU,2009,11404.0
Ecuador,ECU,2010,11666.0
Ecuador,ECU,2011,12449.0
Ecuador,ECU,2012,12961.0
Ecuador,ECU,2013,13689.0
Ecuador,ECU,2014,14065.0
Ecuador,ECU,2015,13882.0
Ecuador,ECU,2016,13587.0
Ecuador,ECU,2017,14179.0
Ecuador,ECU,2018,14084.0
Ecuador,ECU,2019,13870.0
Ecuador,ECU,2020,12440.0
Ecuador,ECU,2021,13507.0
Ecuador,ECU,2022,14187.0
Egypt,EGY,2000,9982.0
Egypt,EGY,2001,10117.0
Egypt,EGY,2002,10144.0
Egypt,EGY,2003,10250.0
Egypt,EGY,2004,10452.0
Egypt,EGY,2005,10701.0
Egypt,EGY,2006,11212.0
Egypt,EGY,2007,11782.0
Egypt,EGY,2008,12392.0
Egypt,EGY,2009,12728.0
Egypt,EGY,2010,13129.0
Egypt,EGY,2011,13082.0
Egypt,EGY,2012,13077.0
Egypt,EGY,2013,13058.0
Egypt,EGY,2014,13136.0
Egypt,EGY,2015,13426.0
Egypt,EGY,2016,13727.0
Egypt,EGY,2017,14018.0
Egypt,EGY,2018,14488.0
Egypt,EGY,2019,15027.0
Egypt,EGY,2020,15309.0
Egypt,EGY,2021,15579.0
Egypt,EGY,2022,16360.0
El Salvador,SLV,2000,7545.0
El Salvador,SLV,2001,7580.0
El Salvador,SLV,2002,7676.0
El Salvador,SLV,2003,7780.0
El Salvador,SLV,2004,7842.0
El Salvador,SLV,2005,8051.0
El Salvador,SLV,2006,8404.0
El Salvador,SLV,2007,8549.0
El Salvador,SLV,2008,8705.0
El Salvador,SLV,2009,8494.0
El Salvador,SLV,2010,8649.0
El Salvador,SLV,2011,8946.0
El Salvador,SLV,2012,9163.0
El Salvador,SLV,2013,9329.0
El Salvador,SLV,2014,9452.0
El Salvador,SLV,2015,9646.0
El Salvador,SLV,2016,9864.0
El Salvador,SLV,2017,10065.0
El Salvador,SLV,2018,10297.0
El Salvador,SLV,2019,10544.0
El Salvador,SLV,2020,9692.0
El Salvador,SLV,2021,10810.0
El Salvador,SLV,2022,11086.0
Equatorial Guinea,GNQ,2000,11767.0
Equatorial Guinea,GNQ,2001,18032.0
Equatorial Guinea,GNQ,2002,20242.0
Equatorial Guinea,GNQ,2003,21710.0
Equatorial Guinea,GNQ,2004,28226.0
Equatorial Guinea,GNQ,2005,31303.0
Equatorial Guinea,GNQ,2006,32252.0
Equatorial Guinea,GNQ,2007,35540.0
Equatorial Guinea,GNQ,2008,39995.0
Equatorial Guinea,GNQ,2009,38707.0
Equatorial Guinea,GNQ,2010,33669.0
Equatorial Guinea,GNQ,2011,34342.0
Equatorial Guinea,GNQ,2012,35711.0
Equatorial Guinea,GNQ,2013,32894.0
Equatorial Guinea,GNQ,2014,31766.0
Equatorial Guinea,GNQ,2015,27798.0
Equatorial Guinea,GNQ,2016,24435.0
Equatorial Guinea,GNQ,2017,22250.0
Equatorial Guinea,GNQ,2018,20165.0
Equatorial Guinea,GNQ,2019,18447.0
Equatorial Guinea,GNQ,2020,17089.0
Equatorial Guinea,GNQ,2021,16821.0
Equatorial Guinea,GNQ,2022,16933.0
Estonia,EST,2000,20527.0
Estonia,EST,2001,21873.0
Estonia,EST,2002,23538.0
Estonia,EST,2003,25485.0
Estonia,EST,2004,27382.0
Estonia,EST,2005,30161.0
Estonia,EST,2006,33301.0
Estonia,EST,2007,35987.0
Estonia,EST,2008,34234.0
Estonia,EST,2009,29282.0
Estonia,EST,2010,30068.0
Estonia,EST,2011,32453.0
Estonia,EST,2012,33765.0
Estonia,EST,2013,34481.0
Estonia,EST,2014,35720.0
Estonia,EST,2015,36353.0
Estonia,EST,2016,37467.0
Estonia,EST,2017,39530.0
Estonia,EST,2018,40850.0
Estonia,EST,2019,42215.0
Estonia,EST,2020,40917.0
Estonia,EST,2021,44247.0
Estonia,EST,2022,43125.0
Eswatini,SWZ,2000,6106.0
Eswatini,SWZ,2001,6135.0
Eswatini,SWZ,2002,6336.0
Eswatini,SWZ,2003,6578.0
Eswatini,SWZ,2004,6775.0
Eswatini,SWZ,2005,7142.0
Eswatini,SWZ,2006,7585.0
Eswatini,SWZ,2007,7867.0
Eswatini,SWZ,2008,7926.0
Eswatini,SWZ,2009,7989.0
Eswatini,SWZ,2010,8246.0
Eswatini,SWZ,2011,8351.0
Eswatini,SWZ,2012,8646.0
Eswatini,SWZ,2013,8951.0
Eswatini,SWZ,2014,9084.0
Eswatini,SWZ,2015,9187.0
Eswatini,SWZ,2016,9403.0
Eswatini,SWZ,2017,9661.0
Eswatini,SWZ,2018,9578.0
Eswatini,SWZ,2019,10100.0
Eswatini,SWZ,2020,9696.0
Eswatini,SWZ,2021,9990.0
Eswatini,SWZ,2022,9928.0
Ethiopia,ETH,2000,810.0
Ethiopia,ETH,2001,851.0
Ethiopia,ETH,2002,838.0
Ethiopia,ETH,2003,796.0
Ethiopia,ETH,2004,877.0
Ethiopia,ETH,2005,952.0
Ethiopia,ETH,2006,1025.0
Ethiopia,ETH,2007,1109.0
Ethiopia,ETH,2008,1194.0
Ethiopia,ETH,2009,1262.0
Ethiopia,ETH,2010,1381.0
Ethiopia,ETH,2011,1493.0
Ethiopia,ETH,2012,1577.0
Ethiopia,ETH,2013,1697.0
Ethiopia,ETH,2014,1821.0
Ethiopia,ETH,2015,1957.0
Ethiopia,ETH,2016,2085.0
Ethiopia,ETH,2017,2223.0
Ethiopia,ETH,2018,2311.0
Ethiopia,ETH,2019,2438.0
Ethiopia,ETH,2020,2517.0
Ethiopia,ETH,2021,2588.0
Ethiopia,ETH,2022,2656.0
Faroe Islands,FRO,2008,54263.0
Faroe Islands,FRO,2009,51535.0
Faroe Islands,FRO,2010,51480.0
Faroe Islands,FRO,2011,53441.0
Faroe Islands,FRO,2012,57525.0
Faroe Islands,FRO,2013,60950.0
Faroe Islands,FRO,2014,64019.0
Faroe Islands,FRO,2015,64010.0
Faroe Islands,FRO,2016,64156.0
Faroe Islands,FRO,2017,65462.0
Faroe Islands,FRO,2018,66192.0
Faroe Islands,FRO,2019,68137.0
Faroe Islands,FRO,2020,66038.0
Faroe Islands,FRO,2021,68433.0
Faroe Islands,FRO,2022,70268.0
Fiji,FJI,2000,9071.0
Fiji,FJI,2001,9158.0
Fiji,FJI,2002,9358.0
Fiji,FJI,2003,9361.0
Fiji,FJI,2004,9767.0
Fiji,FJI,2005,9746.0
Fiji,FJI,2006,9837.0
Fiji,FJI,2007,9672.0
Fiji,FJI,2008,9712.0
Fiji,FJI,2009,9537.0
Fiji,FJI,2010,9784.0
Fiji,FJI,2011,10021.0
Fiji,FJI,2012,10141.0
Fiji,FJI,2013,10604.0
Fiji,FJI,2014,11183.0
Fiji,FJI,2015,11674.0
Fiji,FJI,2016,11952.0
Fiji,FJI,2017,12597.0
Fiji,FJI,2018,13100.0
Fiji,FJI,2019,13056.0
Fiji,FJI,2020,10812.0
Fiji,FJI,2021,10322.0
Fiji,FJI,2022,12118.0
Finland,FIN,2000,46969.0
Finland,FIN,2001,48099.0
Finland,FIN,2002,48792.0
Finland,FIN,2003,49656.0
Finland,FIN,2004,51495.0
Finland,FIN,2005,52744.0
Finland,FIN,2006,54654.0
Finland,FIN,2007,57313.0
Finland,FIN,2008,57495.0
Finland,FIN,2009,52599.0
Finland,FIN,2010,54018.0
Finland,FIN,2011,55053.0
Finland,FIN,2012,53958.0
Finland,FIN,2013,53183.0
Finland,FIN,2014,52711.0
Finland,FIN,2015,52782.0
Finland,FIN,2016,53985.0
Finland,FIN,2017,55637.0
Finland,FIN,2018,56226.0
Finland,FIN,2019,56922.0
Finland,FIN,2020,55425.0
Finland,FIN,2021,56790.0
Finland,FIN,2022,57068.0
France,FRA,2000,45922.0
France,FRA,2001,46455.0
France,FRA,2002,46611.0
France,FRA,2003,46731.0
France,FRA,2004,47720.0
France,FRA,2005,48257.0
France,FRA,2006,49223.0
France,FRA,2007,50158.0
France,FRA,2008,50068.0
France,FRA,2009,48405.0
France,FRA,2010,49130.0
France,FRA,2011,50086.0
France,FRA,2012,49936.0
France,FRA,2013,50067.0
France,FRA,2014,50327.0
France,FRA,2015,50683.0
France,FRA,2016,50984.0
France,FRA,2017,51896.0
France,FRA,2018,52561.0
France,FRA,2019,53449.0
France,FRA,2020,49311.0
France,FRA,2021,52517.0
France,FRA,2022,53674.0
Gabon,GAB,2000,21717.0
Gabon,GAB,2001,21605.0
Gabon,GAB,2002,20981.0
Gabon,GAB,2003,20875.0
Gabon,GAB,2004,20439.0
Gabon,GAB,2005,20385.0
Gabon,GAB,2006,19224.0
Gabon,GAB,2007,19752.0
Gabon,GAB,2008,18493.0
Gabon,GAB,2009,17911.0
Gabon,GAB,2010,18531.0
Gabon,GAB,2011,19153.0
Gabon,GAB,2012,19450.0
Gabon,GAB,2013,19836.0
Gabon,GAB,2014,20009.0
Gabon,GAB,2015,20148.0
Gabon,GAB,2016,19988.0
Gabon,GAB,2017,19556.0
Gabon,GAB,2018,19226.0
Gabon,GAB,2019,19491.0
Gabon,GAB,2020,18681.0
Gabon,GAB,2021,18524.0
Gabon,GAB,2022,18662.0
Gambia,GMB,2000,2659.0
Gambia,GMB,2001,2738.0
Gambia,GMB,2002,2579.0
Gambia,GMB,2003,2682.0
Gambia,GMB,2004,2794.0
Gambia,GMB,2005,2654.0
Gambia,GMB,2006,2565.0
Gambia,GMB,2007,2567.0
Gambia,GMB,2008,2650.0
Gambia,GMB,2009,2745.0
Gambia,GMB,2010,2824.0
Gambia,GMB,2011,2520.0
Gambia,GMB,2012,2575.0
Gambia,GMB,2013,2572.0
Gambia,GMB,2014,2465.0
Gambia,GMB,2015,2496.0
Gambia,GMB,2016,2478.0
Gambia,GMB,2017,2533.0
Gambia,GMB,2018,2651.0
Gambia,GMB,2019,2751.0
Gambia,GMB,2020,2702.0
Gambia,GMB,2021,2778.0
Gambia,GMB,2022,2863.0
Georgia,GEO,2000,5706.0
Georgia,GEO,2001,6074.0
Georgia,GEO,2002,6464.0
Georgia,GEO,2003,7228.0
Georgia,GEO,2004,7694.0
Georgia,GEO,2005,8486.0
Georgia,GEO,2006,9338.0
Georgia,GEO,2007,10567.0
Georgia,GEO,2008,10856.0
Georgia,GEO,2009,10553.0
Georgia,GEO,2010,11294.0
Georgia,GEO,2011,12289.0
Georgia,GEO,2012,13194.0
Georgia,GEO,2013,13913.0
Georgia,GEO,2014,14475.0
Georgia,GEO,2015,14937.0
Georgia,GEO,2016,15443.0
Georgia,GEO,2017,16238.0
Georgia,GEO,2018,17229.0
Georgia,GEO,2019,18187.0
Georgia,GEO,2020,17031.0
Georgia,GEO,2021,18916.0
Georgia,GEO,2022,20967.0
Germany,DEU,2000,49956.0
Germany,DEU,2001,50688.0
Germany,DEU,2002,50487.0
Germany,DEU,2003,50192.0
Germany,DEU,2004,50786.0
Germany,DEU,2005,51265.0
Germany,DEU,2006,53307.0
Germany,DEU,2007,54921.0
Germany,DEU,2008,55514.0
Germany,DEU,2009,52569.0
Germany,DEU,2010,54826.0
Germany,DEU,2011,57951.0
Germany,DEU,2012,58110.0
Germany,DEU,2013,58182.0
Germany,DEU,2014,59203.0
Germany,DEU,2015,59669.0
Germany,DEU,2016,60505.0
Germany,DEU,2017,61965.0
Germany,DEU,2018,62481.0
Germany,DEU,2019,62950.0
Germany,DEU,2020,60300.0
Germany,DEU,2021,62631.0
Germany,DEU,2022,63778.0
Ghana,GHA,2000,3327.0
Ghana,GHA,2001,3370.0
Ghana,GHA,2002,3426.0
Ghana,GHA,2003,3508.0
Ghana,GHA,2004,3607.0
Ghana,GHA,2005,3721.0
Ghana,GHA,2006,3858.0
Ghana,GHA,2007,3923.0
Ghana,GHA,2008,4175.0
Ghana,GHA,2009,4269.0
Ghana,GHA,2010,4496.0
Ghana,GHA,2011,5005.0
Ghana,GHA,2012,5340.0
Ghana,GHA,2013,5594.0
Ghana,GHA,2014,5619.0
Ghana,GHA,2015,5607.0
Ghana,GHA,2016,5666.0
Ghana,GHA,2017,5994.0
Ghana,GHA,2018,6235.0
Ghana,GHA,2019,6508.0
Ghana,GHA,2020,6413.0
Ghana,GHA,2021,6608.0
Ghana,GHA,2022,6728.0
Greece,GRC,2000,31387.0
Greece,GRC,2001,32676.0
Greece,GRC,2002,34081.0
Greece,GRC,2003,35971.0
Greece,GRC,2004,37811.0
Greece,GRC,2005,38147.0
Greece,GRC,2006,40483.0
Greece,GRC,2007,41796.0
Greece,GRC,2008,41709.0
Greece,GRC,2009,39886.0
Greece,GRC,2010,37567.0
Greece,GRC,2011,33906.0
Greece,GRC,2012,31250.0
Greece,GRC,2013,30762.0
Greece,GRC,2014,31213.0
Greece,GRC,2015,31348.0
Greece,GRC,2016,31469.0
Greece,GRC,2017,31995.0
Greece,GRC,2018,32722.0
Greece,GRC,2019,33503.0
Greece,GRC,2020,30487.0
Greece,GRC,2021,33528.0
Greece,GRC,2022,35828.0
Greenland,GRL,2000,44992.0
Greenland,GRL,2001,45406.0
Greenland,GRL,2002,44793.0
Greenland,GRL,2003,46649.0
Greenland,GRL,2004,49742.0
Greenland,GRL,2005,52189.0
Greenland,GRL,2006,55244.0
Greenland,GRL,2007,56763.0
Greenland,GRL,2008,60506.0
Greenland,GRL,2009,61036.0
Greenland,GRL,2010,61863.0
Greenland,GRL,2011,61171.0
Greenland,GRL,2012,62111.0
Greenland,GRL,2013,61660.0
Greenland,GRL,2014,64799.0
Greenland,GRL,2015,63364.0
Greenland,GRL,2016,66246.0
Greenland,GRL,2017,66297.0
Greenland,GRL,2018,66888.0
Greenland,GRL,2019,68535.0
Greenland,GRL,2020,68534.0
Greenland,GRL,2021,69302.0
Greenland,GRL,2022,70681.0
Grenada,GRD,2000,11625.0
Grenada,GRD,2001,11333.0
Grenada,GRD,2002,11678.0
Grenada,GRD,2003,12727.0
Grenada,GRD,2004,12593.0
Grenada,GRD,2005,14212.0
Grenada,GRD,2006,13594.0
Grenada,GRD,2007,14376.0
Grenada,GRD,2008,14464.0
Grenada,GRD,2009,13464.0
Grenada,GRD,2010,13355.0
Grenada,GRD,2011,13398.0
Grenada,GRD,2012,13161.0
Grenada,GRD,2013,13386.0
Grenada,GRD,2014,14288.0
Grenada,GRD,2015,15137.0
Grenada,GRD,2016,15641.0
Grenada,GRD,2017,16291.0
Grenada,GRD,2018,16965.0
Grenada,GRD,2019,17037.0
Grenada,GRD,2020,14648.0
Grenada,GRD,2021,15290.0
Grenada,GRD,2022,16376.0
Guatemala,GTM,2000,8770.0
Guatemala,GTM,2001,8771.0
Guatemala,GTM,2002,8902.0
Guatemala,GTM,2003,8926.0
Guatemala,GTM,2004,9004.0
Guatemala,GTM,2005,9100.0
Guatemala,GTM,2006,9386.0
Guatemala,GTM,2007,9773.0
Guatemala,GTM,2008,9890.0
Guatemala,GTM,2009,9741.0
Guatemala,GTM,2010,9825.0
Guatemala,GTM,2011,10032.0
Guatemala,GTM,2012,10127.0
Guatemala,GTM,2013,10298.0
Guatemala,GTM,2014,10554.0
Guatemala,GTM,2015,10786.0
Guatemala,GTM,2016,10873.0
Guatemala,GTM,2017,11005.0
Guatemala,GTM,2018,11192.0
Guatemala,GTM,2019,11466.0
Guatemala,GTM,2020,11097.0
Guatemala,GTM,2021,11825.0
Guatemala,GTM,2022,12144.0
Guinea,GIN,2000,2358.0
Guinea,GIN,2001,2413.0
Guinea,GIN,2002,2498.0
Guinea,GIN,2003,2473.0
Guinea,GIN,2004,2478.0
Guinea,GIN,2005,2501.0
Guinea,GIN,2006,2479.0
Guinea,GIN,2007,2587.0
Guinea,GIN,2008,2630.0
Guinea,GIN,2009,2537.0
Guinea,GIN,2010,2595.0
Guinea,GIN,2011,2673.0
Guinea,GIN,2012,2763.0
Guinea,GIN,2013,2803.0
Guinea,GIN,2014,2835.0
Guinea,GIN,2015,2870.0
Guinea,GIN,2016,3100.0
Guinea,GIN,2017,3333.0
Guinea,GIN,2018,3456.0
Guinea,GIN,2019,3557.0
Guinea,GIN,2020,3631.0
Guinea,GIN,2021,3739.0
Guinea,GIN,2022,3792.0
Guinea-Bissau,GNB,2000,1975.0
Guinea-Bissau,GNB,2001,2026.0
Guinea-Bissau,GNB,2002,2054.0
Guinea-Bissau,GNB,2003,2002.0
Guinea-Bissau,GNB,2004,1980.0
Guinea-Bissau,GNB,2005,2061.0
Guinea-Bissau,GNB,2006,2065.0
Guinea-Bissau,GNB,2007,2066.0
Guinea-Bissau,GNB,2008,2106.0
Guinea-Bissau,GNB,2009,2103.0
Guinea-Bissau,GNB,2010,2164.0
Guinea-Bissau,GNB,2011,2279.0
Guinea-Bissau,GNB,2012,2181.0
Guinea-Bissau,GNB,2013,2193.0
Guinea-Bissau,GNB,2014,2156.0
Guinea-Bissau,GNB,2015,2231.0
Guinea-Bissau,GNB,2016,2293.0
Guinea-Bissau,GNB,2017,2343.0
Guinea-Bissau,GNB,2018,2374.0
Guinea-Bissau,GNB,2019,2442.0
Guinea-Bissau,GNB,2020,2456.0
Guinea-Bissau,GNB,2021,2522.0
Guinea-Bissau,GNB,2022,2601.0
Guyana,GUY,2000,8025.0
Guyana,GUY,2001,8212.0
Guyana,GUY,2002,8314.0
Guyana,GUY,2003,8267.0
Guyana,GUY,2004,8404.0
Guyana,GUY,2005,8257.0
Guyana,GUY,2006,8702.0
Guyana,GUY,2007,9354.0
Guyana,GUY,2008,9547.0
Guyana,GUY,2009,9925.0
Guyana,GUY,2010,10374.0
Guyana,GUY,2011,10959.0
Guyana,GUY,2012,11535.0
Guyana,GUY,2013,11897.0
Guyana,GUY,2014,12030.0
Guyana,GUY,2015,12040.0
Guyana,GUY,2016,12420.0
Guyana,GUY,2017,12802.0
Guyana,GUY,2018,12980.0
Guyana,GUY,2019,13402.0
Guyana,GUY,2020,19234.0
Guyana,GUY,2021,22866.0
Guyana,GUY,2022,37068.0
Haiti,HTI,2000,3238.0
Haiti,HTI,2001,3168.0
Haiti,HTI,2002,3145.0
Haiti,HTI,2003,3198.0
Haiti,HTI,2004,3103.0
Haiti,HTI,2005,3145.0
Haiti,HTI,2006,3146.0
Haiti,HTI,2007,3239.0
Haiti,HTI,2008,3270.0
Haiti,HTI,2009,3406.0
Haiti,HTI,2010,3177.0
Haiti,HTI,2011,3301.0
Haiti,HTI,2012,3266.0
Haiti,HTI,2013,3357.0
Haiti,HTI,2014,3404.0
Haiti,HTI,2015,3402.0
Haiti,HTI,2016,3416.0
Haiti,HTI,2017,3454.0
Haiti,HTI,2018,3465.0
Haiti,HTI,2019,3362.0
Haiti,HTI,2020,3211.0
Haiti,HTI,2021,3117.0
Haiti,HTI,2022,3030.0
Honduras,HND,2000,4580.0
Honduras,HND,2001,4579.0
Honduras,HND,2002,4627.0
Honduras,HND,2003,4715.0
Honduras,HND,2004,4885.0
Honduras,HND,2005,5057.0
Honduras,HND,2006,5263.0
Honduras,HND,2007,5462.0
Honduras,HND,2008,5567.0
Honduras,HND,2009,5314.0
Honduras,HND,2010,5396.0
Honduras,HND,2011,5488.0
Honduras,HND,2012,5601.0
Honduras,HND,2013,5644.0
Honduras,HND,2014,5705.0
Honduras,HND,2015,5813.0
Honduras,HND,2016,5926.0
Honduras,HND,2017,6100.0
Honduras,HND,2018,6219.0
Honduras,HND,2019,6264.0
Honduras,HND,2020,5603.0
Honduras,HND,2021,6203.0
Honduras,HND,2022,6353.0
Hong Kong,HKG,2000,39849.0
Hong Kong,HKG,2001,39778.0
Hong Kong,HKG,2002,40258.0
Hong Kong,HKG,2003,41571.0
Hong Kong,HKG,2004,44836.0
Hong Kong,HKG,2005,47939.0
Hong Kong,HKG,2006,50982.0
Hong Kong,HKG,2007,53813.0
Hong Kong,HKG,2008,54630.0
Hong Kong,HKG,2009,53172.0
Hong Kong,HKG,2010,56355.0
Hong Kong,HKG,2011,58673.0
Hong Kong,HKG,2012,59015.0
Hong Kong,HKG,2013,60602.0
Hong Kong,HKG,2014,61840.0
Hong Kong,HKG,2015,62780.0
Hong Kong,HKG,2016,63749.0
Hong Kong,HKG,2017,65663.0
Hong Kong,HKG,2018,66994.0
Hong Kong,HKG,2019,65388.0
Hong Kong,HKG,2020,61329.0
Hong Kong,HKG,2021,65885.0
Hong Kong,HKG,2022,64036.0
Hungary,HUN,2000,22118.0
Hungary,HUN,2001,23069.0
Hungary,HUN,2002,24229.0
Hungary,HUN,2003,25256.0
Hungary,HUN,2004,26568.0
Hungary,HUN,2005,27766.0
Hungary,HUN,2006,28903.0
Hungary,HUN,2007,29044.0
Hungary,HUN,2008,29384.0
Hungary,HUN,2009,27446.0
Hungary,HUN,2010,27802.0
Hungary,HUN,2011,28415.0
Hungary,HUN,2012,28180.0
Hungary,HUN,2013,28891.0
Hungary,HUN,2014,30265.0
Hungary,HUN,2015,31486.0
Hungary,HUN,2016,32379.0
Hungary,HUN,2017,33829.0
Hungary,HUN,2018,35798.0
Hungary,HUN,2019,37663.0
Hungary,HUN,2020,36120.0
Hungary,HUN,2021,38887.0
Hungary,HUN,2022,40611.0
Iceland,ISL,2000,50228.0
Iceland,ISL,2001,51468.0
Iceland,ISL,2002,51288.0
Iceland,ISL,2003,52096.0
Iceland,ISL,2004,55577.0
Iceland,ISL,2005,58549.0
Iceland,ISL,2006,60434.0
Iceland,ISL,2007,64075.0
Iceland,ISL,2008,63964.0
Iceland,ISL,2009,58441.0
Iceland,ISL,2010,57225.0
Iceland,ISL,2011,57838.0
Iceland,ISL,2012,58204.0
Iceland,ISL,2013,59730.0
Iceland,ISL,2014,60199.0
Iceland,ISL,2015,61820.0
Iceland,ISL,2016,64759.0
Iceland,ISL,2017,65463.0
Iceland,ISL,2018,66703.0
Iceland,ISL,2019,65995.0
Iceland,ISL,2020,60617.0
Iceland,ISL,2021,62721.0
Iceland,ISL,2022,66581.0
India,IND,2000,3010.0
India,IND,2001,3097.0
India,IND,2002,3157.0
India,IND,2003,3347.0
India,IND,2004,3551.0
India,IND,2005,3770.0
India,IND,2006,4011.0
India,IND,2007,4254.0
India,IND,2008,4322.0
India,IND,2009,4595.0
India,IND,2010,4914.0
India,IND,2011,5099.0
India,IND,2012,5304.0
India,IND,2013,5567.0
India,IND,2014,5905.0
India,IND,2015,6302.0
India,IND,2016,6741.0
India,IND,2017,7116.0
India,IND,2018,7493.0
India,IND,2019,7702.0
India,IND,2020,7187.0
India,IND,2021,7819.0
India,IND,2022,8347.0
Indonesia,IDN,2000,6056.0
Indonesia,IDN,2001,6191.0
Indonesia,IDN,2002,6382.0
Indonesia,IDN,2003,6599.0
Indonesia,IDN,2004,6844.0
Indonesia,IDN,2005,7141.0
Indonesia,IDN,2006,7434.0
Indonesia,IDN,2007,7802.0
Indonesia,IDN,2008,8165.0
Indonesia,IDN,2009,8435.0
Indonesia,IDN,2010,8848.0
Indonesia,IDN,2011,9275.0
Indonesia,IDN,2012,9709.0
Indonesia,IDN,2013,10122.0
Indonesia,IDN,2014,10504.0
Indonesia,IDN,2015,10894.0
Indonesia,IDN,2016,11320.0
Indonesia,IDN,2017,11773.0
Indonesia,IDN,2018,12262.0
Indonesia,IDN,2019,12758.0
Indonesia,IDN,2020,12389.0
Indonesia,IDN,2021,12757.0
Indonesia,IDN,2022,13334.0
Iran,IRN,2000,11643.0
Iran,IRN,2001,11739.0
Iran,IRN,2002,12583.0
Iran,IRN,2003,13519.0
Iran,IRN,2004,13807.0
Iran,IRN,2005,13936.0
Iran,IRN,2006,14321.0
Iran,IRN,2007,15237.0
Iran,IRN,2008,15091.0
Iran,IRN,2009,15055.0
Iran,IRN,2010,15730.0
Iran,IRN,2011,15948.0
Iran,IRN,2012,15159.0
Iran,IRN,2013,14735.0
Iran,IRN,2014,15263.0
Iran,IRN,2015,14842.0
Iran,IRN,2016,15920.0
Iran,IRN,2017,16168.0
Iran,IRN,2018,15365.0
Iran,IRN,2019,14841.0
Iran,IRN,2020,15382.0
Iran,IRN,2021,15884.0
Iran,IRN,2022,16378.0
Iraq,IRQ,2000,12702.0
Iraq,IRQ,2001,12530.0
Iraq,IRQ,2002,11144.0
Iraq,IRQ,2003,6849.0
Iraq,IRQ,2004,10211.0
Iraq,IRQ,2005,10078.0
Iraq,IRQ,2006,10569.0
Iraq,IRQ,2007,10854.0
Iraq,IRQ,2008,11512.0
Iraq,IRQ,2009,11471.0
Iraq,IRQ,2010,11817.0
Iraq,IRQ,2011,12268.0
Iraq,IRQ,2012,13357.0
Iraq,IRQ,2013,13713.0
Iraq,IRQ,2014,13537.0
Iraq,IRQ,2015,13516.0
Iraq,IRQ,2016,15016.0
Iraq,IRQ,2017,14418.0
Iraq,IRQ,2018,14456.0
Iraq,IRQ,2019,14910.0
Iraq,IRQ,2020,12828.0
Iraq,IRQ,2021,12732.0
Iraq,IRQ,2022,13433.0
Ireland,IRL,2000,53583.0
Ireland,IRL,2001,55535.0
Ireland,IRL,2002,57828.0
Ireland,IRL,2003,58608.0
Ireland,IRL,2004,61453.0
Ireland,IRL,2005,63580.0
Ireland,IRL,2006,64975.0
Ireland,IRL,2007,66476.0
Ireland,IRL,2008,62214.0
Ireland,IRL,2009,58447.0
Ireland,IRL,2010,59107.0
Ireland,IRL,2011,59797.0
Ireland,IRL,2012,59303.0
Ireland,IRL,2013,60285.0
Ireland,IRL,2014,65463.0
Ireland,IRL,2015,80816.0
Ireland,IRL,2016,80760.0
Ireland,IRL,2017,87732.0
Ireland,IRL,2018,93116.0
Ireland,IRL,2019,96206.0
Ireland,IRL,2020,101793.0
Ireland,IRL,2021,116703.0
Ireland,IRL,2022,123007.0
Israel,ISR,2000,33279.0
Israel,ISR,2001,32591.0
Israel,ISR,2002,31893.0
Israel,ISR,2003,31771.0
Israel,ISR,2004,32666.0
Israel,ISR,2005,33492.0
Israel,ISR,2006,34745.0
Israel,ISR,2007,36288.0
Israel,ISR,2008,36795.0
Israel,ISR,2009,36365.0
Israel,ISR,2010,37686.0
Israel,ISR,2011,39036.0
Israel,ISR,2012,39246.0
Israel,ISR,2013,40095.0
Israel,ISR,2014,40796.0
Israel,ISR,2015,40890.0
Israel,ISR,2016,41915.0
Israel,ISR,2017,42896.0
Israel,ISR,2018,43783.0
Israel,ISR,2019,44492.0
Israel,ISR,2020,42927.0
Israel,ISR,2021,46151.0
Israel,ISR,2022,48132.0
Italy,ITA,2000,50353.0
Italy,ITA,2001,51332.0
Italy,ITA,2002,51369.0
Italy,ITA,2003,51126.0
Italy,ITA,2004,51495.0
Italy,ITA,2005,51586.0
Italy,ITA,2006,52304.0
Italy,ITA,2007,52747.0
Italy,ITA,2008,51806.0
Italy,ITA,2009,48774.0
Italy,ITA,2010,49302.0
Italy,ITA,2011,49473.0
Italy,ITA,2012,47796.0
Italy,ITA,2013,46833.0
Italy,ITA,2014,46826.0
Italy,ITA,2015,47312.0
Italy,ITA,2016,47988.0
Italy,ITA,2017,48849.0
Italy,ITA,2018,49356.0
Italy,ITA,2019,49691.0
Italy,ITA,2020,45505.0
Italy,ITA,2021,49825.0
Italy,ITA,2022,52333.0
Jamaica,JAM,2000,9668.0
Jamaica,JAM,2001,9736.0
Jamaica,JAM,2002,9870.0
Jamaica,JAM,2003,10170.0
Jamaica,JAM,2004,10244.0
Jamaica,JAM,2005,10279.0
Jamaica,JAM,2006,10522.0
Jamaica,JAM,2007,10622.0
Jamaica,JAM,2008,10490.0
Jamaica,JAM,2009,9993.0
Jamaica,JAM,2010,9806.0
Jamaica,JAM,2011,9932.0
Jamaica,JAM,2012,9829.0
Jamaica,JAM,2013,9840.0
Jamaica,JAM,2014,9872.0
Jamaica,JAM,2015,9932.0
Jamaica,JAM,2016,10179.0
Jamaica,JAM,2017,10391.0
Jamaica,JAM,2018,10636.0
Jamaica,JAM,2019,10816.0
Jamaica,JAM,2020,9892.0
Jamaica,JAM,2021,10431.0
Jamaica,JAM,2022,11097.0
Japan,JPN,2000,39732.0
Japan,JPN,2001,39749.0
Japan,JPN,2002,39690.0
Japan,JPN,2003,40152.0
Japan,JPN,2004,40987.0
Japan,JPN,2005,41740.0
Japan,JPN,2006,42359.0
Japan,JPN,2007,43042.0
Japan,JPN,2008,42519.0
Japan,JPN,2009,40000.0
Japan,JPN,2010,41647.0
Japan,JPN,2011,41641.0
Japan,JPN,2012,42395.0
Japan,JPN,2013,43304.0
Japan,JPN,2014,43754.0
Japan,JPN,2015,44589.0
Japan,JPN,2016,44927.0
Japan,JPN,2017,45693.0
Japan,JPN,2018,46133.0
Japan,JPN,2019,46055.0
Japan,JPN,2020,44213.0
Japan,JPN,2021,45999.0
Japan,JPN,2022,46819.0
Jordan,JOR,2000,8782.0
Jordan,JOR,2001,9056.0
Jordan,JOR,2002,9380.0
Jordan,JOR,2003,9556.0
Jordan,JOR,2004,10128.0
Jordan,JOR,2005,10685.0
Jordan,JOR,2006,10835.0
Jordan,JOR,2007,11034.0
Jordan,JOR,2008,11556.0
Jordan,JOR,2009,11889.0
Jordan,JOR,2010,11943.0
Jordan,JOR,2011,11988.0
Jordan,JOR,2012,12104.0
Jordan,JOR,2013,11804.0
Jordan,JOR,2014,11087.0
Jordan,JOR,2015,10470.0
Jordan,JOR,2016,10198.0
Jordan,JOR,2017,10220.0
Jordan,JOR,2018,10183.0
Jordan,JOR,2019,10168.0
Jordan,JOR,2020,9872.0
Jordan,JOR,2021,10057.0
Jordan,JOR,2022,10158.0
Kazakhstan,KAZ,2000,12936.0
Kazakhstan,KAZ,2001,14612.0
Kazakhstan,KAZ,2002,15961.0
Kazakhstan,KAZ,2003,17345.0
Kazakhstan,KAZ,2004,18887.0
Kazakhstan,KAZ,2005,20566.0
Kazakhstan,KAZ,2006,22574.0
Kazakhstan,KAZ,2007,24351.0
Kazakhstan,KAZ,2008,24896.0
Kazakhstan,KAZ,2009,24901.0
Kazakhstan,KAZ,2010,26375.0
Kazakhstan,KAZ,2011,27946.0
Kazakhstan,KAZ,2012,28881.0
Kazakhstan,KAZ,2013,30177.0
Kazakhstan,KAZ,2014,30986.0
Kazakhstan,KAZ,2015,30894.0
Kazakhstan,KAZ,2016,30758.0
Kazakhstan,KAZ,2017,31524.0
Kazakhstan,KAZ,2018,32330.0
Kazakhstan,KAZ,2019,33298.0
Kazakhstan,KAZ,2020,32012.0
Kazakhstan,KAZ,2021,32946.0
Kazakhstan,KAZ,2022,33506.0
Kenya,KEN,2000,3757.0
Kenya,KEN,2001,3778.0
Kenya,KEN,2002,3681.0
Kenya,KEN,2003,3674.0
Kenya,KEN,2004,3744.0
Kenya,KEN,2005,3845.0
Kenya,KEN,2006,3971.0
Kenya,KEN,2007,4116.0
Kenya,KEN,2008,4003.0
Kenya,KEN,2009,4012.0
Kenya,KEN,2010,4212.0
Kenya,KEN,2011,4307.0
Kenya,KEN,2012,4388.0
Kenya,KEN,2013,4443.0
Kenya,KEN,2014,4559.0
Kenya,KEN,2015,4680.0
Kenya,KEN,2016,4770.0
Kenya,KEN,2017,4847.0
Kenya,KEN,2018,5018.0
Kenya,KEN,2019,5172.0
Kenya,KEN,2020,5057.0
Kenya,KEN,2021,5339.0
Kenya,KEN,2022,5492.0
Kiribati,KIR,2000,2482.0
Kiribati,KIR,2001,2358.0
Kiribati,KIR,2002,2342.0
Kiribati,KIR,2003,2258.0
Kiribati,KIR,2004,2200.0
Kiribati,KIR,2005,2184.0
Kiribati,KIR,2006,2264.0
Kiribati,KIR,2007,2287.0
Kiribati,KIR,2008,2173.0
Kiribati,KIR,2009,2138.0
Kiribati,KIR,2010,2120.0
Kiribati,KIR,2011,2151.0
Kiribati,KIR,2012,2242.0
Kiribati,KIR,2013,2383.0
Kiribati,KIR,2014,2382.0
Kiribati,KIR,2015,2616.0
Kiribati,KIR,2016,2762.0
Kiribati,KIR,2017,2822.0
Kiribati,KIR,2018,2875.0
Kiribati,KIR,2019,2927.0
Kiribati,KIR,2020,2839.0
Kiribati,KIR,2021,3024.0
Kiribati,KIR,2022,3127.0
Kuwait,KWT,2000,60585.0
Kuwait,KWT,2001,59100.0
Kuwait,KWT,2002,59349.0
Kuwait,KWT,2003,67984.0
Kuwait,KWT,2004,73298.0
Kuwait,KWT,2005,78194.0
Kuwait,KWT,2006,79521.0
Kuwait,KWT,2007,79475.0
Kuwait,KWT,2008,77037.0
Kuwait,KWT,2009,67896.0
Kuwait,KWT,2010,62956.0
Kuwait,KWT,2011,64844.0
Kuwait,KWT,2012,64908.0
Kuwait,KWT,2013,62459.0
Kuwait,KWT,2014,60066.0
Kuwait,KWT,2015,57764.0
Kuwait,KWT,2016,56937.0
Kuwait,KWT,2017,52286.0
Kuwait,KWT,2018,51624.0
Kuwait,KWT,2019,51381.0
Kuwait,KWT,2020,49373.0
Kuwait,KWT,2021,50652.0
Kuwait,KWT,2022,51380.0
Kyrgyzstan,KGZ,2000,3638.0
Kyrgyzstan,KGZ,2001,3796.0
Kyrgyzstan,KGZ,2002,3761.0
Kyrgyzstan,KGZ,2003,3983.0
Kyrgyzstan,KGZ,2004,4212.0
Kyrgyzstan,KGZ,2005,4157.0
Kyrgyzstan,KGZ,2006,4240.0
Kyrgyzstan,KGZ,2007,4559.0
Kyrgyzstan,KGZ,2008,4895.0
Kyrgyzstan,KGZ,2009,4970.0
Kyrgyzstan,KGZ,2010,4876.0
Kyrgyzstan,KGZ,2011,5093.0
Kyrgyzstan,KGZ,2012,4993.0
Kyrgyzstan,KGZ,2013,5419.0
Kyrgyzstan,KGZ,2014,5514.0
Kyrgyzstan,KGZ,2015,5600.0
Kyrgyzstan,KGZ,2016,5715.0
Kyrgyzstan,KGZ,2017,5861.0
Kyrgyzstan,KGZ,2018,5952.0
Kyrgyzstan,KGZ,2019,6088.0
Kyrgyzstan,KGZ,2020,5538.0
Kyrgyzstan,KGZ,2021,5736.0
Kyrgyzstan,KGZ,2022,6140.0
Laos,LAO,2000,2899.0
Laos,LAO,2001,3016.0
Laos,LAO,2002,3143.0
Laos,LAO,2003,3283.0
Laos,LAO,2004,3441.0
Laos,LAO,2005,3631.0
Laos,LAO,2006,3882.0
Laos,LAO,2007,4112.0
Laos,LAO,2008,4367.0
Laos,LAO,2009,4625.0
Laos,LAO,2010,4946.0
Laos,LAO,2011,5267.0
Laos,LAO,2012,5609.0
Laos,LAO,2013,5974.0
Laos,LAO,2014,6341.0
Laos,LAO,2015,6704.0
Laos,LAO,2016,7063.0
Laos,LAO,2017,7432.0
Laos,LAO,2018,7775.0
Laos,LAO,2019,8075.0
Laos,LAO,2020,7996.0
Laos,LAO,2021,8080.0
Laos,LAO,2022,8183.0
Latvia,LVA,2000,14554.0
Latvia,LVA,2001,15696.0
Latvia,LVA,2002,17097.0
Latvia,LVA,2003,18718.0
Latvia,LVA,2004,20574.0
Latvia,LVA,2005,23213.0
Latvia,LVA,2006,26432.0
Latvia,LVA,2007,29424.0
Latvia,LVA,2008,28727.0
Latvia,LVA,2009,24521.0
Latvia,LVA,2010,24120.0
Latvia,LVA,2011,25309.0
Latvia,LVA,2012,27497.0
Latvia,LVA,2013,28375.0
Latvia,LVA,2014,29244.0
Latvia,LVA,2015,30600.0
Latvia,LVA,2016,31669.0
Latvia,LVA,2017,33036.0
Latvia,LVA,2018,34730.0
Latvia,LVA,2019,35208.0
Latvia,LVA,2020,34226.0
Latvia,LVA,2021,36912.0
Latvia,LVA,2022,37719.0
Lebanon,LBN,2000,11572.0
Lebanon,LBN,2001,11818.0
Lebanon,LBN,2002,12054.0
Lebanon,LBN,2003,12272.0
Lebanon,LBN,2004,12882.0
Lebanon,LBN,2005,13025.0
Lebanon,LBN,2006,13004.0
Lebanon,LBN,2007,13942.0
Lebanon,LBN,2008,14955.0
Lebanon,LBN,2009,16264.0
Lebanon,LBN,2010,17391.0
Lebanon,LBN,2011,17353.0
Lebanon,LBN,2012,17323.0
Lebanon,LBN,2013,16396.0
Lebanon,LBN,2014,15206.0
Lebanon,LBN,2015,14980.0
Lebanon,LBN,2016,15572.0
Lebanon,LBN,2017,16129.0
Lebanon,LBN,2018,16290.0
Lebanon,LBN,2019,15660.0
Lebanon,LBN,2020,12507.0
Lebanon,LBN,2021,11600.0
Lebanon,LBN,2022,11475.0
Lesotho,LSO,2000,1932.0
Lesotho,LSO,2001,2004.0
Lesotho,LSO,2002,2025.0
Lesotho,LSO,2003,2127.0
Lesotho,LSO,2004,2179.0
Lesotho,LSO,2005,2275.0
Lesotho,LSO,2006,2381.0
Lesotho,LSO,2007,2470.0
Lesotho,LSO,2008,2589.0
Lesotho,LSO,2009,2538.0
Lesotho,LSO,2010,2651.0
Lesotho,LSO,2011,2749.0
Lesotho,LSO,2012,2894.0
Lesotho,LSO,2013,2914.0
Lesotho,LSO,2014,2931.0
Lesotho,LSO,2015,2987.0
Lesotho,LSO,2016,3057.0
Lesotho,LSO,2017,2925.0
Lesotho,LSO,2018,2846.0
Lesotho,LSO,2019,2773.0
Lesotho,LSO,2020,2517.0
Lesotho,LSO,2021,2545.0
Lesotho,LSO,2022,2578.0
Liberia,LBR,2000,1868.0
Liberia,LBR,2001,1867.0
Liberia,LBR,2002,1888.0
Liberia,LBR,2003,1308.0
Liberia,LBR,2004,1327.0
Liberia,LBR,2005,1336.0
Liberia,LBR,2006,1365.0
Liberia,LBR,2007,1422.0
Liberia,LBR,2008,1463.0
Liberia,LBR,2009,1493.0
Liberia,LBR,2010,1539.0
Liberia,LBR,2011,1601.0
Liberia,LBR,2012,1669.0
Liberia,LBR,2013,1775.0
Liberia,LBR,2014,1750.0
Liberia,LBR,2015,1714.0
Liberia,LBR,2016,1653.0
Liberia,LBR,2017,1661.0
Liberia,LBR,2018,1648.0
Liberia,LBR,2019,1576.0
Liberia,LBR,2020,1497.0
Liberia,LBR,2021,1539.0
Liberia,LBR,2022,1579.0
Libya,LBY,2000,17747.0
Libya,LBY,2001,17116.0
Libya,LBY,2002,16629.0
Libya,LBY,2003,18423.0
Libya,LBY,2004,18851.0
Libya,LBY,2005,20649.0
Libya,LBY,2006,21545.0
Libya,LBY,2007,22422.0
Libya,LBY,2008,21915.0
Libya,LBY,2009,20519.0
Libya,LBY,2010,21116.0
Libya,LBY,2011,10742.0
Libya,LBY,2012,20601.0
Libya,LBY,2013,16558.0
Libya,LBY,2014,12499.0
Libya,LBY,2015,12195.0
Libya,LBY,2016,11832.0
Libya,LBY,2017,15428.0
Libya,LBY,2018,16385.0
Libya,LBY,2019,14337.0
Libya,LBY,2020,9979.0
Libya,LBY,2021,12642.0
Libya,LBY,2022,11450.0
Lithuania,LTU,2000,15777.0
Lithuania,LTU,2001,16939.0
Lithuania,LTU,2002,18223.0
Lithuania,LTU,2003,20311.0
Lithuania,LTU,2004,21876.0
Lithuania,LTU,2005,23954.0
Lithuania,LTU,2006,26139.0
Lithuania,LTU,2007,29382.0
Lithuania,LTU,2008,30457.0
Lithuania,LTU,2009,26228.0
Lithuania,LTU,2010,26898.0
Lithuania,LTU,2011,29252.0
Lithuania,LTU,2012,30932.0
Lithuania,LTU,2013,32487.0
Lithuania,LTU,2014,33988.0
Lithuania,LTU,2015,35265.0
Lithuania,LTU,2016,36632.0
Lithuania,LTU,2017,38789.0
Lithuania,LTU,2018,41035.0
Lithuania,LTU,2019,43079.0
Lithuania,LTU,2020,43108.0
Lithuania,LTU,2021,45897.0
Lithuania,LTU,2022,46643.0
Luxembourg,LUX,2000,114148.0
Luxembourg,LUX,2001,116265.0
Luxembourg,LUX,2002,118764.0
Luxembourg,LUX,2003,120403.0
Luxembourg,LUX,2004,123726.0
Luxembourg,LUX,2005,124872.0
Luxembourg,LUX,2006,130290.0
Luxembourg,LUX,2007,138683.0
Luxembourg,LUX,2008,135815.0
Luxembourg,LUX,2009,129005.0
Luxembourg,LUX,2010,131434.0
Luxembourg,LUX,2011,129888.0
Luxembourg,LUX,2012,128897.0
Luxembourg,LUX,2013,129947.0
Luxembourg,LUX,2014,130250.0
Luxembourg,LUX,2015,130097.0
Luxembourg,LUX,2016,133662.0
Luxembourg,LUX,2017,132170.0
Luxembourg,LUX,2018,131734.0
Luxembourg,LUX,2019,132725.0
Luxembourg,LUX,2020,129866.0
Luxembourg,LUX,2021,136772.0
Luxembourg,LUX,2022,132571.0
Macao,MAC,2000,55995.0
Macao,MAC,2001,57174.0
Macao,MAC,2002,61626.0
Macao,MAC,2003,67995.0
Macao,MAC,2004,84004.0
Macao,MAC,2005,87186.0
Macao,MAC,2006,93828.0
Macao,MAC,2007,102880.0
Macao,MAC,2008,102475.0
Macao,MAC,2009,104911.0
Macao,MAC,2010,130758.0
Macao,MAC,2011,155385.0
Macao,MAC,2012,164239.0
Macao,MAC,2013,174570.0
Macao,MAC,2014,162813.0
Macao,MAC,2015,123194.0
Macao,MAC,2016,120530.0
Macao,MAC,2017,133323.0
Macao,MAC,2018,139541.0
Macao,MAC,2019,133454.0
Macao,MAC,2020,59662.0
Macao,MAC,2021,73374.0
Macao,MAC,2022,59921.0
Madagascar,MDG,2000,1701.0
Madagascar,MDG,2001,1749.0
Madagascar,MDG,2002,1486.0
Madagascar,MDG,2003,1585.0
Madagascar,MDG,2004,1620.0
Madagascar,MDG,2005,1648.0
Madagascar,MDG,2006,1687.0
Madagascar,MDG,2007,1732.0
Madagascar,MDG,2008,1794.0
Madagascar,MDG,2009,1673.0
Madagascar,MDG,2010,1635.0
Madagascar,MDG,2011,1615.0
Madagascar,MDG,2012,1618.0
Madagascar,MDG,2013,1611.0
Madagascar,MDG,2014,1620.0
Madagascar,MDG,2015,1628.0
Madagascar,MDG,2016,1649.0
Madagascar,MDG,2017,1670.0
Madagascar,MDG,2018,1679.0
Madagascar,MDG,2019,1708.0
Madagascar,MDG,2020,1546.0
Madagascar,MDG,2021,1577.0
Madagascar,MDG,2022,1602.0
Malawi,MWI,2000,1239.0
Malawi,MWI,2001,1150.0
Malawi,MWI,2002,1141.0
Malawi,MWI,2003,1176.0
Malawi,MWI,2004,1208.0
Malawi,MWI,2005,1215.0
Malawi,MWI,2006,1237.0
Malawi,MWI,2007,1318.0
Malawi,MWI,2008,1378.0
Malawi,MWI,2009,1450.0
Malawi,MWI,2010,1504.0
Malawi,MWI,2011,1533.0
Malawi,MWI,2012,1518.0
Malawi,MWI,2013,1556.0
Malawi,MWI,2014,1598.0
Malawi,MWI,2015,1598.0
Malawi,MWI,2016,1594.0
Malawi,MWI,2017,1613.0
Malawi,MWI,2018,1639.0
Malawi,MWI,2019,1687.0
Malawi,MWI,2020,1656.0
Malawi,MWI,2021,1688.0
Malawi,MWI,2022,1660.0
Malaysia,MYS,2000,18533.0
Malaysia,MYS,2001,18186.0
Malaysia,MYS,2002,18709.0
Malaysia,MYS,2003,19329.0
Malaysia,MYS,2004,20169.0
Malaysia,MYS,2005,20768.0
Malaysia,MYS,2006,21444.0
Malaysia,MYS,2007,22305.0
Malaysia,MYS,2008,22898.0
Malaysia,MYS,2009,22107.0
Malaysia,MYS,2010,23308.0
Malaysia,MYS,2011,24116.0
Malaysia,MYS,2012,25006.0
Malaysia,MYS,2013,25736.0
Malaysia,MYS,2014,26818.0
Malaysia,MYS,2015,27700.0
Malaysia,MYS,2016,28425.0
Malaysia,MYS,2017,29552.0
Malaysia,MYS,2018,30460.0
Malaysia,MYS,2019,31301.0
Malaysia,MYS,2020,29200.0
Malaysia,MYS,2021,29823.0
Malaysia,MYS,2022,32129.0
Maldives,MDV,2000,13738.0
Maldives,MDV,2001,12978.0
Maldives,MDV,2002,13690.0
Maldives,MDV,2003,15316.0
Maldives,MDV,2004,15959.0
Maldives,MDV,2005,13943.0
Maldives,MDV,2006,16830.0
Maldives,MDV,2007,17440.0
Maldives,MDV,2008,18344.0
Maldives,MDV,2009,16230.0
Maldives,MDV,2010,16730.0
Maldives,MDV,2011,17582.0
Maldives,MDV,2012,17390.0
Maldives,MDV,2013,17987.0
Maldives,MDV,2014,18765.0
Maldives,MDV,2015,18829.0
Maldives,MDV,2016,19345.0
Maldives,MDV,2017,20037.0
Maldives,MDV,2018,21073.0
Maldives,MDV,2019,21856.0
Maldives,MDV,2020,14243.0
Maldives,MDV,2021,19053.0
Maldives,MDV,2022,21358.0
Mali,MLI,2000,2188.0
Mali,MLI,2001,2458.0
Mali,MLI,2002,2456.0
Mali,MLI,2003,2612.0
Mali,MLI,2004,2566.0
Mali,MLI,2005,2546.0
Mali,MLI,2006,2555.0
Mali,MLI,2007,2516.0
Mali,MLI,2008,2523.0
Mali,MLI,2009,2576.0
Mali,MLI,2010,2632.0
Mali,MLI,2011,2623.0
Mali,MLI,2012,2521.0
Mali,MLI,2013,2529.0
Mali,MLI,2014,2609.0
Mali,MLI,2015,2687.0
Mali,MLI,2016,2759.0
Mali,MLI,2017,2816.0
Mali,MLI,2018,2862.0
Mali,MLI,2019,2916.0
Mali,MLI,2020,2796.0
Mali,MLI,2021,2796.0
Mali,MLI,2022,2814.0
Malta,MLT,2000,31068.0
Malta,MLT,2001,30602.0
Malta,MLT,2002,31207.0
Malta,MLT,2003,32148.0
Malta,MLT,2004,32063.0
Malta,MLT,2005,32777.0
Malta,MLT,2006,33421.0
Malta,MLT,2007,34982.0
Malta,MLT,2008,36288.0
Malta,MLT,2009,35513.0
Malta,MLT,2010,37529.0
Malta,MLT,2011,37741.0
Malta,MLT,2012,38937.0
Malta,MLT,2013,40921.0
Malta,MLT,2014,43163.0
Malta,MLT,2015,46172.0
Malta,MLT,2016,46967.0
Malta,MLT,2017,51628.0
Malta,MLT,2018,53419.0
Malta,MLT,2019,53393.0
Malta,MLT,2020,50390.0
Malta,MLT,2021,56824.0
Malta,MLT,2022,56874.0
Marshall Islands,MHL,2000,3773.0
Marshall Islands,MHL,2001,4001.0
Marshall Islands,MHL,2002,4122.0
Marshall Islands,MHL,2003,4041.0
Marshall Islands,MHL,2004,4013.0
Marshall Islands,MHL,2005,4076.0
Marshall Islands,MHL,2006,4076.0
Marshall Islands,MHL,2007,4223.0
Marshall Islands,MHL,2008,3904.0
Marshall Islands,MHL,2009,4048.0
Marshall Islands,MHL,2010,4270.0
Marshall Islands,MHL,2011,4260.0
Marshall Islands,MHL,2012,4245.0
Marshall Islands,MHL,2013,4470.0
Marshall Islands,MHL,2014,4493.0
Marshall Islands,MHL,2015,4671.0
Marshall Islands,MHL,2016,4897.0
Marshall Islands,MHL,2017,5200.0
Marshall Islands,MHL,2018,5636.0
Marshall Islands,MHL,2019,6406.0
Marshall Islands,MHL,2020,6418.0
Marshall Islands,MHL,2021,6769.0
Marshall Islands,MHL,2022,6938.0
Mauritania,MRT,2000,5009.0
Mauritania,MRT,2001,4847.0
Mauritania,MRT,2002,4807.0
Mauritania,MRT,2003,5024.0
Mauritania,MRT,2004,5139.0
Mauritania,MRT,2005,5446.0
Mauritania,MRT,2006,6285.0
Mauritania,MRT,2007,6003.0
Mauritania,MRT,2008,5813.0
Mauritania,MRT,2009,5640.0
Mauritania,MRT,2010,5606.0
Mauritania,MRT,2011,5653.0
Mauritania,MRT,2012,5716.0
Mauritania,MRT,2013,5770.0
Mauritania,MRT,2014,5838.0
Mauritania,MRT,2015,5970.0
Mauritania,MRT,2016,5866.0
Mauritania,MRT,2017,6051.0
Mauritania,MRT,2018,6154.0
Mauritania,MRT,2019,6162.0
Mauritania,MRT,2020,5963.0
Mauritania,MRT,2021,5837.0
Mauritania,MRT,2022,6053.0
Mauritius,MUS,2000,13374.0
Mauritius,MUS,2001,13713.0
Mauritius,MUS,2002,13838.0
Mauritius,MUS,2003,14552.0
Mauritius,MUS,2004,15087.0
Mauritius,MUS,2005,15265.0
Mauritius,MUS,2006,15933.0
Mauritius,MUS,2007,16775.0
Mauritius,MUS,2008,17627.0
Mauritius,MUS,2009,18172.0
Mauritius,MUS,2010,18926.0
Mauritius,MUS,2011,19679.0
Mauritius,MUS,2012,20313.0
Mauritius,MUS,2013,20952.0
Mauritius,MUS,2014,21721.0
Mauritius,MUS,2015,22499.0
Mauritius,MUS,2016,23357.0
Mauritius,MUS,2017,24259.0
Mauritius,MUS,2018,25244.0
Mauritius,MUS,2019,25958.0
Mauritius,MUS,2020,22273.0
Mauritius,MUS,2021,23010.0
Mauritius,MUS,2022,25005.0
Mexico,MEX,2000,20470.0
Mexico,MEX,2001,20078.0
Mexico,MEX,2002,19745.0
Mexico,MEX,2003,19701.0
Mexico,MEX,2004,20127.0
Mexico,MEX,2005,20277.0
Mexico,MEX,2006,20966.0
Mexico,MEX,2007,21102.0
Mexico,MEX,2008,20993.0
Mexico,MEX,2009,19386.0
Mexico,MEX,2010,20058.0
Mexico,MEX,2011,20458.0
Mexico,MEX,2012,20899.0
Mexico,MEX,2013,20805.0
Mexico,MEX,2014,21070.0
Mexico,MEX,2015,21409.0
Mexico,MEX,2016,21578.0
Mexico,MEX,2017,21778.0
Mexico,MEX,2018,21998.0
Mexico,MEX,2019,21704.0
Mexico,MEX,2020,19728.0
Mexico,MEX,2021,20783.0
Mexico,MEX,2022,21392.0
Micronesia (country),FSM,2000,3564.0
Micronesia (country),FSM,2001,3618.0
Micronesia (country),FSM,2002,3632.0
Micronesia (country),FSM,2003,3701.0
Micronesia (country),FSM,2004,3595.0
Micronesia (country),FSM,2005,3710.0
Micronesia (country),FSM,2006,3718.0
Micronesia (country),FSM,2007,3684.0
Micronesia (country),FSM,2008,3622.0
Micronesia (country),FSM,2009,3702.0
Micronesia (country),FSM,2010,3780.0
Micronesia (country),FSM,2011,3917.0
Micronesia (country),FSM,2012,3847.0
Micronesia (country),FSM,2013,3697.0
Micronesia (country),FSM,2014,3593.0
Micronesia (country),FSM,2015,3739.0
Micronesia (country),FSM,2016,3774.0
Micronesia (country),FSM,2017,3838.0
Micronesia (country),FSM,2018,3839.0
Micronesia (country),FSM,2019,3965.0
Micronesia (country),FSM,2020,3861.0
Micronesia (country),FSM,2021,3956.0
Micronesia (country),FSM,2022,3816.0
Moldova,MDA,2000,5727.0
Moldova,MDA,2001,6090.0
Moldova,MDA,2002,6580.0
Moldova,MDA,2003,7034.0
Moldova,MDA,2004,7574.0
Moldova,MDA,2005,8161.0
Moldova,MDA,2006,8577.0
Moldova,MDA,2007,8855.0
Moldova,MDA,2008,9564.0
Moldova,MDA,2009,9001.0
Moldova,MDA,2010,9650.0
Moldova,MDA,2011,10217.0
Moldova,MDA,2012,10158.0
Moldova,MDA,2013,11080.0
Moldova,MDA,2014,11641.0
Moldova,MDA,2015,11691.0
Moldova,MDA,2016,12377.0
Moldova,MDA,2017,13119.0
Moldova,MDA,2018,13896.0
Moldova,MDA,2019,14621.0
Moldova,MDA,2020,13559.0
Moldova,MDA,2021,15682.0
Moldova,MDA,2022,15350.0
Mongolia,MNG,2000,5818.0
Mongolia,MNG,2001,5917.0
Mongolia,MNG,2002,6118.0
Mongolia,MNG,2003,6464.0
Mongolia,MNG,2004,7071.0
Mongolia,MNG,2005,7500.0
Mongolia,MNG,2006,8044.0
Mongolia,MNG,2007,8750.0
Mongolia,MNG,2008,9380.0
Mongolia,MNG,2009,9096.0
Mongolia,MNG,2010,9507.0
Mongolia,MNG,2011,10960.0
Mongolia,MNG,2012,12079.0
Mongolia,MNG,2013,13210.0
Mongolia,MNG,2014,13943.0
Mongolia,MNG,2015,13975.0
Mongolia,MNG,2016,13898.0
Mongolia,MNG,2017,14402.0
Mongolia,MNG,2018,15230.0
Mongolia,MNG,2019,15791.0
Mongolia,MNG,2020,14801.0
Mongolia,MNG,2021,14792.0
Mongolia,MNG,2022,15310.0
Montenegro,MNE,2000,14452.0
Montenegro,MNE,2001,14552.0
Montenegro,MNE,2002,14770.0
Montenegro,MNE,2003,15077.0
Montenegro,MNE,2004,15716.0
Montenegro,MNE,2005,16349.0
Montenegro,MNE,2006,17727.0
Montenegro,MNE,2007,18966.0
Montenegro,MNE,2008,20239.0
Montenegro,MNE,2009,18985.0
Montenegro,MNE,2010,19476.0
Montenegro,MNE,2011,20110.0
Montenegro,MNE,2012,19576.0
Montenegro,MNE,2013,20201.0
Montenegro,MNE,2014,20642.0
Montenegro,MNE,2015,21132.0
Montenegro,MNE,2016,21834.0
Montenegro,MNE,2017,22514.0
Montenegro,MNE,2018,23562.0
Montenegro,MNE,2019,24585.0
Montenegro,MNE,2020,20905.0
Montenegro,MNE,2021,23690.0
Montenegro,MNE,2022,25583.0
Morocco,MAR,2000,5100.0
Morocco,MAR,2001,5418.0
Morocco,MAR,2002,5544.0
Morocco,MAR,2003,5810.0
Morocco,MAR,2004,5996.0
Morocco,MAR,2005,6103.0
Morocco,MAR,2006,6489.0
Morocco,MAR,2007,6621.0
Morocco,MAR,2008,6902.0
Morocco,MAR,2009,7064.0
Morocco,MAR,2010,7211.0
Morocco,MAR,2011,7504.0
Morocco,MAR,2012,7629.0
Morocco,MAR,2013,7839.0
Morocco,MAR,2014,7952.0
Morocco,MAR,2015,8199.0
Morocco,MAR,2016,8142.0
Morocco,MAR,2017,8450.0
Morocco,MAR,2018,8612.0
Morocco,MAR,2019,8768.0
Morocco,MAR,2020,8055.0
Morocco,MAR,2021,8623.0
Morocco,MAR,2022,8690.0
Mozambique,MOZ,2000,712.0
Mozambique,MOZ,2001,786.0
Mozambique,MOZ,2002,843.0
Mozambique,MOZ,2003,883.0
Mozambique,MOZ,2004,934.0
Mozambique,MOZ,2005,970.0
Mozambique,MOZ,2006,1042.0
Mozambique,MOZ,2007,1095.0
Mozambique,MOZ,2008,1142.0
Mozambique,MOZ,2009,1179.0
Mozambique,MOZ,2010,1224.0
Mozambique,MOZ,2011,1276.0
Mozambique,MOZ,2012,1339.0
Mozambique,MOZ,2013,1386.0
Mozambique,MOZ,2014,1450.0
Mozambique,MOZ,2015,1513.0
Mozambique,MOZ,2016,1538.0
Mozambique,MOZ,2017,1532.0
Mozambique,MOZ,2018,1539.0
Mozambique,MOZ,2019,1529.0
Mozambique,MOZ,2020,1466.0
Mozambique,MOZ,2021,1457.0
Mozambique,MOZ,2022,1477.0
Myanmar,MMR,2000,1360.0
Myanmar,MMR,2001,1498.0
Myanmar,MMR,2002,1662.0
Myanmar,MMR,2003,1874.0
Myanmar,MMR,2004,2110.0
Myanmar,MMR,2005,2378.0
Myanmar,MMR,2006,2669.0
Myanmar,MMR,2007,2968.0
Myanmar,MMR,2008,3255.0
Myanmar,MMR,2009,3578.0
Myanmar,MMR,2010,3894.0
Myanmar,MMR,2011,4079.0
Myanmar,MMR,2012,4341.0
Myanmar,MMR,2013,4667.0
Myanmar,MMR,2014,5007.0
Myanmar,MMR,2015,5314.0
Myanmar,MMR,2016,5581.0
Myanmar,MMR,2017,5878.0
Myanmar,MMR,2018,6201.0
Myanmar,MMR,2019,6563.0
Myanmar,MMR,2020,5927.0
Myanmar,MMR,2021,5178.0
Myanmar,MMR,2022,5350.0
Namibia,NAM,2000,7858.0
Namibia,NAM,2001,7787.0
Namibia,NAM,2002,8017.0
Namibia,NAM,2003,8237.0
Namibia,NAM,2004,9131.0
Namibia,NAM,2005,9245.0
Namibia,NAM,2006,9773.0
Namibia,NAM,2007,10162.0
Namibia,NAM,2008,10287.0
Namibia,NAM,2009,10166.0
Namibia,NAM,2010,10615.0
Namibia,NAM,2011,10965.0
Namibia,NAM,2012,11267.0
Namibia,NAM,2013,11594.0
Namibia,NAM,2014,11983.0
Namibia,NAM,2015,12167.0
Namibia,NAM,2016,11847.0
Namibia,NAM,2017,11409.0
Namibia,NAM,2018,11214.0
Namibia,NAM,2019,10813.0
Namibia,NAM,2020,9652.0
Namibia,NAM,2021,9709.0
Namibia,NAM,2022,9953.0
Nauru,NRU,2000,8846.0
Nauru,NRU,2001,8279.0
Nauru,NRU,2002,7489.0
Nauru,NRU,2003,7527.0
Nauru,NRU,2004,7202.0
Nauru,NRU,2005,7210.0
Nauru,NRU,2006,7831.0
Nauru,NRU,2007,6110.0
Nauru,NRU,2008,7341.0
Nauru,NRU,2009,6928.0
Nauru,NRU,2010,6909.0
Nauru,NRU,2011,7882.0
Nauru,NRU,2012,9641.0
Nauru,NRU,2013,9800.0
Nauru,NRU,2014,11114.0
Nauru,NRU,2015,11272.0
Nauru,NRU,2016,11531.0
Nauru,NRU,2017,10633.0
Nauru,NRU,2018,10403.0
Nauru,NRU,2019,11185.0
Nauru,NRU,2020,11306.0
Nauru,NRU,2021,12114.0
Nauru,NRU,2022,12019.0
Nepal,NPL,2000,2341.0
Nepal,NPL,2001,2414.0
Nepal,NPL,2002,2380.0
Nepal,NPL,2003,2439.0
Nepal,NPL,2004,2522.0
Nepal,NPL,2005,2580.0
Nepal,NPL,2006,2641.0
Nepal,NPL,2007,2709.0
Nepal,NPL,2008,2853.0
Nepal,NPL,2009,2962.0
Nepal,NPL,2010,3085.0
Nepal,NPL,2011,3177.0
Nepal,NPL,2012,3317.0
Nepal,NPL,2013,3427.0
Nepal,NPL,2014,3622.0
Nepal,NPL,2015,3745.0
Nepal,NPL,2016,3744.0
Nepal,NPL,2017,4072.0
Nepal,NPL,2018,4371.0
Nepal,NPL,2019,4608.0
Nepal,NPL,2020,4413.0
Nepal,NPL,2021,4546.0
Nepal,NPL,2022,4763.0
Netherlands,NLD,2000,56017.0
Netherlands,NLD,2001,56887.0
Netherlands,NLD,2002,56664.0
Netherlands,NLD,2003,56453.0
Netherlands,NLD,2004,57391.0
Netherlands,NLD,2005,58422.0
Netherlands,NLD,2006,60392.0
Netherlands,NLD,2007,62602.0
Netherlands,NLD,2008,63678.0
Netherlands,NLD,2009,61030.0
Netherlands,NLD,2010,61519.0
Netherlands,NLD,2011,62318.0
Netherlands,NLD,2012,61481.0
Netherlands,NLD,2013,61281.0
Netherlands,NLD,2014,62046.0
Netherlands,NLD,2015,63081.0
Netherlands,NLD,2016,64268.0
Netherlands,NLD,2017,65666.0
Netherlands,NLD,2018,66758.0
Netherlands,NLD,2019,67848.0
Netherlands,NLD,2020,64862.0
Netherlands,NLD,2021,68574.0
Netherlands,NLD,2022,71324.0
New Zealand,NZL,2000,35985.0
New Zealand,NZL,2001,36995.0
New Zealand,NZL,2002,38072.0
New Zealand,NZL,2003,39092.0
New Zealand,NZL,2004,40091.0
New Zealand,NZL,2005,40970.0
New Zealand,NZL,2006,41597.0
New Zealand,NZL,2007,42473.0
New Zealand,NZL,2008,41682.0
New Zealand,NZL,2009,41251.0
New Zealand,NZL,2010,41395.0
New Zealand,NZL,2011,41962.0
New Zealand,NZL,2012,42693.0
New Zealand,NZL,2013,43453.0
New Zealand,NZL,2014,44370.0
New Zealand,NZL,2015,45097.0
New Zealand,NZL,2016,45746.0
New Zealand,NZL,2017,46286.0
New Zealand,NZL,2018,46975.0
New Zealand,NZL,2019,47392.0
New Zealand,NZL,2020,46326.0
New Zealand,NZL,2021,48202.0
New Zealand,NZL,2022,49843.0
Nicaragua,NIC,2000,4878.0
Nicaragua,NIC,2001,4958.0
Nicaragua,NIC,2002,4935.0
Nicaragua,NIC,2003,5001.0
Nicaragua,NIC,2004,5204.0
Nicaragua,NIC,2005,5357.0
Nicaragua,NIC,2006,5500.0
Nicaragua,NIC,2007,5697.0
Nicaragua,NIC,2008,5809.0
Nicaragua,NIC,2009,5538.0
Nicaragua,NIC,2010,5701.0
Nicaragua,NIC,2011,5976.0
Nicaragua,NIC,2012,6276.0
Nicaragua,NIC,2013,6494.0
Nicaragua,NIC,2014,6712.0
Nicaragua,NIC,2015,6939.0
Nicaragua,NIC,2016,7159.0
Nicaragua,NIC,2017,7391.0
Nicaragua,NIC,2018,7049.0
Nicaragua,NIC,2019,6757.0
Nicaragua,NIC,2020,6523.0
Nicaragua,NIC,2021,7119.0
Nicaragua,NIC,2022,7278.0
Niger,NER,2000,1198.0
Niger,NER,2001,1240.0
Niger,NER,2002,1256.0
Niger,NER,2003,1239.0
Niger,NER,2004,1199.0
Niger,NER,2005,1241.0
Niger,NER,2006,1268.0
Niger,NER,2007,1260.0
Niger,NER,2008,1308.0
Niger,NER,2009,1285.0
Niger,NER,2010,1344.0
Niger,NER,2011,1326.0
Niger,NER,2012,1412.0
Niger,NER,2013,1432.0
Niger,NER,2014,1472.0
Niger,NER,2015,1480.0
Niger,NER,2016,1488.0
Niger,NER,2017,1515.0
Niger,NER,2018,1565.0
Niger,NER,2019,1605.0
Niger,NER,2020,1622.0
Niger,NER,2021,1588.0
Niger,NER,2022,1725.0
Nigeria,NGA,2000,4889.0
Nigeria,NGA,2001,5040.0
Nigeria,NGA,2002,5655.0
Nigeria,NGA,2003,5905.0
Nigeria,NGA,2004,6275.0
Nigeria,NGA,2005,6497.0
Nigeria,NGA,2006,6703.0
Nigeria,NGA,2007,6949.0
Nigeria,NGA,2008,7216.0
Nigeria,NGA,2009,7581.0
Nigeria,NGA,2010,7963.0
Nigeria,NGA,2011,8154.0
Nigeria,NGA,2012,8266.0
Nigeria,NGA,2013,8581.0
Nigeria,NGA,2014,8885.0
Nigeria,NGA,2015,8892.0
Nigeria,NGA,2016,8535.0
Nigeria,NGA,2017,8397.0
Nigeria,NGA,2018,8363.0
Nigeria,NGA,2019,8362.0
Nigeria,NGA,2020,7664.0
Nigeria,NGA,2021,7588.0
Nigeria,NGA,2022,7752.0
North Macedonia,MKD,2000,11988.0
North Macedonia,MKD,2001,11572.0
North Macedonia,MKD,2002,11830.0
North Macedonia,MKD,2003,12078.0
North Macedonia,MKD,2004,12683.0
North Macedonia,MKD,2005,13354.0
North Macedonia,MKD,2006,14118.0
North Macedonia,MKD,2007,15118.0
North Macedonia,MKD,2008,16038.0
North Macedonia,MKD,2009,16084.0
North Macedonia,MKD,2010,16731.0
North Macedonia,MKD,2011,17201.0
North Macedonia,MKD,2012,17190.0
North Macedonia,MKD,2013,17758.0
North Macedonia,MKD,2014,18452.0
North Macedonia,MKD,2015,19215.0
North Macedonia,MKD,2016,19826.0
North Macedonia,MKD,2017,20121.0
North Macedonia,MKD,2018,20806.0
North Macedonia,MKD,2019,21767.0
North Macedonia,MKD,2020,20971.0
North Macedonia,MKD,2021,22144.0
North Macedonia,MKD,2022,22822.0
Norway,NOR,2000,76776.0
Norway,NOR,2001,78041.0
Norway,NOR,2002,78753.0
Norway,NOR,2003,79150.0
Norway,NOR,2004,82091.0
Norway,NOR,2005,83955.0
Norway,NOR,2006,85653.0
Norway,NOR,2007,87671.0
Norway,NOR,2008,87297.0
Norway,NOR,2009,84813.0
Norway,NOR,2010,84605.0
Norway,NOR,2011,84671.0
Norway,NOR,2012,85926.0
Norway,NOR,2013,85974.0
Norway,NOR,2014,86791.0
Norway,NOR,2015,87688.0
Norway,NOR,2016,88042.0
Norway,NOR,2017,89665.0
Norway,NOR,2018,90064.0
Norway,NOR,2019,90773.0
Norway,NOR,2020,89012.0
Norway,NOR,2021,92206.0
Norway,NOR,2022,95110.0
Oman,OMN,2000,42086.0
Oman,OMN,2001,43492.0
Oman,OMN,2002,42654.0
Oman,OMN,2003,41248.0
Oman,OMN,2004,41352.0
Oman,OMN,2005,41551.0
Oman,OMN,2006,42540.0
Oman,OMN,2007,43697.0
Oman,OMN,2008,46586.0
Oman,OMN,2009,48304.0
Oman,OMN,2010,48192.0
Oman,OMN,2011,44440.0
Oman,OMN,2012,41964.0
Oman,OMN,2013,40854.0
Oman,OMN,2014,39640.0
Oman,OMN,2015,39814.0
Oman,OMN,2016,39861.0
Oman,OMN,2017,38691.0
Oman,OMN,2018,38674.0
Oman,OMN,2019,38292.0
Oman,OMN,2020,37561.0
Oman,OMN,2021,38719.0
Oman,OMN,2022,39780.0
Pakistan,PAK,2000,3532.0
Pakistan,PAK,2001,3560.0
Pakistan,PAK,2002,3564.0
Pakistan,PAK,2003,3669.0
Pakistan,PAK,2004,3860.0
Pakistan,PAK,2005,4042.0
Pakistan,PAK,2006,4186.0
Pakistan,PAK,2007,4258.0
Pakistan,PAK,2008,4233.0
Pakistan,PAK,2009,4270.0
Pakistan,PAK,2010,4229.0
Pakistan,PAK,2011,4246.0
Pakistan,PAK,2012,4292.0
Pakistan,PAK,2013,4407.0
Pakistan,PAK,2014,4520.0
Pakistan,PAK,2015,4645.0
Pakistan,PAK,2016,4887.0
Pakistan,PAK,2017,5032.0
Pakistan,PAK,2018,5255.0
Pakistan,PAK,2019,5296.0
Pakistan,PAK,2020,5135.0
Pakistan,PAK,2021,5367.0
Pakistan,PAK,2022,5526.0
Palau,PLW,2000,15410.0
Palau,PLW,2001,16393.0
Palau,PLW,2002,17033.0
Palau,PLW,2003,16539.0
Palau,PLW,2004,16974.0
Palau,PLW,2005,17465.0
Palau,PLW,2006,17706.0
Palau,PLW,2007,18097.0
Palau,PLW,2008,17355.0
Palau,PLW,2009,16541.0
Palau,PLW,2010,16313.0
Palau,PLW,2011,17355.0
Palau,PLW,2012,18025.0
Palau,PLW,2013,17891.0
Palau,PLW,2014,18575.0
Palau,PLW,2015,20104.0
Palau,PLW,2016,20408.0
Palau,PLW,2017,19693.0
Palau,PLW,2018,19609.0
Palau,PLW,2019,19686.0
Palau,PLW,2020,18509.0
Palau,PLW,2021,16312.0
Palau,PLW,2022,16259.0
Palestine,PSE,2000,4521.0
Palestine,PSE,2001,3997.0
Palestine,PSE,2002,3409.0
Palestine,PSE,2003,3789.0
Palestine,PSE,2004,4503.0
Palestine,PSE,2005,4885.0
Palestine,PSE,2006,4714.0
Palestine,PSE,2007,4770.0
Palestine,PSE,2008,4985.0
Palestine,PSE,2009,5271.0
Palestine,PSE,2010,5432.0
Palestine,PSE,2011,5805.0
Palestine,PSE,2012,6009.0
Palestine,PSE,2013,6142.0
Palestine,PSE,2014,5990.0
Palestine,PSE,2015,6073.0
Palestine,PSE,2016,6464.0
Palestine,PSE,2017,6427.0
Palestine,PSE,2018,6343.0
Palestine,PSE,2019,6270.0
Palestine,PSE,2020,5424.0
Palestine,PSE,2021,5663.0
Palestine,PSE,2022,5753.0
Panama,PAN,2000,14573.0
Panama,PAN,2001,14428.0
Panama,PAN,2002,14507.0
Panama,PAN,2003,14958.0
Panama,PAN,2004,15875.0
Panama,PAN,2005,16868.0
Panama,PAN,2006,18190.0
Panama,PAN,2007,20209.0
Panama,PAN,2008,21868.0
Panama,PAN,2009,21823.0
Panama,PAN,2010,22739.0
Panama,PAN,2011,24999.0
Panama,PAN,2012,26927.0
Panama,PAN,2013,28135.0
Panama,PAN,2014,28932.0
Panama,PAN,2015,29933.0
Panama,PAN,2016,30765.0
Panama,PAN,2017,31980.0
Panama,PAN,2018,32681.0
Panama,PAN,2019,33164.0
Panama,PAN,2020,26882.0
Panama,PAN,2021,30933.0
Panama,PAN,2022,33915.0
Papua New Guinea,PNG,2000,3327.0
Papua New Guinea,PNG,2001,3212.0
Papua New Guinea,PNG,2002,3101.0
Papua New Guinea,PNG,2003,3065.0
Papua New Guinea,PNG,2004,3047.0
Papua New Guinea,PNG,2005,3137.0
Papua New Guinea,PNG,2006,3203.0
Papua New Guinea,PNG,2007,3346.0
Papua New Guinea,PNG,2008,3234.0
Papua New Guinea,PNG,2009,3350.0
Papua New Guinea,PNG,2010,3580.0
Papua New Guinea,PNG,2011,3515.0
Papua New Guinea,PNG,2012,3578.0
Papua New Guinea,PNG,2013,3616.0
Papua New Guinea,PNG,2014,3999.0
Papua New Guinea,PNG,2015,4155.0
Papua New Guinea,PNG,2016,4276.0
Papua New Guinea,PNG,2017,4323.0
Papua New Guinea,PNG,2018,4212.0
Papua New Guinea,PNG,2019,4302.0
Papua New Guinea,PNG,2020,4078.0
Papua New Guinea,PNG,2021,3977.0
Papua New Guinea,PNG,2022,4126.0
Paraguay,PRY,2000,9997.0
Paraguay,PRY,2001,9748.0
Paraguay,PRY,2002,9610.0
Paraguay,PRY,2003,9902.0
Paraguay,PRY,2004,10186.0
Paraguay,PRY,2005,10289.0
Paraguay,PRY,2006,10672.0
Paraguay,PRY,2007,11140.0
Paraguay,PRY,2008,11750.0
Paraguay,PRY,2009,11600.0
Paraguay,PRY,2010,12737.0
Paraguay,PRY,2011,13108.0
Paraguay,PRY,2012,12833.0
Paraguay,PRY,2013,13699.0
Paraguay,PRY,2014,14218.0
Paraguay,PRY,2015,14426.0
Paraguay,PRY,2016,14825.0
Paraguay,PRY,2017,15318.0
Paraguay,PRY,2018,15591.0
Paraguay,PRY,2019,15319.0
Paraguay,PRY,2020,14990.0
Paraguay,PRY,2021,15401.0
Paraguay,PRY,2022,15223.0
Peru,PER,2000,7668.0
Peru,PER,2001,7611.0
Peru,PER,2002,7931.0
Peru,PER,2003,8173.0
Peru,PER,2004,8495.0
Peru,PER,2005,8949.0
Peru,PER,2006,9547.0
Peru,PER,2007,10285.0
Peru,PER,2008,11150.0
Peru,PER,2009,11203.0
Peru,PER,2010,12057.0
Peru,PER,2011,12725.0
Peru,PER,2012,13394.0
Peru,PER,2013,14050.0
Peru,PER,2014,14243.0
Peru,PER,2015,14541.0
Peru,PER,2016,14915.0
Peru,PER,2017,15067.0
Peru,PER,2018,15384.0
Peru,PER,2019,15461.0
Peru,PER,2020,13608.0
Peru,PER,2021,15286.0
Peru,PER,2022,15567.0
Philippines,PHL,2000,4740.0
Philippines,PHL,2001,4778.0
Philippines,PHL,2002,4856.0
Philippines,PHL,2003,5003.0
Philippines,PHL,2004,5229.0
Philippines,PHL,2005,5387.0
Philippines,PHL,2006,5579.0
Philippines,PHL,2007,5840.0
Philippines,PHL,2008,5987.0
Philippines,PHL,2009,5965.0
Philippines,PHL,2010,6273.0
Philippines,PHL,2011,6388.0
Philippines,PHL,2012,6698.0
Philippines,PHL,2013,7017.0
Philippines,PHL,2014,7340.0
Philippines,PHL,2015,7692.0
Philippines,PHL,2016,8132.0
Philippines,PHL,2017,8584.0
Philippines,PHL,2018,9016.0
Philippines,PHL,2019,9452.0
Philippines,PHL,2020,8455.0
Philippines,PHL,2021,8858.0
Philippines,PHL,2022,9457.0
Poland,POL,2000,18566.0
Poland,POL,2001,18801.0
Poland,POL,2002,19167.0
Poland,POL,2003,19856.0
Poland,POL,2004,20879.0
Poland,POL,2005,21569.0
Poland,POL,2006,22921.0
Poland,POL,2007,24484.0
Poland,POL,2008,25554.0
Poland,POL,2009,26204.0
Poland,POL,2010,27112.0
Poland,POL,2011,28522.0
Poland,POL,2012,28953.0
Poland,POL,2013,29169.0
Poland,POL,2014,30335.0
Poland,POL,2015,31700.0
Poland,POL,2016,32675.0
Poland,POL,2017,34355.0
Poland,POL,2018,36500.0
Poland,POL,2019,38182.0
Poland,POL,2020,37853.0
Poland,POL,2021,41060.0
Poland,POL,2022,43405.0
Portugal,PRT,2000,35070.0
Portugal,PRT,2001,35500.0
Portugal,PRT,2002,35579.0
Portugal,PRT,2003,35115.0
Portugal,PRT,2004,35658.0
Portugal,PRT,2005,35870.0
Portugal,PRT,2006,36388.0
Portugal,PRT,2007,37226.0
Portugal,PRT,2008,37292.0
Portugal,PRT,2009,36093.0
Portugal,PRT,2010,36703.0
Portugal,PRT,2011,36127.0
Portugal,PRT,2012,34805.0
Portugal,PRT,2013,34652.0
Portugal,PRT,2014,35097.0
Portugal,PRT,2015,35803.0
Portugal,PRT,2016,36636.0
Portugal,PRT,2017,37943.0
Portugal,PRT,2018,39124.0
Portugal,PRT,2019,40188.0
Portugal,PRT,2020,36852.0
Portugal,PRT,2021,38658.0
Portugal,PRT,2022,41071.0
Puerto Rico,PRI,2000,37299.0
Puerto Rico,PRI,2001,39569.0
Puerto Rico,PRI,2002,39880.0
Puerto Rico,PRI,2003,39876.0
Puerto Rico,PRI,2004,43356.0
Puerto Rico,PRI,2005,42556.0
Puerto Rico,PRI,2006,42134.0
Puerto Rico,PRI,2007,41889.0
Puerto Rico,PRI,2008,41358.0
Puerto Rico,PRI,2009,40772.0
Puerto Rico,PRI,2010,40778.0
Puerto Rico,PRI,2011,40973.0
Puerto Rico,PRI,2012,41347.0
Puerto Rico,PRI,2013,41557.0
Puerto Rico,PRI,2014,41594.0
Puerto Rico,PRI,2015,41738.0
Puerto Rico,PRI,2016,41858.0
Puerto Rico,PRI,2017,41480.0
Puerto Rico,PRI,2018,41119.0
Puerto Rico,PRI,2019,41656.0
Puerto Rico,PRI,2020,40171.0
Puerto Rico,PRI,2021,40559.0
Puerto Rico,PRI,2022,42311.0
Qatar,QAT,2000,98029.0
Qatar,QAT,2001,96902.0
Qatar,QAT,2002,99001.0
Qatar,QAT,2003,98068.0
Qatar,QAT,2004,112584.0
Qatar,QAT,2005,113384.0
Qatar,QAT,2006,121378.0
Qatar,QAT,2007,115273.0
Qatar,QAT,2008,114879.0
Qatar,QAT,2009,114070.0
Qatar,QAT,2010,132502.0
Qatar,QAT,2011,149025.0
Qatar,QAT,2012,147077.0
Qatar,QAT,2013,138047.0
Qatar,QAT,2014,128014.0
Qatar,QAT,2015,123071.0
Qatar,QAT,2016,120054.0
Qatar,QAT,2017,115065.0
Qatar,QAT,2018,114910.0
Qatar,QAT,2019,113161.0
Qatar,QAT,2020,103062.0
Qatar,QAT,2021,116833.0
Qatar,QAT,2022,114740.0
Romania,ROU,2000,14854.0
Romania,ROU,2001,15848.0
Romania,ROU,2002,17062.0
Romania,ROU,2003,17587.0
Romania,ROU,2004,19532.0
Romania,ROU,2005,20571.0
Romania,ROU,2006,22355.0
Romania,ROU,2007,24328.0
Romania,ROU,2008,27040.0
Romania,ROU,2009,25762.0
Romania,ROU,2010,24903.0
Romania,ROU,2011,26151.0
Romania,ROU,2012,26767.0
Romania,ROU,2013,26942.0
Romania,ROU,2014,28156.0
Romania,ROU,2015,29182.0
Romania,ROU,2016,30189.0
Romania,ROU,2017,32853.0
Romania,ROU,2018,34829.0
Romania,ROU,2019,36399.0
Romania,ROU,2020,35284.0
Romania,ROU,2021,37534.0
Romania,ROU,2022,39257.0
Russia,RUS,2000,20105.0
Russia,RUS,2001,21220.0
Russia,RUS,2002,22320.0
Russia,RUS,2003,24058.0
Russia,RUS,2004,25894.0
Russia,RUS,2005,27657.0
Russia,RUS,2006,30023.0
Russia,RUS,2007,32630.0
Russia,RUS,2008,34342.0
Russia,RUS,2009,31654.0
Russia,RUS,2010,33064.0
Russia,RUS,2011,34445.0
Russia,RUS,2012,35741.0
Russia,RUS,2013,36260.0
Russia,RUS,2014,35853.0
Russia,RUS,2015,35037.0
Russia,RUS,2016,35005.0
Russia,RUS,2017,35571.0
Russia,RUS,2018,36537.0
Russia,RUS,2019,37319.0
Russia,RUS,2020,36376.0
Russia,RUS,2021,38638.0
Russia,RUS,2022,38215.0
Rwanda,RWA,2000,1055.0
Rwanda,RWA,2001,1135.0
Rwanda,RWA,2002,1267.0
Rwanda,RWA,2003,1267.0
Rwanda,RWA,2004,1326.0
Rwanda,RWA,2005,1412.0
Rwanda,RWA,2006,1502.0
Rwanda,RWA,2007,1574.0
Rwanda,RWA,2008,1704.0
Rwanda,RWA,2009,1765.0
Rwanda,RWA,2010,1847.0
Rwanda,RWA,2011,1946.0
Rwanda,RWA,2012,2064.0
Rwanda,RWA,2013,2110.0
Rwanda,RWA,2014,2176.0
Rwanda,RWA,2015,2313.0
Rwanda,RWA,2016,2387.0
Rwanda,RWA,2017,2441.0
Rwanda,RWA,2018,2578.0
Rwanda,RWA,2019,2754.0
Rwanda,RWA,2020,2618.0
Rwanda,RWA,2021,2776.0
Rwanda,RWA,2022,2983.0
Saint Kitts and Nevis,KNA,2000,19841.0
Saint Kitts and Nevis,KNA,2001,20649.0
Saint Kitts and Nevis,KNA,2002,20813.0
Saint Kitts and Nevis,KNA,2003,19927.0
Saint Kitts and Nevis,KNA,2004,20661.0
Saint Kitts and Nevis,KNA,2005,22613.0
Saint Kitts and Nevis,KNA,2006,23259.0
Saint Kitts and Nevis,KNA,2007,23330.0
Saint Kitts and Nevis,KNA,2008,25899.0
Saint Kitts and Nevis,KNA,2009,24974.0
Saint Kitts and Nevis,KNA,2010,24998.0
Saint Kitts and Nevis,KNA,2011,25380.0
Saint Kitts and Nevis,KNA,2012,25114.0
Saint Kitts and Nevis,KNA,2013,26532.0
Saint Kitts and Nevis,KNA,2014,28530.0
Saint Kitts and Nevis,KNA,2015,28730.0
Saint Kitts and Nevis,KNA,2016,29867.0
Saint Kitts and Nevis,KNA,2017,29949.0
Saint Kitts and Nevis,KNA,2018,30576.0
Saint Kitts and Nevis,KNA,2019,31512.0
Saint Kitts and Nevis,KNA,2020,26737.0
Saint Kitts and Nevis,KNA,2021,26897.0
Saint Kitts and Nevis,KNA,2022,29750.0
Saint Lucia,LCA,2000,18638.0
Saint Lucia,LCA,2001,17821.0
Saint Lucia,LCA,2002,17740.0
Saint Lucia,LCA,2003,18345.0
Saint Lucia,LCA,2004,19526.0
Saint Lucia,LCA,2005,19304.0
Saint Lucia,LCA,2006,20354.0
Saint Lucia,LCA,2007,20560.0
Saint Lucia,LCA,2008,21443.0
Saint Lucia,LCA,2009,20707.0
Saint Lucia,LCA,2010,20649.0
Saint Lucia,LCA,2011,21430.0
Saint Lucia,LCA,2012,21309.0
Saint Lucia,LCA,2013,20827.0
Saint Lucia,LCA,2014,21011.0
Saint Lucia,LCA,2015,20940.0
Saint Lucia,LCA,2016,21566.0
Saint Lucia,LCA,2017,22207.0
Saint Lucia,LCA,2018,22761.0
Saint Lucia,LCA,2019,22445.0
Saint Lucia,LCA,2020,17248.0
Saint Lucia,LCA,2021,19141.0
Saint Lucia,LCA,2022,22811.0
Saint Vincent and the Grenadines,VCT,2000,9999.0
Saint Vincent and the Grenadines,VCT,2001,10178.0
Saint Vincent and the Grenadines,VCT,2002,10736.0
Saint Vincent and the Grenadines,VCT,2003,11475.0
Saint Vincent and the Grenadines,VCT,2004,11980.0
Saint Vincent and the Grenadines,VCT,2005,12320.0
Saint Vincent and the Grenadines,VCT,2006,13233.0
Saint Vincent and the Grenadines,VCT,2007,13732.0
Saint Vincent and the Grenadines,VCT,2008,13850.0
Saint Vincent and the Grenadines,VCT,2009,13724.0
Saint Vincent and the Grenadines,VCT,2010,13176.0
Saint Vincent and the Grenadines,VCT,2011,13169.0
Saint Vincent and the Grenadines,VCT,2012,13398.0
Saint Vincent and the Grenadines,VCT,2013,13804.0
Saint Vincent and the Grenadines,VCT,2014,14040.0
Saint Vincent and the Grenadines,VCT,2015,14509.0
Saint Vincent and the Grenadines,VCT,2016,15198.0
Saint Vincent and the Grenadines,VCT,2017,15533.0
Saint Vincent and the Grenadines,VCT,2018,16139.0
Saint Vincent and the Grenadines,VCT,2019,16365.0
Saint Vincent and the Grenadines,VCT,2020,15764.0
Saint Vincent and the Grenadines,VCT,2021,16201.0
Saint Vincent and the Grenadines,VCT,2022,16835.0
Samoa,WSM,2000,4639.0
Samoa,WSM,2001,4942.0
Samoa,WSM,2002,5184.0
Samoa,WSM,2003,5426.0
Samoa,WSM,2004,5569.0
Samoa,WSM,2005,5916.0
Samoa,WSM,2006,6018.0
Samoa,WSM,2007,6014.0
Samoa,WSM,2008,6184.0
Samoa,WSM,2009,6105.0
Samoa,WSM,2010,6428.0
Samoa,WSM,2011,6618.0
Samoa,WSM,2012,6313.0
Samoa,WSM,2013,6263.0
Samoa,WSM,2014,6249.0
Samoa,WSM,2015,6433.0
Samoa,WSM,2016,6888.0
Samoa,WSM,2017,6920.0
Samoa,WSM,2018,6806.0
Samoa,WSM,2019,7034.0
Samoa,WSM,2020,6746.0
Samoa,WSM,2021,6351.0
Samoa,WSM,2022,6450.0
San Marino,SMR,2000,77149.0
San Marino,SMR,2001,80421.0
San Marino,SMR,2002,79650.0
San Marino,SMR,2003,81688.0
San Marino,SMR,2004,80725.0
San Marino,SMR,2005,81632.0
San Marino,SMR,2006,83782.0
San Marino,SMR,2007,86785.0
San Marino,SMR,2008,85120.0
San Marino,SMR,2009,73094.0
San Marino,SMR,2010,68669.0
San Marino,SMR,2011,64214.0
San Marino,SMR,2012,58176.0
San Marino,SMR,2013,58468.0
San Marino,SMR,2014,58744.0
San Marino,SMR,2015,59648.0
San Marino,SMR,2016,60670.0
San Marino,SMR,2017,59525.0
San Marino,SMR,2018,59194.0
San Marino,SMR,2019,60171.0
San Marino,SMR,2020,55998.0
San Marino,SMR,2021,64745.0
San Marino,SMR,2022,70888.0
Sao Tome and Principe,STP,2000,3853.0
Sao Tome and Principe,STP,2001,3907.0
Sao Tome and Principe,STP,2002,3943.0
Sao Tome and Principe,STP,2003,4162.0
Sao Tome and Principe,STP,2004,4203.0
Sao Tome and Principe,STP,2005,4371.0
Sao Tome and Principe,STP,2006,4644.0
Sao Tome and Principe,STP,2007,4698.0
Sao Tome and Principe,STP,2008,4873.0
Sao Tome and Principe,STP,2009,4919.0
Sao Tome and Principe,STP,2010,4882.0
Sao Tome and Principe,STP,2011,4876.0
Sao Tome and Principe,STP,2012,4920.0
Sao Tome and Principe,STP,2013,5072.0
Sao Tome and Principe,STP,2014,5223.0
Sao Tome and Principe,STP,2015,5210.0
Sao Tome and Principe,STP,2016,5389.0
Sao Tome and Principe,STP,2017,5521.0
Sao Tome and Principe,STP,2018,5675.0
Sao Tome and Principe,STP,2019,5702.0
Sao Tome and Principe,STP,2020,5743.0
Sao Tome and Principe,STP,2021,5733.0
Sao Tome and Principe,STP,2022,5632.0
Saudi Arabia,SAU,2000,55962.0
Saudi Arabia,SAU,2001,53309.0
Saudi Arabia,SAU,2002,50372.0
Saudi Arabia,SAU,2003,52235.0
Saudi Arabia,SAU,2004,54197.0
Saudi Arabia,SAU,2005,54932.0
Saudi Arabia,SAU,2006,54374.0
Saudi Arabia,SAU,2007,53318.0
Saudi Arabia,SAU,2008,54408.0
Saudi Arabia,SAU,2009,51761.0
Saudi Arabia,SAU,2010,54912.0
Saudi Arabia,SAU,2011,58645.0
Saudi Arabia,SAU,2012,59472.0
Saudi Arabia,SAU,2013,57998.0
Saudi Arabia,SAU,2014,58872.0
Saudi Arabia,SAU,2015,58499.0
Saudi Arabia,SAU,2016,57308.0
Saudi Arabia,SAU,2017,57943.0
Saudi Arabia,SAU,2018,61359.0
Saudi Arabia,SAU,2019,62648.0
Saudi Arabia,SAU,2020,57421.0
Saudi Arabia,SAU,2021,62690.0
Saudi Arabia,SAU,2022,67179.0
Senegal,SEN,2000,3093.0
Senegal,SEN,2001,3149.0
Senegal,SEN,2002,3075.0
Senegal,SEN,2003,3170.0
Senegal,SEN,2004,3240.0
Senegal,SEN,2005,3302.0
Senegal,SEN,2006,3301.0
Senegal,SEN,2007,3316.0
Senegal,SEN,2008,3360.0
Senegal,SEN,2009,3371.0
Senegal,SEN,2010,3404.0
Senegal,SEN,2011,3363.0
Senegal,SEN,2012,3405.0
Senegal,SEN,2013,3385.0
Senegal,SEN,2014,3484.0
Senegal,SEN,2015,3594.0
Senegal,SEN,2016,3710.0
Senegal,SEN,2017,3871.0
Senegal,SEN,2018,3998.0
Senegal,SEN,2019,4071.0
Senegal,SEN,2020,4018.0
Senegal,SEN,2021,4174.0
Senegal,SEN,2022,4229.0
Serbia,SRB,2000,11106.0
Serbia,SRB,2001,11879.0
Serbia,SRB,2002,12662.0
Serbia,SRB,2003,13274.0
Serbia,SRB,2004,14194.0
Serbia,SRB,2005,15078.0
Serbia,SRB,2006,15727.0
Serbia,SRB,2007,17028.0
Serbia,SRB,2008,17983.0
Serbia,SRB,2009,17488.0
Serbia,SRB,2010,17841.0
Serbia,SRB,2011,17987.0
Serbia,SRB,2012,17994.0
Serbia,SRB,2013,18163.0
Serbia,SRB,2014,17922.0
Serbia,SRB,2015,18248.0
Serbia,SRB,2016,18889.0
Serbia,SRB,2017,19439.0
Serbia,SRB,2018,20454.0
Serbia,SRB,2019,21541.0
Serbia,SRB,2020,21479.0
Serbia,SRB,2021,23406.0
Serbia,SRB,2022,24652.0
Seychelles,SYC,2000,20634.0
Seychelles,SYC,2001,20147.0
Seychelles,SYC,2002,19778.0
Seychelles,SYC,2003,18825.0
Seychelles,SYC,2004,18356.0
Seychelles,SYC,2005,19917.0
Seychelles,SYC,2006,21342.0
Seychelles,SYC,2007,23118.0
Seychelles,SYC,2008,21990.0
Seychelles,SYC,2009,21361.0
Seychelles,SYC,2010,21709.0
Seychelles,SYC,2011,24406.0
Seychelles,SYC,2012,24920.0
Seychelles,SYC,2013,24771.0
Seychelles,SYC,2014,25379.0
Seychelles,SYC,2015,27032.0
Seychelles,SYC,2016,29905.0
Seychelles,SYC,2017,31596.0
Seychelles,SYC,2018,32841.0
Seychelles,SYC,2019,34346.0
Seychelles,SYC,2020,30056.0
Seychelles,SYC,2021,29980.0
Seychelles,SYC,2022,27276.0
Sierra Leone,SLE,2000,1982.0
Sierra Leone,SLE,2001,1749.0
Sierra Leone,SLE,2002,2089.0
Sierra Leone,SLE,2003,2196.0
Sierra Leone,SLE,2004,2261.0
Sierra Leone,SLE,2005,2297.0
Sierra Leone,SLE,2006,2343.0
Sierra Leone,SLE,2007,2378.0
Sierra Leone,SLE,2008,2405.0
Sierra Leone,SLE,2009,2377.0
Sierra Leone,SLE,2010,2460.0
Sierra Leone,SLE,2011,2591.0
Sierra Leone,SLE,2012,2793.0
Sierra Leone,SLE,2013,3125.0
Sierra Leone,SLE,2014,2813.0
Sierra Leone,SLE,2015,2628.0
Sierra Leone,SLE,2016,2732.0
Sierra Leone,SLE,2017,2753.0
Sierra Leone,SLE,2018,2767.0
Sierra Leone,SLE,2019,2853.0
Sierra Leone,SLE,2020,2753.0
Sierra Leone,SLE,2021,2849.0
Sierra Leone,SLE,2022,2935.0
Singapore,SGP,2000,68904.0
Singapore,SGP,2001,66352.0
Singapore,SGP,2002,68329.0
Singapore,SGP,2003,72498.0
Singapore,SGP,2004,78713.0
Singapore,SGP,2005,82547.0
Singapore,SGP,2006,87210.0
Singapore,SGP,2007,91198.0
Singapore,SGP,2008,88083.0
Singapore,SGP,2009,85576.0
Singapore,SGP,2010,96280.0
Singapore,SGP,2011,100154.0
Singapore,SGP,2012,102061.0
Singapore,SGP,2013,105260.0
Singapore,SGP,2014,107991.0
Singapore,SGP,2015,109894.0
Singapore,SGP,2016,112720.0
Singapore,SGP,2017,117493.0
Singapore,SGP,2018,120669.0
Singapore,SGP,2019,120678.0
Singapore,SGP,2020,116684.0
Singapore,SGP,2021,133990.0
Singapore,SGP,2022,134828.0
Sint Maarten (Dutch part),SXM,2009,50981.0
Sint Maarten (Dutch part),SXM,2010,52141.0
Sint Maarten (Dutch part),SXM,2011,53786.0
Sint Maarten (Dutch part),SXM,2012,53357.0
Sint Maarten (Dutch part),SXM,2013,52801.0
Sint Maarten (Dutch part),SXM,2014,52439.0
Sint Maarten (Dutch part),SXM,2015,51376.0
Sint Maarten (Dutch part),SXM,2016,50818.0
Sint Maarten (Dutch part),SXM,2017,46088.0
Sint Maarten (Dutch part),SXM,2018,42154.0
Sint Maarten (Dutch part),SXM,2019,45997.0
Sint Maarten (Dutch part),SXM,2020,39266.0
Sint Maarten (Dutch part),SXM,2021,40507.0
Sint Maarten (Dutch part),SXM,2022,45516.0
Slovakia,SVK,2000,18336.0
Slovakia,SVK,2001,18907.0
Slovakia,SVK,2002,19749.0
Slovakia,SVK,2003,20722.0
Slovakia,SVK,2004,21843.0
Slovakia,SVK,2005,23257.0
Slovakia,SVK,2006,25332.0
Slovakia,SVK,2007,28064.0
Slovakia,SVK,2008,29544.0
Slovakia,SVK,2009,27880.0
Slovakia,SVK,2010,29746.0
Slovakia,SVK,2011,30469.0
Slovakia,SVK,2012,30894.0
Slovakia,SVK,2013,31078.0
Slovakia,SVK,2014,31889.0
Slovakia,SVK,2015,33508.0
Slovakia,SVK,2016,34116.0
Slovakia,SVK,2017,35043.0
Slovakia,SVK,2018,36416.0
Slovakia,SVK,2019,37194.0
Slovakia,SVK,2020,36201.0
Slovakia,SVK,2021,38330.0
Slovakia,SVK,2022,38649.0
Slovenia,SVN,2000,30061.0
Slovenia,SVN,2001,30863.0
Slovenia,SVN,2002,31837.0
Slovenia,SVN,2003,32834.0
Slovenia,SVN,2004,34305.0
Slovenia,SVN,2005,35565.0
Slovenia,SVN,2006,37546.0
Slovenia,SVN,2007,40003.0
Slovenia,SVN,2008,41286.0
Slovenia,SVN,2009,37809.0
Slovenia,SVN,2010,38063.0
Slovenia,SVN,2011,38233.0
Slovenia,SVN,2012,37041.0
Slovenia,SVN,2013,36686.0
Slovenia,SVN,2014,37662.0
Slovenia,SVN,2015,38535.0
Slovenia,SVN,2016,39675.0
Slovenia,SVN,2017,41701.0
Slovenia,SVN,2018,43369.0
Slovenia,SVN,2019,44578.0
Slovenia,SVN,2020,42472.0
Slovenia,SVN,2021,45923.0
Slovenia,SVN,2022,47059.0
Solomon Islands,SLB,2000,2277.0
Solomon Islands,SLB,2001,2056.0
Solomon Islands,SLB,2002,1961.0
Solomon Islands,SLB,2003,2051.0
Solomon Islands,SLB,2004,2169.0
Solomon Islands,SLB,2005,2288.0
Solomon Islands,SLB,2006,2341.0
Solomon Islands,SLB,2007,2385.0
Solomon Islands,SLB,2008,2490.0
Solomon Islands,SLB,2009,2515.0
Solomon Islands,SLB,2010,2683.0
Solomon Islands,SLB,2011,2778.0
Solomon Islands,SLB,2012,2744.0
Solomon Islands,SLB,2013,2784.0
Solomon Islands,SLB,2014,2717.0
Solomon Islands,SLB,2015,2665.0
Solomon Islands,SLB,2016,2716.0
Solomon Islands,SLB,2017,2704.0
Solomon Islands,SLB,2018,2686.0
Solomon Islands,SLB,2019,2662.0
Solomon Islands,SLB,2020,2515.0
Solomon Islands,SLB,2021,2450.0
Solomon Islands,SLB,2022,2330.0
Somalia,SOM,2000,703.0
Somalia,SOM,2001,723.0
Somalia,SOM,2002,750.0
Somalia,SOM,2003,778.0
Somalia,SOM,2004,803.0
Somalia,SOM,2005,831.0
Somalia,SOM,2006,858.0
Somalia,SOM,2007,887.0
Somalia,SOM,2008,919.0
Somalia,SOM,2009,956.0
Somalia,SOM,2010,995.0
Somalia,SOM,2011,1054.0
Somalia,SOM,2012,1115.0
Somalia,SOM,2013,1198.0
Somalia,SOM,2014,1259.0
Somalia,SOM,2015,1344.0
Somalia,SOM,2016,1384.0
Somalia,SOM,2017,1528.0
Somalia,SOM,2018,1505.0
Somalia,SOM,2019,1491.0
Somalia,SOM,2020,1396.0
Somalia,SOM,2021,1392.0
Somalia,SOM,2022,1388.0
South Africa,ZAF,2000,11184.0
South Africa,ZAF,2001,11387.0
South Africa,ZAF,2002,11698.0
South Africa,ZAF,2003,11923.0
South Africa,ZAF,2004,12341.0
South Africa,ZAF,2005,12862.0
South Africa,ZAF,2006,13444.0
South Africa,ZAF,2007,14016.0
South Africa,ZAF,2008,14298.0
South Africa,ZAF,2009,13911.0
South Africa,ZAF,2010,14165.0
South Africa,ZAF,2011,14434.0
South Africa,ZAF,2012,14564.0
South Africa,ZAF,2013,14681.0
South Africa,ZAF,2014,14643.0
South Africa,ZAF,2015,14542.0
South Africa,ZAF,2016,14501.0
South Africa,ZAF,2017,14574.0
South Africa,ZAF,2018,14554.0
South Africa,ZAF,2019,14353.0
South Africa,ZAF,2020,13251.0
South Africa,ZAF,2021,13682.0
South Africa,ZAF,2022,13767.0
South Korea,KOR,2000,26404.0
South Korea,KOR,2001,27441.0
South Korea,KOR,2002,29395.0
South Korea,KOR,2003,30142.0
South Korea,KOR,2004,31580.0
South Korea,KOR,2005,32886.0
South Korea,KOR,2006,34430.0
South Korea,KOR,2007,36257.0
South Korea,KOR,2008,37064.0
South Korea,KOR,2009,37176.0
South Korea,KOR,2010,39574.0
South Korea,KOR,2011,40719.0
South Korea,KOR,2012,41538.0
South Korea,KOR,2013,42710.0
South Korea,KOR,2014,43807.0
South Korea,KOR,2015,44849.0
South Korea,KOR,2016,46088.0
South Korea,KOR,2017,47537.0
South Korea,KOR,2018,48834.0
South Korea,KOR,2019,49791.0
South Korea,KOR,2020,49374.0
South Korea,KOR,2021,51718.0
South Korea,KOR,2022,53229.0
Spain,ESP,2000,39946.0
Spain,ESP,2001,41224.0
Spain,ESP,2002,41766.0
Spain,ESP,2003,42223.0
Spain,ESP,2004,42793.0
Spain,ESP,2005,43571.0
Spain,ESP,2006,44573.0
Spain,ESP,2007,45301.0
Spain,ESP,2008,44926.0
Spain,ESP,2009,42852.0
Spain,ESP,2010,42696.0
Spain,ESP,2011,42272.0
Spain,ESP,2012,41034.0
Spain,ESP,2013,40595.0
Spain,ESP,2014,41339.0
Spain,ESP,2015,43054.0
Spain,ESP,2016,44275.0
Spain,ESP,2017,45446.0
Spain,ESP,2018,46325.0
Spain,ESP,2019,46896.0
Spain,ESP,2020,41553.0
Spain,ESP,2021,44252.0
Spain,ESP,2022,46733.0
Sri Lanka,LKA,2000,6429.0
Sri Lanka,LKA,2001,6230.0
Sri Lanka,LKA,2002,6410.0
Sri Lanka,LKA,2003,6741.0
Sri Lanka,LKA,2004,7060.0
Sri Lanka,LKA,2005,7453.0
Sri Lanka,LKA,2006,7971.0
Sri Lanka,LKA,2007,8454.0
Sri Lanka,LKA,2008,8898.0
Sri Lanka,LKA,2009,9156.0
Sri Lanka,LKA,2010,9832.0
Sri Lanka,LKA,2011,10618.0
Sri Lanka,LKA,2012,11448.0
Sri Lanka,LKA,2013,12250.0
Sri Lanka,LKA,2014,12910.0
Sri Lanka,LKA,2015,13330.0
Sri Lanka,LKA,2016,13846.0
Sri Lanka,LKA,2017,14572.0
Sri Lanka,LKA,2018,14760.0
Sri Lanka,LKA,2019,14637.0
Sri Lanka,LKA,2020,13887.0
Sri Lanka,LKA,2021,14316.0
Sri Lanka,LKA,2022,13249.0
Sudan,SDN,2000,3576.0
Sudan,SDN,2001,3702.0
Sudan,SDN,2002,3814.0
Sudan,SDN,2003,3947.0
Sudan,SDN,2004,4041.0
Sudan,SDN,2005,4152.0
Sudan,SDN,2006,4300.0
Sudan,SDN,2007,4416.0
Sudan,SDN,2008,4446.0
Sudan,SDN,2009,4188.0
Sudan,SDN,2010,4220.0
Sudan,SDN,2011,4468.0
Sudan,SDN,2012,4146.0
Sudan,SDN,2013,4130.0
Sudan,SDN,2014,4208.0
Sudan,SDN,2015,4159.0
Sudan,SDN,2016,4175.0
Sudan,SDN,2017,4061.0
Sudan,SDN,2018,3817.0
Sudan,SDN,2019,3626.0
Sudan,SDN,2020,3401.0
Sudan,SDN,2021,3249.0
Sudan,SDN,2022,3132.0
Suriname,SUR,2000,16220.0
Suriname,SUR,2001,16557.0
Suriname,SUR,2002,16678.0
Suriname,SUR,2003,17384.0
Suriname,SUR,2004,18586.0
Suriname,SUR,2005,19220.0
Suriname,SUR,2006,20114.0
Suriname,SUR,2007,20902.0
Suriname,SUR,2008,21516.0
Suriname,SUR,2009,21906.0
Suriname,SUR,2010,22772.0
Suriname,SUR,2011,23830.0
Suriname,SUR,2012,24194.0
Suriname,SUR,2013,24624.0
Suriname,SUR,2014,24414.0
Suriname,SUR,2015,23328.0
Suriname,SUR,2016,21950.0
Suriname,SUR,2017,22071.0
Suriname,SUR,2018,22939.0
Suriname,SUR,2019,22967.0
Suriname,SUR,2020,19091.0
Suriname,SUR,2021,18458.0
Suriname,SUR,2022,18743.0
Sweden,SWE,2000,47869.0
Sweden,SWE,2001,48390.0
Sweden,SWE,2002,49331.0
Sweden,SWE,2003,50072.0
Sweden,SWE,2004,51961.0
Sweden,SWE,2005,53199.0
Sweden,SWE,2006,55374.0
Sweden,SWE,2007,56737.0
Sweden,SWE,2008,55777.0
Sweden,SWE,2009,52951.0
Sweden,SWE,2010,55520.0
Sweden,SWE,2011,56846.0
Sweden,SWE,2012,56193.0
Sweden,SWE,2013,56353.0
Sweden,SWE,2014,57078.0
Sweden,SWE,2015,58956.0
Sweden,SWE,2016,59460.0
Sweden,SWE,2017,59769.0
Sweden,SWE,2018,60125.0
Sweden,SWE,2019,61071.0
Sweden,SWE,2020,59458.0
Sweden,SWE,2021,62191.0
Sweden,SWE,2022,62544.0
Switzerland,CHE,2000,68835.0
Switzerland,CHE,2001,69490.0
Switzerland,CHE,2002,69228.0
Switzerland,CHE,2003,68521.0
Switzerland,CHE,2004,69812.0
Switzerland,CHE,2005,71414.0
Switzerland,CHE,2006,73902.0
Switzerland,CHE,2007,76162.0
Switzerland,CHE,2008,77104.0
Switzerland,CHE,2009,74673.0
Switzerland,CHE,2010,76309.0
Switzerland,CHE,2011,76527.0
Switzerland,CHE,2012,76570.0
Switzerland,CHE,2013,77085.0
Switzerland,CHE,2014,78087.0
Switzerland,CHE,2015,78326.0
Switzerland,CHE,2016,78956.0
Switzerland,CHE,2017,79334.0
Switzerland,CHE,2018,81372.0
Switzerland,CHE,2019,81695.0
Switzerland,CHE,2020,79271.0
Switzerland,CHE,2021,83525.0
Switzerland,CHE,2022,85762.0
Syria,SYR,2000,7974.0
Syria,SYR,2001,8076.0
Syria,SYR,2002,8502.0
Syria,SYR,2003,8351.0
Syria,SYR,2004,8710.0
Syria,SYR,2005,9017.0
Syria,SYR,2006,9075.0
Syria,SYR,2007,9017.0
Syria,SYR,2008,9093.0
Syria,SYR,2009,9482.0
Syria,SYR,2010,9750.0
Syria,SYR,2011,9854.0
Syria,SYR,2012,7296.0
Syria,SYR,2013,5649.0
Syria,SYR,2014,5414.0
Syria,SYR,2015,5415.0
Syria,SYR,2016,5129.0
Syria,SYR,2017,5084.0
Syria,SYR,2018,5061.0
Syria,SYR,2019,4928.0
Syria,SYR,2020,4811.0
Syria,SYR,2021,4766.0
Syria,SYR,2022,4579.0
Tajikistan,TJK,2000,1365.0
Tajikistan,TJK,2001,1467.0
Tajikistan,TJK,2002,1595.0
Tajikistan,TJK,2003,1737.0
Tajikistan,TJK,2004,1878.0
Tajikistan,TJK,2005,1965.0
Tajikistan,TJK,2006,2063.0
Tajikistan,TJK,2007,2182.0
Tajikistan,TJK,2008,2308.0
Tajikistan,TJK,2009,2350.0
Tajikistan,TJK,2010,2449.0
Tajikistan,TJK,2011,2572.0
Tajikistan,TJK,2012,2700.0
Tajikistan,TJK,2013,2828.0
Tajikistan,TJK,2014,2943.0
Tajikistan,TJK,2015,3041.0
Tajikistan,TJK,2016,3170.0
Tajikistan,TJK,2017,3313.0
Tajikistan,TJK,2018,3480.0
Tajikistan,TJK,2019,3650.0
Tajikistan,TJK,2020,3725.0
Tajikistan,TJK,2021,3986.0
Tajikistan,TJK,2022,4214.0
Tanzania,TZA,2000,1840.0
Tanzania,TZA,2001,1900.0
Tanzania,TZA,2002,1983.0
Tanzania,TZA,2003,2060.0
Tanzania,TZA,2004,2155.0
Tanzania,TZA,2005,2253.0
Tanzania,TZA,2006,2334.0
Tanzania,TZA,2007,2424.0
Tanzania,TZA,2008,2493.0
Tanzania,TZA,2009,2561.0
Tanzania,TZA,2010,2655.0
Tanzania,TZA,2011,2780.0
Tanzania,TZA,2012,2822.0
Tanzania,TZA,2013,2925.0
Tanzania,TZA,2014,3028.0
Tanzania,TZA,2015,3111.0
Tanzania,TZA,2016,3214.0
Tanzania,TZA,2017,3318.0
Tanzania,TZA,2018,3393.0
Tanzania,TZA,2019,3485.0
Tanzania,TZA,2020,3450.0
Tanzania,TZA,2021,3493.0
Tanzania,TZA,2022,3547.0
Thailand,THA,2000,11624.0
Thailand,THA,2001,11903.0
Thailand,THA,2002,12514.0
Thailand,THA,2003,13289.0
Thailand,THA,2004,13999.0
Thailand,THA,2005,14460.0
Thailand,THA,2006,15053.0
Thailand,THA,2007,15744.0
Thailand,THA,2008,15894.0
Thailand,THA,2009,15668.0
Thailand,THA,2010,16732.0
Thailand,THA,2011,16768.0
Thailand,THA,2012,17872.0
Thailand,THA,2013,18244.0
Thailand,THA,2014,18327.0
Thailand,THA,2015,18814.0
Thailand,THA,2016,19373.0
Thailand,THA,2017,20097.0
Thailand,THA,2018,20882.0
Thailand,THA,2019,21280.0
Thailand,THA,2020,19950.0
Thailand,THA,2021,20237.0
Thailand,THA,2022,20768.0
Togo,TGO,2000,2322.0
Togo,TGO,2001,2284.0
Togo,TGO,2002,2313.0
Togo,TGO,2003,2408.0
Togo,TGO,2004,2327.0
Togo,TGO,2005,2164.0
Togo,TGO,2006,2159.0
Togo,TGO,2007,2067.0
Togo,TGO,2008,2083.0
Togo,TGO,2009,2126.0
Togo,TGO,2010,2182.0
Togo,TGO,2011,2247.0
Togo,TGO,2012,2333.0
Togo,TGO,2013,2416.0
Togo,TGO,2014,2501.0
Togo,TGO,2015,2588.0
Togo,TGO,2016,2649.0
Togo,TGO,2017,2709.0
Togo,TGO,2018,2788.0
Togo,TGO,2019,2863.0
Togo,TGO,2020,2861.0
Togo,TGO,2021,2952.0
Togo,TGO,2022,3086.0
Tonga,TON,2000,5809.0
Tonga,TON,2001,5861.0
Tonga,TON,2002,6086.0
Tonga,TON,2003,6055.0
Tonga,TON,2004,5901.0
Tonga,TON,2005,5829.0
Tonga,TON,2006,5672.0
Tonga,TON,2007,5507.0
Tonga,TON,2008,5759.0
Tonga,TON,2009,5455.0
Tonga,TON,2010,5489.0
Tonga,TON,2011,5848.0
Tonga,TON,2012,5908.0
Tonga,TON,2013,5952.0
Tonga,TON,2014,6098.0
Tonga,TON,2015,6195.0
Tonga,TON,2016,6640.0
Tonga,TON,2017,6864.0
Tonga,TON,2018,6886.0
Tonga,TON,2019,6860.0
Tonga,TON,2020,6981.0
Tonga,TON,2021,6930.0
Tonga,TON,2022,6811.0
Trinidad and Tobago,TTO,2000,19638.0
Trinidad and Tobago,TTO,2001,20367.0
Trinidad and Tobago,TTO,2002,21877.0
Trinidad and Tobago,TTO,2003,24911.0
Trinidad and Tobago,TTO,2004,26758.0
Trinidad and Tobago,TTO,2005,29536.0
Trinidad and Tobago,TTO,2006,33349.0
Trinidad and Tobago,TTO,2007,34794.0
Trinidad and Tobago,TTO,2008,35825.0
Trinidad and Tobago,TTO,2009,34212.0
Trinidad and Tobago,TTO,2010,35145.0
Trinidad and Tobago,TTO,2011,34770.0
Trinidad and Tobago,TTO,2012,36904.0
Trinidad and Tobago,TTO,2013,37994.0
Trinidad and Tobago,TTO,2014,39249.0
Trinidad and Tobago,TTO,2015,38964.0
Trinidad and Tobago,TTO,2016,35915.0
Trinidad and Tobago,TTO,2017,34096.0
Trinidad and Tobago,TTO,2018,33710.0
Trinidad and Tobago,TTO,2019,33749.0
Trinidad and Tobago,TTO,2020,30721.0
Trinidad and Tobago,TTO,2021,30482.0
Trinidad and Tobago,TTO,2022,30784.0
Tunisia,TUN,2000,9134.0
Tunisia,TUN,2001,9381.0
Tunisia,TUN,2002,9408.0
Tunisia,TUN,2003,9752.0
Tunisia,TUN,2004,10264.0
Tunisia,TUN,2005,10529.0
Tunisia,TUN,2006,10984.0
Tunisia,TUN,2007,11614.0
Tunisia,TUN,2008,11990.0
Tunisia,TUN,2009,12230.0
Tunisia,TUN,2010,12458.0
Tunisia,TUN,2011,12069.0
Tunisia,TUN,2012,12436.0
Tunisia,TUN,2013,12588.0
Tunisia,TUN,2014,12824.0
Tunisia,TUN,2015,12803.0
Tunisia,TUN,2016,12804.0
Tunisia,TUN,2017,12955.0
Tunisia,TUN,2018,13163.0
Tunisia,TUN,2019,13244.0
Tunisia,TUN,2020,11956.0
Tunisia,TUN,2021,12444.0
Tunisia,TUN,2022,12712.0
Turkey,TUR,2000,14857.0
Turkey,TUR,2001,13872.0
Turkey,TUR,2002,14588.0
Turkey,TUR,2003,15256.0
Turkey,TUR,2004,16584.0
Turkey,TUR,2005,17903.0
Turkey,TUR,2006,18972.0
Turkey,TUR,2007,19909.0
Turkey,TUR,2008,19840.0
Turkey,TUR,2009,18612.0
Turkey,TUR,2010,19897.0
Turkey,TUR,2011,21760.0
Turkey,TUR,2012,22518.0
Turkey,TUR,2013,24117.0
Turkey,TUR,2014,24889.0
Turkey,TUR,2015,25985.0
Turkey,TUR,2016,26490.0
Turkey,TUR,2017,28195.0
Turkey,TUR,2018,28780.0
Turkey,TUR,2019,28741.0
Turkey,TUR,2020,28977.0
Turkey,TUR,2021,32106.0
Turkey,TUR,2022,33521.0
Turkmenistan,TKM,2000,5064.0
Turkmenistan,TKM,2001,5179.0
Turkmenistan,TKM,2002,5090.0
Turkmenistan,TKM,2003,5155.0
Turkmenistan,TKM,2004,5310.0
Turkmenistan,TKM,2005,5890.0
Turkmenistan,TKM,2006,6416.0
Turkmenistan,TKM,2007,6994.0
Turkmenistan,TKM,2008,7870.0
Turkmenistan,TKM,2009,8187.0
Turkmenistan,TKM,2010,8759.0
Turkmenistan,TKM,2011,9838.0
Turkmenistan,TKM,2012,10689.0
Turkmenistan,TKM,2013,11516.0
Turkmenistan,TKM,2014,12424.0
Turkmenistan,TKM,2015,12927.0
Turkmenistan,TKM,2016,13420.0
Turkmenistan,TKM,2017,13963.0
Turkmenistan,TKM,2018,14499.0
Turkmenistan,TKM,2019,15081.0
Turkmenistan,TKM,2020,15631.0
Turkmenistan,TKM,2021,16260.0
Turkmenistan,TKM,2022,16944.0
Turks and Caicos Islands,TCA,2007,21879.0
Turks and Caicos Islands,TCA,2008,22689.0
Turks and Caicos Islands,TCA,2009,17512.0
Turks and Caicos Islands,TCA,2010,17000.0
Turks and Caicos Islands,TCA,2011,17147.0
Turks and Caicos Islands,TCA,2012,16025.0
Turks and Caicos Islands,TCA,2013,15462.0
Turks and Caicos Islands,TCA,2014,16139.0
Turks and Caicos Islands,TCA,2015,17202.0
Turks and Caicos Islands,TCA,2016,17626.0
Turks and Caicos Islands,TCA,2017,29540.0
Turks and Caicos Islands,TCA,2018,30286.0
Turks and Caicos Islands,TCA,2019,30611.0
Turks and Caicos Islands,TCA,2020,19703.0
Turks and Caicos Islands,TCA,2021,25056.0
Turks and Caicos Islands,TCA,2022,28210.0
Tuvalu,TUV,2000,3893.0
Tuvalu,TUV,2001,3903.0
Tuvalu,TUV,2002,4212.0
Tuvalu,TUV,2003,3998.0
Tuvalu,TUV,2004,3875.0
Tuvalu,TUV,2005,3683.0
Tuvalu,TUV,2006,3688.0
Tuvalu,TUV,2007,3894.0
Tuvalu,TUV,2008,4094.0
Tuvalu,TUV,2009,3812.0
Tuvalu,TUV,2010,3664.0
Tuvalu,TUV,2011,3879.0
Tuvalu,TUV,2012,3716.0
Tuvalu,TUV,2013,3833.0
Tuvalu,TUV,2014,3903.0
Tuvalu,TUV,2015,4278.0
Tuvalu,TUV,2016,4496.0
Tuvalu,TUV,2017,4669.0
Tuvalu,TUV,2018,4785.0
Tuvalu,TUV,2019,5516.0
Tuvalu,TUV,2020,5442.0
Tuvalu,TUV,2021,5552.0
Tuvalu,TUV,2022,5045.0
Uganda,UGA,2000,1487.0
Uganda,UGA,2001,1517.0
Uganda,UGA,2002,1599.0
Uganda,UGA,2003,1649.0
Uganda,UGA,2004,1709.0
Uganda,UGA,2005,1765.0
Uganda,UGA,2006,1899.0
Uganda,UGA,2007,1999.0
Uganda,UGA,2008,2110.0
Uganda,UGA,2009,2188.0
Uganda,UGA,2010,2245.0
Uganda,UGA,2011,2384.0
Uganda,UGA,2012,2405.0
Uganda,UGA,2013,2421.0
Uganda,UGA,2014,2471.0
Uganda,UGA,2015,2520.0
Uganda,UGA,2016,2554.0
Uganda,UGA,2017,2544.0
Uganda,UGA,2018,2614.0
Uganda,UGA,2019,2689.0
Uganda,UGA,2020,2678.0
Uganda,UGA,2021,2685.0
Uganda,UGA,2022,2725.0
Ukraine,UKR,2000,10364.0
Ukraine,UKR,2001,11379.0
Ukraine,UKR,2002,12093.0
Ukraine,UKR,2003,13343.0
Ukraine,UKR,2004,15021.0
Ukraine,UKR,2005,15611.0
Ukraine,UKR,2006,16902.0
Ukraine,UKR,2007,18374.0
Ukraine,UKR,2008,18884.0
Ukraine,UKR,2009,16093.0
Ukraine,UKR,2010,16812.0
Ukraine,UKR,2011,17784.0
Ukraine,UKR,2012,17849.0
Ukraine,UKR,2013,17889.0
Ukraine,UKR,2014,16979.0
Ukraine,UKR,2015,15404.0
Ukraine,UKR,2016,15857.0
Ukraine,UKR,2017,16310.0
Ukraine,UKR,2018,16979.0
Ukraine,UKR,2019,17637.0
Ukraine,UKR,2020,17093.0
Ukraine,UKR,2021,17846.0
Ukraine,UKR,2022,13787.0
United Arab Emirates,ARE,2000,95391.0
United Arab Emirates,ARE,2001,90750.0
United Arab Emirates,ARE,2002,87479.0
United Arab Emirates,ARE,2003,89828.0
United Arab Emirates,ARE,2004,93166.0
United Arab Emirates,ARE,2005,92751.0
United Arab Emirates,ARE,2006,94873.0
United Arab Emirates,ARE,2007,87181.0
United Arab Emirates,ARE,2008,80285.0
United Arab Emirates,ARE,2009,71489.0
United Arab Emirates,ARE,2010,70914.0
United Arab Emirates,ARE,2011,73190.0
United Arab Emirates,ARE,2012,73644.0
United Arab Emirates,ARE,2013,74237.0
United Arab Emirates,ARE,2014,74145.0
United Arab Emirates,ARE,2015,75239.0
United Arab Emirates,ARE,2016,75671.0
United Arab Emirates,ARE,2017,72529.0
United Arab Emirates,ARE,2018,72671.0
United Arab Emirates,ARE,2019,72823.0
United Arab Emirates,ARE,2020,66809.0
United Arab Emirates,ARE,2021,68580.0
United Arab Emirates,ARE,2022,70076.0
United Kingdom,GBR,2000,43818.0
United Kingdom,GBR,2001,44694.0
United Kingdom,GBR,2002,45265.0
United Kingdom,GBR,2003,46505.0
United Kingdom,GBR,2004,47317.0
United Kingdom,GBR,2005,48305.0
United Kingdom,GBR,2006,49001.0
United Kingdom,GBR,2007,50046.0
United Kingdom,GBR,2008,49629.0
United Kingdom,GBR,2009,46996.0
United Kingdom,GBR,2010,47683.0
United Kingdom,GBR,2011,47714.0
United Kingdom,GBR,2012,48100.0
United Kingdom,GBR,2013,48601.0
United Kingdom,GBR,2014,49763.0
United Kingdom,GBR,2015,50463.0
United Kingdom,GBR,2016,51168.0
United Kingdom,GBR,2017,52429.0
United Kingdom,GBR,2018,52983.0
United Kingdom,GBR,2019,53374.0
United Kingdom,GBR,2020,47931.0
United Kingdom,GBR,2021,51840.0
United Kingdom,GBR,2022,53980.0
United States,USA,2000,55046.0
United States,USA,2001,55024.0
United States,USA,2002,55443.0
United States,USA,2003,56505.0
United States,USA,2004,58139.0
United States,USA,2005,59612.0
United States,USA,2006,60684.0
United States,USA,2007,61314.0
United States,USA,2008,60806.0
United States,USA,2009,58722.0
United States,USA,2010,59797.0
United States,USA,2011,60253.0
United States,USA,2012,61142.0
United States,USA,2013,61967.0
United States,USA,2014,63027.0
United States,USA,2015,64368.0
United States,USA,2016,65026.0
United States,USA,2017,66164.0
United States,USA,2018,67728.0
United States,USA,2019,69121.0
United States,USA,2020,67407.0
United States,USA,2021,71441.0
United States,USA,2022,72829.0
United States Virgin Islands,VIR,2002,54299.0
United States Virgin Islands,VIR,2003,54086.0
United States Virgin Islands,VIR,2004,55883.0
United States Virgin Islands,VIR,2005,57838.0
United States Virgin Islands,VIR,2006,59912.0
United States Virgin Islands,VIR,2007,62333.0
United States Virgin Islands,VIR,2008,63058.0
United States Virgin Islands,VIR,2009,58895.0
United States Virgin Islands,VIR,2010,59272.0
United States Virgin Islands,VIR,2011,54443.0
United States Virgin Islands,VIR,2012,46422.0
United States Virgin Islands,VIR,2013,43564.0
United States Virgin Islands,VIR,2014,42854.0
United States Virgin Islands,VIR,2015,42739.0
United States Virgin Islands,VIR,2016,43502.0
United States Virgin Islands,VIR,2017,43277.0
United States Virgin Islands,VIR,2018,44205.0
United States Virgin Islands,VIR,2019,45633.0
United States Virgin Islands,VIR,2020,45056.0
United States Virgin Islands,VIR,2021,46894.0
United States Virgin Islands,VIR,2022,46479.0
Uruguay,URY,2000,18752.0
Uruguay,URY,2001,17987.0
Uruguay,URY,2002,16573.0
Uruguay,URY,2003,16694.0
Uruguay,URY,2004,17519.0
Uruguay,URY,2005,18811.0
Uruguay,URY,2006,19560.0
Uruguay,URY,2007,20804.0
Uruguay,URY,2008,22249.0
Uruguay,URY,2009,23138.0
Uruguay,URY,2010,24880.0
Uruguay,URY,2011,26099.0
Uruguay,URY,2012,26953.0
Uruguay,URY,2013,28119.0
Uruguay,URY,2014,28935.0
Uruguay,URY,2015,28942.0
Uruguay,URY,2016,29333.0
Uruguay,URY,2017,29762.0
Uruguay,URY,2018,29758.0
Uruguay,URY,2019,30011.0
Uruguay,URY,2020,27788.0
Uruguay,URY,2021,29432.0
Uruguay,URY,2022,30840.0
Uzbekistan,UZB,2000,3431.0
Uzbekistan,UZB,2001,3531.0
Uzbekistan,UZB,2002,3626.0
Uzbekistan,UZB,2003,3734.0
Uzbekistan,UZB,2004,3963.0
Uzbekistan,UZB,2005,4186.0
Uzbekistan,UZB,2006,4440.0
Uzbekistan,UZB,2007,4793.0
Uzbekistan,UZB,2008,5146.0
Uzbekistan,UZB,2009,5472.0
Uzbekistan,UZB,2010,5795.0
Uzbekistan,UZB,2011,6171.0
Uzbekistan,UZB,2012,6525.0
Uzbekistan,UZB,2013,6933.0
Uzbekistan,UZB,2014,7344.0
Uzbekistan,UZB,2015,7792.0
Uzbekistan,UZB,2016,8173.0
Uzbekistan,UZB,2017,8413.0
Uzbekistan,UZB,2018,8743.0
Uzbekistan,UZB,2019,9169.0
Uzbekistan,UZB,2020,9145.0
Uzbekistan,UZB,2021,9706.0
Uzbekistan,UZB,2022,10091.0
Vanuatu,VUT,2000,3806.0
Vanuatu,VUT,2001,3585.0
Vanuatu,VUT,2002,3315.0
Vanuatu,VUT,2003,3373.0
Vanuatu,VUT,2004,3423.0
Vanuatu,VUT,2005,3518.0
Vanuatu,VUT,2006,3724.0
Vanuatu,VUT,2007,3739.0
Vanuatu,VUT,2008,3850.0
Vanuatu,VUT,2009,3868.0
Vanuatu,VUT,2010,3826.0
Vanuatu,VUT,2011,3861.0
Vanuatu,VUT,2012,3815.0
Vanuatu,VUT,2013,3749.0
Vanuatu,VUT,2014,3780.0
Vanuatu,VUT,2015,3826.0
Vanuatu,VUT,2016,3877.0
Vanuatu,VUT,2017,3948.0
Vanuatu,VUT,2018,3951.0
Vanuatu,VUT,2019,3987.0
Vanuatu,VUT,2020,3672.0
Vanuatu,VUT,2021,3546.0
Vanuatu,VUT,2022,3659.0
Vietnam,VNM,2000,4349.0
Vietnam,VNM,2001,4570.0
Vietnam,VNM,2002,4810.0
Vietnam,VNM,2003,5090.0
Vietnam,VNM,2004,5421.0
Vietnam,VNM,2005,5776.0
Vietnam,VNM,2006,6098.0
Vietnam,VNM,2007,6419.0
Vietnam,VNM,2008,6659.0
Vietnam,VNM,2009,6914.0
Vietnam,VNM,2010,7275.0
Vietnam,VNM,2011,7653.0
Vietnam,VNM,2012,7980.0
Vietnam,VNM,2013,8324.0
Vietnam,VNM,2014,8752.0
Vietnam,VNM,2015,9248.0
Vietnam,VNM,2016,9743.0
Vietnam,VNM,2017,10291.0
Vietnam,VNM,2018,10937.0
Vietnam,VNM,2019,11629.0
Vietnam,VNM,2020,11851.0
Vietnam,VNM,2021,12049.0
Vietnam,VNM,2022,12980.0
Zambia,ZMB,2000,2221.0
Zambia,ZMB,2001,2269.0
Zambia,ZMB,2002,2299.0
Zambia,ZMB,2003,2384.0
Zambia,ZMB,2004,2472.0
Zambia,ZMB,2005,2564.0
Zambia,ZMB,2006,2673.0
Zambia,ZMB,2007,2796.0
Zambia,ZMB,2008,2908.0
Zambia,ZMB,2009,3066.0
Zambia,ZMB,2010,3267.0
Zambia,ZMB,2011,3336.0
Zambia,ZMB,2012,3475.0
Zambia,ZMB,2013,3535.0
Zambia,ZMB,2014,3586.0
Zambia,ZMB,2015,3577.0
Zambia,ZMB,2016,3598.0
Zambia,ZMB,2017,3613.0
Zambia,ZMB,2018,3647.0
Zambia,ZMB,2019,3592.0
Zambia,ZMB,2020,3392.0
Zambia,ZMB,2021,3503.0
Zambia,ZMB,2022,3585.0
Zimbabwe,ZWE,2000,6170.0
Zimbabwe,ZWE,2001,6217.0
Zimbabwe,ZWE,2002,5610.0
Zimbabwe,ZWE,2003,4602.0
Zimbabwe,ZWE,2004,4288.0
Zimbabwe,ZWE,2005,4005.0
Zimbabwe,ZWE,2006,3819.0
Zimbabwe,ZWE,2007,3632.0
Zimbabwe,ZWE,2008,2954.0
Zimbabwe,ZWE,2009,3299.0
Zimbabwe,ZWE,2010,3885.0
Zimbabwe,ZWE,2011,4359.0
Zimbabwe,ZWE,2012,5004.0
Zimbabwe,ZWE,2013,5032.0
Zimbabwe,ZWE,2014,5081.0
Zimbabwe,ZWE,2015,5103.0
Zimbabwe,ZWE,2016,5070.0
Zimbabwe,ZWE,2017,5234.0
Zimbabwe,ZWE,2018,5415.0
Zimbabwe,ZWE,2019,4994.0
Zimbabwe,ZWE,2020,4528.0
Zimbabwe,ZWE,2021,4827.0
Zimbabwe,ZWE,2022,5037.0
